opportunity_id,title,description,organization,type,domains,source_domains,territories,eligibility,funding,deadline,status,lifecycle_state,experience_type,current_view,change_type,official_url,official_pdf_url,sources,source_id,published_at,updated_at,first_seen_at,last_seen_at,confidence
candidate-b4dad927afaddd36,Resultados,Candidate observed on an official source page; detail verification pending.,FAPESB,opportunity_candidate,[],"[""innovation"", ""research"", ""sustainability""]",[],[],{},,CANDIDATE,SIGNAL,SIGNAL,False,UNCHANGED,https://www.fapesb.ba.gov.br/category/edital/#tab3,,"[""fapesb-editais""]",fapesb-editais,,2026-08-26T04:38:59Z,2026-08-26T00:12:06Z,2026-08-26T04:38:59Z,0.55
candidate-ac0d0e259285f0e1,CHAMADA CDTI ESPANHA (2026-2027) – DIRETRIZES ESPECÍFICAS DA FAPESB -,Candidate observed on an official source page; detail verification pending.,FAPESB,opportunity_candidate,[],"[""innovation"", ""research"", ""sustainability""]",[],[],{},,CANDIDATE,SIGNAL,SIGNAL,False,UNCHANGED,https://www.fapesb.ba.gov.br/chamada-cdti-espanha-2026-2027-diretrizes-especificas-da-fapesb/,,"[""fapesb-editais""]",fapesb-editais,,2026-08-26T04:38:59Z,2026-08-26T00:12:06Z,2026-08-26T04:38:59Z,0.55
candidate-a25322805a24e280,Chamada Fundação de Amparo à Pesquisa da Bahia/SECTI/SEMA/FGB nº 01/2026 -,Candidate observed on an official source page; detail verification pending.,FAPESB,opportunity_candidate,"[""research""]","[""innovation"", ""research"", ""sustainability""]",[],[],{},,CANDIDATE,SIGNAL,SIGNAL,False,UNCHANGED,https://www.fapesb.ba.gov.br/chamada-fundacao-de-amparo-a-pesquisa-da-bahiasectisemafgb-no-012026/,,"[""fapesb-editais""]",fapesb-editais,,2026-08-26T04:38:59Z,2026-08-26T00:12:06Z,2026-08-26T04:38:59Z,0.55
candidate-719783d5a2365ec1,clique aqui.,Candidate observed on an official source page; detail verification pending.,FAPESB,opportunity_candidate,[],"[""innovation"", ""research"", ""sustainability""]",[],[],{},,CANDIDATE,SIGNAL,SIGNAL,False,UNCHANGED,https://www.fapesb.ba.gov.br/edital-no-0202023-ciencia-na-mesa-2-incubadoras-para-cooperativas-e-associacoes-populares-e-empreendimentos-economicos-solidarios-de-base-tecnologica/,,"[""fapesb-editais""]",fapesb-editais,,2026-08-26T04:38:59Z,2026-08-26T00:12:06Z,2026-08-26T04:38:59Z,0.55
candidate-03d6667b1fc0a76a,DIRETRIZES ESPECÍFICAS DA FAPESB – CHAMADA 2026 CONFAP – BRASILLINOIS -,Candidate observed on an official source page; detail verification pending.,FAPESB,opportunity_candidate,[],"[""innovation"", ""research"", ""sustainability""]",[],[],{},,CANDIDATE,SIGNAL,SIGNAL,False,UNCHANGED,https://www.fapesb.ba.gov.br/diretrizes-especificas-da-fapesb-chamada-2026-confap-brasillinois/,,"[""fapesb-editais""]",fapesb-editais,,2026-08-26T04:38:59Z,2026-08-26T00:12:06Z,2026-08-26T04:38:59Z,0.55
candidate-7e844135d11c6422,DIRETRIZES ESPECÍFICAS DA FAPESB – CHAMADA MOBILITY CONFAP ITALY 2026 -,Candidate observed on an official source page; detail verification pending.,FAPESB,opportunity_candidate,[],"[""innovation"", ""research"", ""sustainability""]",[],[],{},,CANDIDATE,SIGNAL,SIGNAL,False,UNCHANGED,https://www.fapesb.ba.gov.br/diretrizes-especificas-da-fapesb-chamada-mobility-confap-italy-2026/,,"[""fapesb-editais""]",fapesb-editais,,2026-08-26T04:38:59Z,2026-08-26T00:12:06Z,2026-08-26T04:38:59Z,0.55
candidate-dd49c46e8eb2444c,"EDITAL FAPESB No 018/2026 – APOIO À PUBLICAÇÃO CIENTÍFICA, TECNOLÓGICA OU DE POPULARIZAÇÃO DAS CIÊNCIAS -",Candidate observed on an official source page; detail verification pending.,FAPESB,opportunity_candidate,"[""innovation"", ""research""]","[""innovation"", ""research"", ""sustainability""]",[],[],{},,CANDIDATE,SIGNAL,SIGNAL,False,UNCHANGED,https://www.fapesb.ba.gov.br/edital-fapesb-no-0182026-apoio-a-publicacao-cientifica-tecnologica-ou-de-popularizacao-das-ciencias/,,"[""fapesb-editais""]",fapesb-editais,,2026-08-26T04:38:59Z,2026-08-26T00:12:06Z,2026-08-26T04:38:59Z,0.55
candidate-f5da940f6fb93fd1,EDITAL FAPESB N° 05/2026 MOVE 2026 – PARTICIPAÇÃO DE PESQUISADORES EM EVENTOS NO EXTERIOR -,Candidate observed on an official source page; detail verification pending.,FAPESB,opportunity_candidate,"[""research""]","[""innovation"", ""research"", ""sustainability""]",[],[],{},,CANDIDATE,SIGNAL,SIGNAL,False,UNCHANGED,https://www.fapesb.ba.gov.br/edital-fapesb-n-052026-move-2026-participacao-de-pesquisadores-em-eventos-no-exterior/,,"[""fapesb-editais""]",fapesb-editais,,2026-08-26T04:38:59Z,2026-08-26T00:12:06Z,2026-08-26T04:38:59Z,0.55
candidate-951c8598df26ae3d,EDITAL FAPESB/SECTI nº 003/2026 – Apoio a Pesquisas e Inovações para a Defesa Nacional e a Segurança Pública -,Candidate observed on an official source page; detail verification pending.,FAPESB,opportunity_candidate,"[""research""]","[""innovation"", ""research"", ""sustainability""]",[],[],{},,CANDIDATE,SIGNAL,SIGNAL,False,UNCHANGED,https://www.fapesb.ba.gov.br/edital-fapesbsecti-no-0032026-apoio-a-pesquisas-e-inovacoes-para-a-defesa-nacional-e-a-seguranca-publica/,,"[""fapesb-editais""]",fapesb-editais,,2026-08-26T04:38:59Z,2026-08-26T00:12:06Z,2026-08-26T04:38:59Z,0.55
candidate-921a190dccaf3a05,EDITAL FAPESB/SECTI – Nº 010/2026 – UNIVERSAL -,Candidate observed on an official source page; detail verification pending.,FAPESB,opportunity_candidate,[],"[""innovation"", ""research"", ""sustainability""]",[],[],{},,CANDIDATE,SIGNAL,SIGNAL,False,UNCHANGED,https://www.fapesb.ba.gov.br/edital-fapesbsecti-no-0102026-universal/,,"[""fapesb-editais""]",fapesb-editais,,2026-08-26T04:38:59Z,2026-08-26T00:12:06Z,2026-08-26T04:38:59Z,0.55
candidate-d36b1aafc6953c85,EDITAL FAPESB/SECTI/CNPq/CAPES – No 11/2026 – PROFIX-CB -,Candidate observed on an official source page; detail verification pending.,FAPESB,opportunity_candidate,[],"[""innovation"", ""research"", ""sustainability""]",[],[],{},,CANDIDATE,SIGNAL,SIGNAL,False,UNCHANGED,https://www.fapesb.ba.gov.br/edital-fapesbsecticnpqcapes-no-112026-profix-cb/,,"[""fapesb-editais""]",fapesb-editais,,2026-08-26T04:38:59Z,2026-08-26T00:12:06Z,2026-08-26T04:38:59Z,0.55
candidate-0d06858638a5099a,EDITAL Nº 019/2026 – CIÊNCIA NA MESA 5: BASE DE DADOS E SISTEMAS DE INFORMAÇÕES PARA TOMADA DE DECISÃO EM SOBERANIA ALIMENTAR E NUTRICIONAL -,Candidate observed on an official source page; detail verification pending.,FAPESB,opportunity_candidate,"[""research""]","[""innovation"", ""research"", ""sustainability""]",[],[],{},,CANDIDATE,SIGNAL,SIGNAL,False,UNCHANGED,https://www.fapesb.ba.gov.br/edital-no-0192026-ciencia-na-mesa-5-base-de-dados-e-sistemas-de-informacoes-para-tomada-de-decisao-em-soberania-alimentar-e-nutricional/,,"[""fapesb-editais""]",fapesb-editais,,2026-08-26T04:38:59Z,2026-08-26T00:12:06Z,2026-08-26T04:38:59Z,0.55
candidate-8904a5dcda593775,Edital 009/2026 – Apoio a Organização de Eventos -,Candidate observed on an official source page; detail verification pending.,FAPESB,opportunity_candidate,[],"[""innovation"", ""research"", ""sustainability""]",[],[],{},,CANDIDATE,SIGNAL,SIGNAL,False,UNCHANGED,https://www.fapesb.ba.gov.br/edital-0092026-apoio-a-organizacao-de-eventos/,,"[""fapesb-editais""]",fapesb-editais,,2026-08-26T04:38:59Z,2026-08-26T00:12:06Z,2026-08-26T04:38:59Z,0.55
candidate-af5c3e86f01b1f22,Formulário Online,Candidate observed on an official source page; detail verification pending.,FAPESB,opportunity_candidate,[],"[""innovation"", ""research"", ""sustainability""]",[],[],{},,CANDIDATE,SIGNAL,SIGNAL,False,UNCHANGED,http://siga.fapesb.ba.gov.br/edital_9_2026/login.wsp,,"[""fapesb-editais""]",fapesb-editais,,2026-08-26T04:38:59Z,2026-08-26T00:12:06Z,2026-08-26T04:38:59Z,0.55
candidate-71a5f56ddca2506e,• Bolsas Projeto,Candidate observed on an official source page; detail verification pending.,FAPESB,opportunity_candidate,[],"[""innovation"", ""research"", ""sustainability""]",[],[],{},,CANDIDATE,SIGNAL,SIGNAL,False,UNCHANGED,https://www.fapesb.ba.gov.br/category/bolsa/,,"[""fapesb-editais""]",fapesb-editais,,2026-08-26T04:38:59Z,2026-08-26T00:12:06Z,2026-08-26T04:38:59Z,0.55
candidate-58e78b66476fb75c,página da Chamada Pública no site do Funbio,Candidate observed on an official source page; detail verification pending.,BNDES,opportunity_candidate,[],"[""biodiversity"", ""sustainability"", ""water""]",[],[],{},,CANDIDATE,SIGNAL,SIGNAL,False,UNCHANGED,https://chamadas.funbio.org.br/floresta-viva-restauracao-bacia-do-rio-xingu,,"[""bndes-floresta-viva""]",bndes-floresta-viva,,2026-08-26T04:38:59Z,2026-08-26T00:12:06Z,2026-08-26T04:38:59Z,0.55
candidate-b250a8418672ea4c,Chamada Pública,Candidate observed on an official source page; detail verification pending.,BNDES,opportunity_candidate,[],"[""biodiversity"", ""sustainability"", ""water""]",[],[],{},,CANDIDATE,SIGNAL,SIGNAL,False,UNCHANGED,https://www.bndes.gov.br/wps/portal/site/home/desenvolvimento-sustentavel/parcerias/floresta-viva/floresta-viva/!ut/p/z1/xVVNl5owFP0rblzGhBAgdEc9VsePY52xVdl4AgRJK4SBiNN_3-hMW4eOOLadUzYkeTeX93LvC9CHS-hnrBIbpoTM2FbPV769dmb97sAjxphO5xay6fBjj1ILkxmGn6EP_TBTuUrgKsgiXq5FViqhduGRoY0SmfI20gGeVXJbiZRnSoJyVyo9YBXXkJwVIS8EK1t6xFqyVUO3nqHjrSx4qVirEhX7NQWH6SGbPBQRXDksciNsE8AJiwBxqA0YdRkIuRHHdmBwzjBc1MqjExvNbm0DWdhBtGtD_zTc_2ASHZ7334-m2KDYedqPzjweet3-BoDffPqLS_L4zektDud1oYIjYOyOegMyRePpjdlD3qA7tkhvZPRd8wnQcIYrnaRzFnBnw0Ul-B5-ymSRasvdnWgYcBySiADCQ0triEPgGowBy7VMMwpwZBICBwgOL6WgbSy-3N_7nvaqzBR_UHD5p2atBdcnwcN3cDHpTja6AqYSILJYwmXTDp36ZiuDx1bzssCkem_BY17worMr9HKiVF6-a6M22u_3nWPWnY2sOkGhV_JSd48s1CH3Uij-WMFLXIksddF1iro4NQfeOOfFITjAjCICzCAwAMFuDGioR5zREMWIRUbo1JX53eD_UpnrrpFr0GeEvYqi3ga1XjUb2uA1V1kzvY3flt56U_oJ-Uv64aWL9P_ZsPFv9rLtnmPyNKXmNyEE-HpL9_M42VbjeKKswNqk65_vnvnjpcPedzYOzGg!/dz/d5/L2dBISEvZ0FBIS9nQSEh/?1dmy&urile=wcm%3apath%3a%2Fbndes_institucional%2Fhome%2Fdesenvolvimento-sustentavel%2Fparcerias%2Bpara%2Bo%2Bdesenvolvimento%2Bsustentavel%2Ffloresta%2Bviva%2Ffloresta-viva-selecao-publica,,"[""bndes-floresta-viva""]",bndes-floresta-viva,,2026-08-26T04:38:59Z,2026-08-26T00:12:06Z,2026-08-26T04:38:59Z,0.55
candidate-e7807e0e73e7ecd3,https://chamadas.funbio.org.br/floresta-viva-paranaiba,Candidate observed on an official source page; detail verification pending.,BNDES,opportunity_candidate,[],"[""biodiversity"", ""sustainability"", ""water""]",[],[],{},,CANDIDATE,SIGNAL,SIGNAL,False,UNCHANGED,https://chamadas.funbio.org.br/floresta-viva-paranaiba,,"[""bndes-floresta-viva""]",bndes-floresta-viva,,2026-08-26T04:38:59Z,2026-08-26T00:12:06Z,2026-08-26T04:38:59Z,0.55
candidate-997bfd66cf62d427,2.2 Carta de Serviços,Candidate observed on an official source page; detail verification pending.,Ministério do Meio Ambiente,opportunity_candidate,[],"[""biodiversity"", ""climate"", ""conservation"", ""financing"", ""sustainability""]",[],[],{},,CANDIDATE,SIGNAL,SIGNAL,False,UNCHANGED,https://www.gov.br/mma/pt-br/acesso-a-informacao/acoes-e-programas/carta-de-servicos,,"[""mma-fnma"", ""mma-fundo-clima""]",mma-fnma,,2026-08-26T04:38:59Z,2026-08-26T00:12:06Z,2026-08-26T04:38:59Z,0.55
candidate-2fedc34ea6081b57,Normativos,Candidate observed on an official source page; detail verification pending.,Ministério do Meio Ambiente,opportunity_candidate,[],"[""biodiversity"", ""climate"", ""conservation"", ""financing"", ""sustainability""]",[],[],{},,CANDIDATE,SIGNAL,SIGNAL,False,UNCHANGED,https://www.gov.br/mma/pt-br/acesso-a-informacao/programa-de-gestao-e-desempenho-pgd/normativos,,"[""mma-fnma"", ""mma-fundo-clima""]",mma-fnma,,2026-08-26T04:38:59Z,2026-08-26T00:12:06Z,2026-08-26T04:38:59Z,0.55
candidate-ae295ef4c94b211b,O que temos para você,Candidate observed on an official source page; detail verification pending.,Ministério do Meio Ambiente,opportunity_candidate,[],"[""biodiversity"", ""climate"", ""conservation"", ""financing"", ""sustainability""]",[],[],{},,CANDIDATE,SIGNAL,SIGNAL,False,UNCHANGED,https://www.gov.br/mma/pt-br/acesso-a-informacao/programa-de-gestao-e-desempenho-pgd/o-que-temos-para-voce,,"[""mma-fnma"", ""mma-fundo-clima""]",mma-fnma,,2026-08-26T04:38:59Z,2026-08-26T00:12:06Z,2026-08-26T04:38:59Z,0.55
candidate-53c733899f898d38,Painel PGD,Candidate observed on an official source page; detail verification pending.,Ministério do Meio Ambiente,opportunity_candidate,[],"[""biodiversity"", ""climate"", ""conservation"", ""financing"", ""sustainability""]",[],[],{},,CANDIDATE,SIGNAL,SIGNAL,False,UNCHANGED,https://www.gov.br/mma/pt-br/acesso-a-informacao/programa-de-gestao-e-desempenho-pgd/painel-pgd,,"[""mma-fnma"", ""mma-fundo-clima""]",mma-fnma,,2026-08-26T04:38:59Z,2026-08-26T00:12:06Z,2026-08-26T04:38:59Z,0.55
candidate-bd4611b9131e22dc,Perguntas Frequentes,Candidate observed on an official source page; detail verification pending.,Ministério do Meio Ambiente,opportunity_candidate,[],"[""biodiversity"", ""climate"", ""conservation"", ""financing"", ""sustainability""]",[],[],{},,CANDIDATE,SIGNAL,SIGNAL,False,UNCHANGED,https://www.gov.br/mma/pt-br/acesso-a-informacao/programa-de-gestao-e-desempenho-pgd/perguntas-frequentes,,"[""mma-fnma"", ""mma-fundo-clima""]",mma-fnma,,2026-08-26T04:38:59Z,2026-08-26T00:12:06Z,2026-08-26T04:38:59Z,0.55
candidate-21eaec0730cd0ddb,Programa de Gestão e Desempenho (PGD),Candidate observed on an official source page; detail verification pending.,Ministério do Meio Ambiente,opportunity_candidate,[],"[""biodiversity"", ""climate"", ""conservation"", ""financing"", ""sustainability""]",[],[],{},,CANDIDATE,SIGNAL,SIGNAL,False,UNCHANGED,https://www.gov.br/mma/pt-br/acesso-a-informacao/programa-de-gestao-e-desempenho-pgd,,"[""mma-fnma"", ""mma-fundo-clima""]",mma-fnma,,2026-08-26T04:38:59Z,2026-08-26T00:12:06Z,2026-08-26T04:38:59Z,0.55
candidate-3b51adf8ef4a06b7,Comitê Gestor do Fundo Nacional sobre Mudança do Clima,Candidate observed on an official source page; detail verification pending.,Ministério do Meio Ambiente,opportunity_candidate,"[""climate""]","[""biodiversity"", ""climate"", ""conservation"", ""financing"", ""sustainability""]",[],[],{},,CANDIDATE,SIGNAL,SIGNAL,False,UNCHANGED,https://www.gov.br/mma/pt-br/acesso-a-informacao/apoio-a-projetos/fundo-nacional-sobre-mudanca-do-clima,,"[""mma-fnma"", ""mma-fundo-clima""]",mma-fnma,,2026-08-26T04:38:59Z,2026-08-26T00:12:06Z,2026-08-26T04:38:59Z,0.55
candidate-e26fc3ae27d548e3,Conselho Nacional dos Povos e Comunidades Tradicionais - CNPCT,Candidate observed on an official source page; detail verification pending.,Ministério do Meio Ambiente,opportunity_candidate,"[""territory""]","[""biodiversity"", ""climate"", ""conservation"", ""financing"", ""sustainability""]",[],[],{},,CANDIDATE,SIGNAL,SIGNAL,False,UNCHANGED,https://www.gov.br/mma/pt-br/composicao/snpct/dpct/edital-de-eleicoes-do-conselho-nacional-de-povos-e-comunidades-tradicionais,,"[""mma-fnma"", ""mma-fundo-clima""]",mma-fnma,,2026-08-26T04:38:59Z,2026-08-26T00:12:06Z,2026-08-26T04:38:59Z,0.55
candidate-a32e55088e512269,Edital FNMA 1/2026 – Iniciativa ArborizaCidades,Candidate observed on an official source page; detail verification pending.,Ministério do Meio Ambiente,opportunity_candidate,[],"[""biodiversity"", ""conservation"", ""sustainability""]",[],[],{},,CANDIDATE,SIGNAL,SIGNAL,False,UNCHANGED,https://www.gov.br/mma/pt-br/composicao/secex/dfre/fundo-nacional-do-meio-ambiente/editais-e-termos-de-referencia-1/edital-fnma-1-de-2026-iniciativa-arborizacidades.pdf,,"[""mma-fnma""]",mma-fnma,,2026-08-26T04:38:59Z,2026-08-26T00:12:06Z,2026-08-26T04:38:59Z,0.55
candidate-c1760466445b37aa,Fundo Nacional do Meio Ambiente,Candidate observed on an official source page; detail verification pending.,Ministério do Meio Ambiente,opportunity_candidate,"[""sustainability""]","[""biodiversity"", ""climate"", ""conservation"", ""financing"", ""sustainability""]",[],[],{},,CANDIDATE,SIGNAL,SIGNAL,False,UNCHANGED,https://www.gov.br/mma/pt-br/acesso-a-informacao/apoio-a-projetos/fundo-nacional-do-meio-ambiente/conselho-deliberativo,,"[""mma-fnma"", ""mma-fundo-clima""]",mma-fnma,,2026-08-26T04:38:59Z,2026-08-26T00:12:06Z,2026-08-26T04:38:59Z,0.55
candidate-262e840e264f7f70,Oportunidades de Estágio,Candidate observed on an official source page; detail verification pending.,Ministério do Meio Ambiente,opportunity_candidate,[],"[""biodiversity"", ""climate"", ""conservation"", ""financing"", ""sustainability""]",[],[],{},,CANDIDATE,SIGNAL,SIGNAL,False,UNCHANGED,https://www.gov.br/mma/pt-br/acesso-a-informacao/oportunidades-de-estagio,,"[""mma-fnma"", ""mma-fundo-clima""]",mma-fnma,,2026-08-26T04:38:59Z,2026-08-26T00:12:06Z,2026-08-26T04:38:59Z,0.55
candidate-395d81bc02345e69,Oportunidades de estágio 2026,Candidate observed on an official source page; detail verification pending.,Ministério do Meio Ambiente,opportunity_candidate,[],"[""biodiversity"", ""climate"", ""conservation"", ""financing"", ""sustainability""]",[],[],{},,CANDIDATE,SIGNAL,SIGNAL,False,UNCHANGED,https://www.gov.br/mma/pt-br/acesso-a-informacao/oportunidades-de-estagio/oportunidade-de-estagio-2026,,"[""mma-fnma"", ""mma-fundo-clima""]",mma-fnma,,2026-08-26T04:38:59Z,2026-08-26T00:12:06Z,2026-08-26T04:38:59Z,0.55
candidate-dadea4c898328953,Retificação,Candidate observed on an official source page; detail verification pending.,Ministério do Meio Ambiente,opportunity_candidate,[],"[""biodiversity"", ""conservation"", ""sustainability""]",[],[],{},,CANDIDATE,SIGNAL,SIGNAL,False,UNCHANGED,https://www.gov.br/mma/pt-br/composicao/secex/dfre/fundo-nacional-do-meio-ambiente/editais-e-termos-de-referencia-1/RetificaodoEditaln01de2026IniciativaArborizaCidades.pdf,,"[""mma-fnma""]",mma-fnma,,2026-08-26T04:38:59Z,2026-08-26T00:12:06Z,2026-08-26T04:38:59Z,0.55
candidate-4da80baf71310e3b,Serviços para Imigrantes,Candidate observed on an official source page; detail verification pending.,CNPq,opportunity_candidate,"[""financing""]","[""biodiversity"", ""climate"", ""conservation"", ""financing"", ""innovation"", ""research"", ""sustainability""]",[],[],{},,CANDIDATE,SIGNAL,SIGNAL,False,UNCHANGED,https://www.gov.br/pt-br/temas/servicos-para-imigrantes,,"[""cnpq-chamadas"", ""mma-fnma"", ""mma-fundo-clima""]",mma-fnma,,2026-08-26T04:38:59Z,2026-08-26T00:12:06Z,2026-08-26T04:38:59Z,0.55
candidate-2d2619f885d1c121,Edital 2015,Candidate observed on an official source page; detail verification pending.,Ministério do Meio Ambiente,opportunity_candidate,[],"[""climate"", ""financing"", ""sustainability""]",[],[],{},,CANDIDATE,SIGNAL,SIGNAL,False,UNCHANGED,https://www.gov.br/mma/pt-br/composicao/secex/dfre/fundo-nacional-sobre-mudanca-do-clima/chamadas-editais-1/edital-2015,,"[""mma-fundo-clima""]",mma-fundo-clima,,2026-08-26T04:38:59Z,2026-08-26T00:12:06Z,2026-08-26T04:38:59Z,0.55
candidate-2251215bc55ba438,Edital 2018,Candidate observed on an official source page; detail verification pending.,Ministério do Meio Ambiente,opportunity_candidate,[],"[""climate"", ""financing"", ""sustainability""]",[],[],{},,CANDIDATE,SIGNAL,SIGNAL,False,UNCHANGED,https://www.gov.br/mma/pt-br/composicao/secex/dfre/fundo-nacional-sobre-mudanca-do-clima/chamadas-editais-1/edital-2018,,"[""mma-fundo-clima""]",mma-fundo-clima,,2026-08-26T04:38:59Z,2026-08-26T00:12:06Z,2026-08-26T04:38:59Z,0.55
candidate-22ea6a43eb0f785c,Edital 2022,Candidate observed on an official source page; detail verification pending.,Ministério do Meio Ambiente,opportunity_candidate,[],"[""climate"", ""financing"", ""sustainability""]",[],[],{},,CANDIDATE,SIGNAL,SIGNAL,False,UNCHANGED,https://www.gov.br/mma/pt-br/composicao/secex/dfre/fundo-nacional-sobre-mudanca-do-clima/chamadas-editais-1/edital-2022,,"[""mma-fundo-clima""]",mma-fundo-clima,,2026-08-26T04:38:59Z,2026-08-26T00:12:06Z,2026-08-26T04:38:59Z,0.55
candidate-7f5e420424a84536,Edital 2023,Candidate observed on an official source page; detail verification pending.,Ministério do Meio Ambiente,opportunity_candidate,[],"[""climate"", ""financing"", ""sustainability""]",[],[],{},,CANDIDATE,SIGNAL,SIGNAL,False,UNCHANGED,https://www.gov.br/mma/pt-br/composicao/secex/dfre/fundo-nacional-sobre-mudanca-do-clima/chamadas-editais-1/edital-2023,,"[""mma-fundo-clima""]",mma-fundo-clima,,2026-08-26T04:38:59Z,2026-08-26T00:12:06Z,2026-08-26T04:38:59Z,0.55
candidate-cc9bd1ac763cb01f,Edital 2025,Candidate observed on an official source page; detail verification pending.,Ministério do Meio Ambiente,opportunity_candidate,[],"[""climate"", ""financing"", ""sustainability""]",[],[],{},,CANDIDATE,SIGNAL,SIGNAL,False,UNCHANGED,https://www.gov.br/mma/pt-br/composicao/secex/dfre/fundo-nacional-sobre-mudanca-do-clima/chamadas-editais-1/edital-2024,,"[""mma-fundo-clima""]",mma-fundo-clima,,2026-08-26T04:38:59Z,2026-08-26T00:12:06Z,2026-08-26T04:38:59Z,0.55
candidate-546aa4003fe3eb20,Ir para o menu de Navegação 3,Candidate observed on an official source page; detail verification pending.,Ministério do Meio Ambiente,opportunity_candidate,[],"[""climate"", ""financing"", ""sustainability""]",[],[],{},,CANDIDATE,SIGNAL,SIGNAL,False,UNCHANGED,https://www.gov.br/mma/pt-br/composicao/secex/dfre/fundo-nacional-sobre-mudanca-do-clima/chamadas-editais-1#main-navigation,,"[""mma-fundo-clima""]",mma-fundo-clima,,2026-08-26T04:38:59Z,2026-08-26T00:12:06Z,2026-08-26T04:38:59Z,0.55
candidate-d9a14b0e6fb7f40d,Chamadas e editais 2014,Candidate observed on an official source page; detail verification pending.,Ministério do Meio Ambiente,opportunity_candidate,[],"[""climate"", ""financing"", ""sustainability""]",[],[],{},,CANDIDATE,SIGNAL,SIGNAL,False,UNCHANGED,https://www.gov.br/mma/pt-br/composicao/secex/dfre/fundo-nacional-sobre-mudanca-do-clima/chamadas-editais-1/chamadas-e-editais-2014,,"[""mma-fundo-clima""]",mma-fundo-clima,,2026-08-26T04:38:59Z,2026-08-26T00:12:06Z,2026-08-26T04:38:59Z,0.55
candidate-36501a2d802296aa,Carta de Serviços,Candidate observed on an official source page; detail verification pending.,CNPq,opportunity_candidate,[],"[""innovation"", ""research"", ""sustainability""]",[],[],{},,CANDIDATE,SIGNAL,SIGNAL,False,UNCHANGED,https://www.gov.br/cnpq/pt-br/acesso-a-informacao/acoes-e-programas/carta-de-servicos-06-25.pdf,,"[""cnpq-chamadas""]",cnpq-chamadas,,2026-08-26T04:38:59Z,2026-08-26T00:12:06Z,2026-08-26T04:38:59Z,0.55
candidate-c685382478fae984,Compartilhe por LinkedIn,Candidate observed on an official source page; detail verification pending.,CNPq,opportunity_candidate,[],"[""innovation"", ""research"", ""sustainability""]",[],[],{},,CANDIDATE,SIGNAL,SIGNAL,False,UNCHANGED,https://www.linkedin.com/shareArticle?mini=true&url=https://www.gov.br/cnpq/pt-br/assuntos/defeso-eleitoral/copy_of_veja-as-chamadas-com-inscricoes-abertas-no-cnpq&title=Veja%20as%20chamadas%20p%C3%BAblicas%20do%20CNPq%20com%20prazo%20aberto%20%C3%A0%20submiss%C3%A3o%20de%20propostas,,"[""cnpq-chamadas""]",cnpq-chamadas,,2026-08-26T04:38:59Z,2026-08-26T00:12:06Z,2026-08-26T04:38:59Z,0.55
candidate-7a86b20ed3444b82,Compartilhe por Twitter,Candidate observed on an official source page; detail verification pending.,CNPq,opportunity_candidate,[],"[""innovation"", ""research"", ""sustainability""]",[],[],{},,CANDIDATE,SIGNAL,SIGNAL,False,UNCHANGED,https://twitter.com/share?text=Veja%20as%20chamadas%20p%C3%BAblicas%20do%20CNPq%20com%20prazo%20aberto%20%C3%A0%20submiss%C3%A3o%20de%20propostas&url=https://www.gov.br/cnpq/resolveuid/c22d2c691d024c60bd605255a204f050,,"[""cnpq-chamadas""]",cnpq-chamadas,,2026-08-26T04:38:59Z,2026-08-26T00:12:06Z,2026-08-26T04:38:59Z,0.55
candidate-6f27a212962e9197,Governança,Candidate observed on an official source page; detail verification pending.,CNPq,opportunity_candidate,[],"[""innovation"", ""research"", ""sustainability""]",[],[],{},,CANDIDATE,SIGNAL,SIGNAL,False,UNCHANGED,https://www.gov.br/cnpq/pt-br/acesso-a-informacao/acoes-e-programas/governanca,,"[""cnpq-chamadas""]",cnpq-chamadas,,2026-08-26T04:38:59Z,2026-08-26T00:12:06Z,2026-08-26T04:38:59Z,0.55
candidate-e25f127678a2663c,Parcerias,Candidate observed on an official source page; detail verification pending.,CNPq,opportunity_candidate,[],"[""innovation"", ""research"", ""sustainability""]",[],[],{},,CANDIDATE,SIGNAL,SIGNAL,False,UNCHANGED,https://www.gov.br/cnpq/pt-br/acesso-a-informacao/acoes-e-programas/parcerias,,"[""cnpq-chamadas""]",cnpq-chamadas,,2026-08-26T04:38:59Z,2026-08-26T00:12:06Z,2026-08-26T04:38:59Z,0.55
candidate-688dabcd5a03cd26,Pioneiras da Ciência,Candidate observed on an official source page; detail verification pending.,CNPq,opportunity_candidate,"[""research""]","[""innovation"", ""research"", ""sustainability""]",[],[],{},,CANDIDATE,SIGNAL,SIGNAL,False,UNCHANGED,https://www.gov.br/cnpq/pt-br/acesso-a-informacao/acoes-e-programas/programas/mulher-e-ciencia/pioneiras-da-ciencia-1,,"[""cnpq-chamadas""]",cnpq-chamadas,,2026-08-26T04:38:59Z,2026-08-26T00:12:06Z,2026-08-26T04:38:59Z,0.55
candidate-877a06fd0b6882c6,Plataforma Lattes,Candidate observed on an official source page; detail verification pending.,CNPq,opportunity_candidate,[],"[""innovation"", ""research"", ""sustainability""]",[],[],{},,CANDIDATE,SIGNAL,SIGNAL,False,UNCHANGED,https://www.gov.br/cnpq/pt-br/acesso-a-informacao/acoes-e-programas/plataforma-lattes,,"[""cnpq-chamadas""]",cnpq-chamadas,,2026-08-26T04:38:59Z,2026-08-26T00:12:06Z,2026-08-26T04:38:59Z,0.55
candidate-b55cceaad2b5aedd,Programas,Candidate observed on an official source page; detail verification pending.,CNPq,opportunity_candidate,[],"[""innovation"", ""research"", ""sustainability""]",[],[],{},,CANDIDATE,SIGNAL,SIGNAL,False,UNCHANGED,https://www.gov.br/cnpq/pt-br/acesso-a-informacao/acoes-e-programas/programas,,"[""cnpq-chamadas""]",cnpq-chamadas,,2026-08-26T04:38:59Z,2026-08-26T00:12:06Z,2026-08-26T04:38:59Z,0.55
candidate-f4f0427b406169e7,Programas de Editorial,Candidate observed on an official source page; detail verification pending.,CNPq,opportunity_candidate,[],"[""innovation"", ""research"", ""sustainability""]",[],[],{},,CANDIDATE,SIGNAL,SIGNAL,False,UNCHANGED,https://www.gov.br/cnpq/pt-br/assuntos/popularizacao-da-ciencia/programa-editorial,,"[""cnpq-chamadas""]",cnpq-chamadas,,2026-08-26T04:38:59Z,2026-08-26T00:12:06Z,2026-08-26T04:38:59Z,0.55
candidate-ca2d84adeda026f2,Programas financiados pelo Fundo de Amparo ao Trabalhador,Candidate observed on an official source page; detail verification pending.,CNPq,opportunity_candidate,[],"[""innovation"", ""research"", ""sustainability""]",[],[],{},,CANDIDATE,SIGNAL,SIGNAL,False,UNCHANGED,https://www.gov.br/cnpq/pt-br/acesso-a-informacao/acoes-e-programas/programas-financiados-pelo-fundo-de-amparo-ao-trabalhador,,"[""cnpq-chamadas""]",cnpq-chamadas,,2026-08-26T04:38:59Z,2026-08-26T00:12:06Z,2026-08-26T04:38:59Z,0.55
candidate-16c8b1a786ff1818,Serviços,Candidate observed on an official source page; detail verification pending.,CNPq,opportunity_candidate,[],"[""innovation"", ""research"", ""sustainability""]",[],[],{},,CANDIDATE,SIGNAL,SIGNAL,False,UNCHANGED,https://www.gov.br/cnpq/pt-br/acesso-a-informacao/acoes-e-programas/servicos,,"[""cnpq-chamadas""]",cnpq-chamadas,,2026-08-26T04:38:59Z,2026-08-26T00:12:06Z,2026-08-26T04:38:59Z,0.55
candidate-8bae71ec4ec785d3,7ª Chamada pública MCTI/CNPq/BRICS-STI Nº 14/2026,Candidate observed on an official source page; detail verification pending.,CNPq,opportunity_candidate,[],"[""innovation"", ""research"", ""sustainability""]",[],[],{},,CANDIDATE,SIGNAL,SIGNAL,False,UNCHANGED,https://www.gov.br/cnpq/pt-br/chamadas/todas-as-chamadas/chamadas-2026/chamada-no-14-2026/chamada-publica-cnpq-N-14-2026,,"[""cnpq-chamadas""]",cnpq-chamadas,,2026-08-26T04:38:59Z,2026-08-26T00:12:06Z,2026-08-26T04:38:59Z,0.55
candidate-7e376d5554304bee,Ir para o menu de Navegação 3,Candidate observed on an official source page; detail verification pending.,CNPq,opportunity_candidate,[],"[""innovation"", ""research"", ""sustainability""]",[],[],{},,CANDIDATE,SIGNAL,SIGNAL,False,UNCHANGED,https://www.gov.br/cnpq/pt-br/assuntos/defeso-eleitoral/copy_of_veja-as-chamadas-com-inscricoes-abertas-no-cnpq#main-navigation,,"[""cnpq-chamadas""]",cnpq-chamadas,,2026-08-26T04:38:59Z,2026-08-26T00:12:06Z,2026-08-26T04:38:59Z,0.55
candidate-df98882d727b1d51,Chamada CNPq/FNDCT nº 06/2026 – UNIVERSAL,Candidate observed on an official source page; detail verification pending.,CNPq,opportunity_candidate,[],"[""innovation"", ""research"", ""sustainability""]",[],[],{},,CANDIDATE,SIGNAL,SIGNAL,False,UNCHANGED,https://www.gov.br/cnpq/pt-br/chamadas/todas-as-chamadas/chamadas-2026/chamada-no-06-2026/chamada-publica-cnpq-N-06-2026,,"[""cnpq-chamadas""]",cnpq-chamadas,,2026-08-26T04:38:59Z,2026-08-26T00:12:06Z,2026-08-26T04:38:59Z,0.55
candidate-dc09ae642fda3e7c,Chamada CNPq/MinC nº 17/2026 - Apoio ao funcionamento de incubadoras voltadas à Economia Criativa,Candidate observed on an official source page; detail verification pending.,CNPq,opportunity_candidate,"[""economy""]","[""innovation"", ""research"", ""sustainability""]",[],[],{},,CANDIDATE,SIGNAL,SIGNAL,False,UNCHANGED,https://www.gov.br/cnpq/pt-br/chamadas/todas-as-chamadas/chamadas-2026/chamada-no-17-2026/chamada-publica-cnpq-N-17-2026,,"[""cnpq-chamadas""]",cnpq-chamadas,,2026-08-26T04:38:59Z,2026-08-26T00:12:06Z,2026-08-26T04:38:59Z,0.55
candidate-4c312115199511ce,Chamadas Abertas,Candidate observed on an official source page; detail verification pending.,CNPq,opportunity_candidate,[],"[""innovation"", ""research"", ""sustainability""]",[],[],{},,CANDIDATE,SIGNAL,SIGNAL,False,UNCHANGED,https://www.gov.br/cnpq/pt-br/chamadas/abertas-para-submissao,,"[""cnpq-chamadas""]",cnpq-chamadas,,2026-08-26T04:38:59Z,2026-08-26T00:12:06Z,2026-08-26T04:38:59Z,0.55
candidate-3f48513882e5b9a3,Chamadas em Análise,Candidate observed on an official source page; detail verification pending.,CNPq,opportunity_candidate,[],"[""innovation"", ""research"", ""sustainability""]",[],[],{},,CANDIDATE,SIGNAL,SIGNAL,False,UNCHANGED,https://www.gov.br/cnpq/pt-br/chamadas/analise-em-andamento,,"[""cnpq-chamadas""]",cnpq-chamadas,,2026-08-26T04:38:59Z,2026-08-26T00:12:06Z,2026-08-26T04:38:59Z,0.55
candidate-f69c924e3c7c6730,Compartilhe por Facebook,Candidate observed on an official source page; detail verification pending.,CNPq,opportunity_candidate,[],"[""innovation"", ""research"", ""sustainability""]",[],[],{},,CANDIDATE,SIGNAL,SIGNAL,False,UNCHANGED,http://www.facebook.com/sharer.php?u=https://www.gov.br/cnpq/pt-br/assuntos/defeso-eleitoral/copy_of_veja-as-chamadas-com-inscricoes-abertas-no-cnpq,,"[""cnpq-chamadas""]",cnpq-chamadas,,2026-08-26T04:38:59Z,2026-08-26T00:12:06Z,2026-08-26T04:38:59Z,0.55
candidate-9065d65ba70a7a2a,Compartilhe por WhatsApp,Candidate observed on an official source page; detail verification pending.,CNPq,opportunity_candidate,[],"[""innovation"", ""research"", ""sustainability""]",[],[],{},,CANDIDATE,SIGNAL,SIGNAL,False,UNCHANGED,https://api.whatsapp.com/send?text=https://www.gov.br/cnpq/pt-br/assuntos/defeso-eleitoral/copy_of_veja-as-chamadas-com-inscricoes-abertas-no-cnpq,,"[""cnpq-chamadas""]",cnpq-chamadas,,2026-08-26T04:38:59Z,2026-08-26T00:12:06Z,2026-08-26T04:38:59Z,0.55
candidate-8a7c6f8556c864f3,"Mapa de Fomento em Ciência, Tecnologia e Inovação - Bolsas e Projetos Vigentes",Candidate observed on an official source page; detail verification pending.,CNPq,opportunity_candidate,"[""innovation"", ""research"", ""technology""]","[""innovation"", ""research"", ""sustainability""]",[],[],{},,CANDIDATE,SIGNAL,SIGNAL,False,UNCHANGED,https://www.gov.br/cnpq/pt-br/acesso-a-informacao/bolsas-e-auxilios/mapa-de-fomento-em-ciencia-tecnologia-e-inovacao,,"[""cnpq-chamadas""]",cnpq-chamadas,,2026-08-26T04:38:59Z,2026-08-26T00:12:06Z,2026-08-26T04:38:59Z,0.55
candidate-31d32e5ac90fc7f1,Resultados,Candidate observed on an official source page; detail verification pending.,CNPq,opportunity_candidate,[],"[""innovation"", ""research"", ""sustainability""]",[],[],{},,CANDIDATE,SIGNAL,SIGNAL,False,UNCHANGED,https://www.gov.br/cnpq/pt-br/chamadas/resultados-publicados,,"[""cnpq-chamadas""]",cnpq-chamadas,,2026-08-26T04:38:59Z,2026-08-26T00:12:06Z,2026-08-26T04:38:59Z,0.55
candidate-6ecd945e76b129ca,"Programas, Projetos, Ações, Obras e Atividades",Candidate observed on an official source page; detail verification pending.,CAPES,opportunity_candidate,[],"[""education"", ""innovation"", ""research""]",[],[],{},,CANDIDATE,SIGNAL,SIGNAL,False,UNCHANGED,https://www.gov.br/capes/pt-br/acesso-a-informacao/programas-projetos-acoes-obras-e-atividades,,"[""capes-editais""]",capes-editais,,2026-08-26T04:38:59Z,2026-08-26T00:12:06Z,2026-08-26T04:38:59Z,0.55
candidate-f9a739dd14ad3e4b,Política de Novação para Bolsistas e Ex-bolsistas no Exterior,Candidate observed on an official source page; detail verification pending.,CAPES,opportunity_candidate,[],"[""education"", ""innovation"", ""research""]",[],[],{},,CANDIDATE,SIGNAL,SIGNAL,False,UNCHANGED,https://www.gov.br/capes/pt-br/acesso-a-informacao/acoes-e-programas/bolsas/bolsas-e-auxilios-internacionais/encontre-aqui/paises/multinacional/politica-de-novacao-para-bolsistas-e-ex-bolsistas-no-exterior,,"[""capes-editais""]",capes-editais,,2026-08-26T04:38:59Z,2026-08-26T00:12:06Z,2026-08-26T04:38:59Z,0.55
candidate-7c03a6ebac87d0e5,Programa AURORA - Continuidade da Trajetória de Mães Cientistas,Candidate observed on an official source page; detail verification pending.,CAPES,opportunity_candidate,[],"[""education"", ""innovation"", ""research""]",[],[],{},,CANDIDATE,SIGNAL,SIGNAL,False,UNCHANGED,https://www.gov.br/capes/pt-br/acesso-a-informacao/acoes-e-programas/bolsas/programas-estrategicos/programa-aurora,,"[""capes-editais""]",capes-editais,,2026-08-26T04:38:59Z,2026-08-26T00:12:06Z,2026-08-26T04:38:59Z,0.55
candidate-cba2a67a12ca8b23,Programa Bolsas para Pesquisa CAPES/Humboldt,Candidate observed on an official source page; detail verification pending.,CAPES,opportunity_candidate,"[""research""]","[""education"", ""innovation"", ""research""]",[],[],{},,CANDIDATE,SIGNAL,SIGNAL,False,UNCHANGED,https://www.gov.br/capes/pt-br/acesso-a-informacao/acoes-e-programas/bolsas/bolsas-e-auxilios-internacionais/encontre-aqui/paises/alemanha/programa-bolsas-para-pesquisa-capeshumboldt,,"[""capes-editais""]",capes-editais,,2026-08-26T04:38:59Z,2026-08-26T00:12:06Z,2026-08-26T04:38:59Z,0.55
candidate-097e197933625884,Programa CAPES/AUGM,Candidate observed on an official source page; detail verification pending.,CAPES,opportunity_candidate,[],"[""education"", ""innovation"", ""research""]",[],[],{},,CANDIDATE,SIGNAL,SIGNAL,False,UNCHANGED,https://www.gov.br/capes/pt-br/acesso-a-informacao/acoes-e-programas/bolsas/bolsas-e-auxilios-internacionais/encontre-aqui/paises/multinacional/programa-capes-augm,,"[""capes-editais""]",capes-editais,,2026-08-26T04:38:59Z,2026-08-26T00:12:06Z,2026-08-26T04:38:59Z,0.55
candidate-29b381538e0433a3,Programa CAPES/Brafitec,Candidate observed on an official source page; detail verification pending.,CAPES,opportunity_candidate,[],"[""education"", ""innovation"", ""research""]",[],[],{},,CANDIDATE,SIGNAL,SIGNAL,False,UNCHANGED,https://www.gov.br/capes/pt-br/acesso-a-informacao/acoes-e-programas/bolsas/bolsas-e-auxilios-internacionais/encontre-aqui/paises/franca/programa-capes-brafitec,,"[""capes-editais""]",capes-editais,,2026-08-26T04:38:59Z,2026-08-26T00:12:06Z,2026-08-26T04:38:59Z,0.55
candidate-ef65b6d40447a986,Programa CAPES/CLIMAT-AMSUD,Candidate observed on an official source page; detail verification pending.,CAPES,opportunity_candidate,"[""climate""]","[""education"", ""innovation"", ""research""]",[],[],{},,CANDIDATE,SIGNAL,SIGNAL,False,UNCHANGED,https://www.gov.br/capes/pt-br/acesso-a-informacao/acoes-e-programas/bolsas/bolsas-e-auxilios-internacionais/encontre-aqui/paises/multinacional/programa-climat-amsud,,"[""capes-editais""]",capes-editais,,2026-08-26T04:38:59Z,2026-08-26T00:12:06Z,2026-08-26T04:38:59Z,0.55
candidate-7aad2c1d5f8d4406,Programa CAPES/Cofecub,Candidate observed on an official source page; detail verification pending.,CAPES,opportunity_candidate,[],"[""education"", ""innovation"", ""research""]",[],[],{},,CANDIDATE,SIGNAL,SIGNAL,False,UNCHANGED,https://www.gov.br/capes/pt-br/acesso-a-informacao/acoes-e-programas/bolsas/bolsas-e-auxilios-internacionais/encontre-aqui/paises/franca/cofecub,,"[""capes-editais""]",capes-editais,,2026-08-26T04:38:59Z,2026-08-26T00:12:06Z,2026-08-26T04:38:59Z,0.55
candidate-b0f23c0fdfe902e6,Programa CAPES/MATH-AMSUD,Candidate observed on an official source page; detail verification pending.,CAPES,opportunity_candidate,[],"[""education"", ""innovation"", ""research""]",[],[],{},,CANDIDATE,SIGNAL,SIGNAL,False,UNCHANGED,https://www.gov.br/capes/pt-br/acesso-a-informacao/acoes-e-programas/bolsas/bolsas-e-auxilios-internacionais/encontre-aqui/paises/multinacional/programa-math-amsud,,"[""capes-editais""]",capes-editais,,2026-08-26T04:38:59Z,2026-08-26T00:12:06Z,2026-08-26T04:38:59Z,0.55
candidate-6da7c5d3d4b4e1e5,Programa CAPES/MES-CUBA - Docentes,Candidate observed on an official source page; detail verification pending.,CAPES,opportunity_candidate,[],"[""education"", ""innovation"", ""research""]",[],[],{},,CANDIDATE,SIGNAL,SIGNAL,False,UNCHANGED,https://www.gov.br/capes/pt-br/acesso-a-informacao/acoes-e-programas/bolsas/bolsas-e-auxilios-internacionais/encontre-aqui/paises/cuba/mes-docentes,,"[""capes-editais""]",capes-editais,,2026-08-26T04:38:59Z,2026-08-26T00:12:06Z,2026-08-26T04:38:59Z,0.55
candidate-af5ce93fd9b14a9f,Programa CAPES/STIC-AMSUD,Candidate observed on an official source page; detail verification pending.,CAPES,opportunity_candidate,[],"[""education"", ""innovation"", ""research""]",[],[],{},,CANDIDATE,SIGNAL,SIGNAL,False,UNCHANGED,https://www.gov.br/capes/pt-br/acesso-a-informacao/acoes-e-programas/bolsas/bolsas-e-auxilios-internacionais/encontre-aqui/paises/multinacional/programa-stic-amsud-capes,,"[""capes-editais""]",capes-editais,,2026-08-26T04:38:59Z,2026-08-26T00:12:06Z,2026-08-26T04:38:59Z,0.55
candidate-bceaba6e490ba8c9,Programa CAPES/Universidade em Buffalo (CAPES/UB) - Professor Visitante,Candidate observed on an official source page; detail verification pending.,CAPES,opportunity_candidate,"[""education""]","[""education"", ""innovation"", ""research""]",[],[],{},,CANDIDATE,SIGNAL,SIGNAL,False,UNCHANGED,https://www.gov.br/capes/pt-br/acesso-a-informacao/acoes-e-programas/bolsas/bolsas-e-auxilios-internacionais/encontre-aqui/paises/estados-unidos/programa-capes-universidade-em-buffalo-capes-ub-professor-visitante,,"[""capes-editais""]",capes-editais,,2026-08-26T04:38:59Z,2026-08-26T00:12:06Z,2026-08-26T04:38:59Z,0.55
candidate-78e46626e0fa21cd,Programa Caminhos Amefricanos,Candidate observed on an official source page; detail verification pending.,CAPES,opportunity_candidate,[],"[""education"", ""innovation"", ""research""]",[],[],{},,CANDIDATE,SIGNAL,SIGNAL,False,UNCHANGED,https://www.gov.br/capes/pt-br/acesso-a-informacao/acoes-e-programas/bolsas/bolsas-e-auxilios-internacionais/encontre-aqui/paises/multinacional/programa-caminhos-amefricanos,,"[""capes-editais""]",capes-editais,,2026-08-26T04:38:59Z,2026-08-26T00:12:06Z,2026-08-26T04:38:59Z,0.55
candidate-95cabff25115187d,Programa Cátedra Jorge Amado,Candidate observed on an official source page; detail verification pending.,CAPES,opportunity_candidate,[],"[""education"", ""innovation"", ""research""]",[],[],{},,CANDIDATE,SIGNAL,SIGNAL,False,UNCHANGED,https://www.gov.br/capes/pt-br/acesso-a-informacao/acoes-e-programas/bolsas/bolsas-e-auxilios-internacionais/encontre-aqui/paises/cuba/programa-catedra-jorge-amado,,"[""capes-editais""]",capes-editais,,2026-08-26T04:38:59Z,2026-08-26T00:12:06Z,2026-08-26T04:38:59Z,0.55
candidate-5ec26c55a24c63b9,Programa Cátedra Maison du Brésil,Candidate observed on an official source page; detail verification pending.,CAPES,opportunity_candidate,[],"[""education"", ""innovation"", ""research""]",[],[],{},,CANDIDATE,SIGNAL,SIGNAL,False,UNCHANGED,https://www.gov.br/capes/pt-br/acesso-a-informacao/acoes-e-programas/bolsas/bolsas-e-auxilios-internacionais/encontre-aqui/paises/franca/programa-catedra-maison-du-bresil,,"[""capes-editais""]",capes-editais,,2026-08-26T04:38:59Z,2026-08-26T00:12:06Z,2026-08-26T04:38:59Z,0.55
candidate-974df32dd1ae1798,Programa OBEDUC-EI - Observatório da Educação Especial Inclusiva,Candidate observed on an official source page; detail verification pending.,CAPES,opportunity_candidate,"[""education""]","[""education"", ""innovation"", ""research""]",[],[],{},,CANDIDATE,SIGNAL,SIGNAL,False,UNCHANGED,https://www.gov.br/capes/pt-br/acesso-a-informacao/acoes-e-programas/educacao-basica/observatorio-da-educacao-especial-inclusiva-obeduc-ei,,"[""capes-editais""]",capes-editais,,2026-08-26T04:38:59Z,2026-08-26T00:12:06Z,2026-08-26T04:38:59Z,0.55
candidate-021ab30b3efcf531,Programa Rede de Pesquisa e Desenvolvimento da Amazônia Legal,Candidate observed on an official source page; detail verification pending.,CAPES,opportunity_candidate,"[""research""]","[""education"", ""innovation"", ""research""]",[],[],{},,CANDIDATE,SIGNAL,SIGNAL,False,UNCHANGED,https://www.gov.br/capes/pt-br/acesso-a-informacao/acoes-e-programas/bolsas/programas-estrategicos/desenvolvimento-regional/redes-de-pesquisa-e-desenvolvimento/programa-rede-de-pesquisa-e-desenvolvimento-da-amazonia-legal,,"[""capes-editais""]",capes-editais,,2026-08-26T04:38:59Z,2026-08-26T00:12:06Z,2026-08-26T04:38:59Z,0.55
candidate-90d7a6243e3b5233,Programa Rede de Pesquisa e Desenvolvimento da Região Nordeste,Candidate observed on an official source page; detail verification pending.,CAPES,opportunity_candidate,"[""research""]","[""education"", ""innovation"", ""research""]",[],[],{},,CANDIDATE,SIGNAL,SIGNAL,False,UNCHANGED,https://www.gov.br/capes/pt-br/acesso-a-informacao/acoes-e-programas/bolsas/programas-estrategicos/desenvolvimento-regional/redes-de-pesquisa-e-desenvolvimento/programa-rede-de-pesquisa-e-desenvolvimento-da-regiao-nordeste,,"[""capes-editais""]",capes-editais,,2026-08-26T04:38:59Z,2026-08-26T00:12:06Z,2026-08-26T04:38:59Z,0.55
candidate-e723a9803bf60810,Programa de Desenvolvimento Acadêmico Indígena (PDAI),Candidate observed on an official source page; detail verification pending.,CAPES,opportunity_candidate,[],"[""education"", ""innovation"", ""research""]",[],[],{},,CANDIDATE,SIGNAL,SIGNAL,False,UNCHANGED,https://www.gov.br/capes/pt-br/acesso-a-informacao/acoes-e-programas/bolsas/programas-estrategicos/desenvolvimento-regional/programa-de-desenvolvimento-academico-indigena-pdai,,"[""capes-editais""]",capes-editais,,2026-08-26T04:38:59Z,2026-08-26T00:12:06Z,2026-08-26T04:38:59Z,0.55
candidate-031ac19ab6a285bb,Programa de Desenvolvimento Profissional para Professores de Língua Inglesa nos Estados Unidos (PDPI),Candidate observed on an official source page; detail verification pending.,CAPES,opportunity_candidate,[],"[""education"", ""innovation"", ""research""]",[],[],{},,CANDIDATE,SIGNAL,SIGNAL,False,UNCHANGED,https://www.gov.br/capes/pt-br/acesso-a-informacao/acoes-e-programas/educacao-basica/programas-de-cooperacao-internacional-de-formacao-de-professores-da-educacao-basica/programa-de-desenvolvimento-profissional-para-professores-de-lingua-inglesa-nos-estados-unidos-pdpi,,"[""capes-editais""]",capes-editais,,2026-08-26T04:38:59Z,2026-08-26T00:12:06Z,2026-08-26T04:38:59Z,0.55
candidate-07827ed1c7e81eb2,Programa de Desenvolvimento da Pós-Graduação (PDPG) – Formação Profissional de Nutricionistas,Candidate observed on an official source page; detail verification pending.,CAPES,opportunity_candidate,[],"[""education"", ""innovation"", ""research""]",[],[],{},,CANDIDATE,SIGNAL,SIGNAL,False,UNCHANGED,https://www.gov.br/capes/pt-br/acesso-a-informacao/acoes-e-programas/bolsas/programas-estrategicos/formacao-de-recursos-humanos-em-areas-estrategicas/programa-de-desenvolvimento-da-pos-graduacao-pdpg-formacao-profissional-de-nutricionistas,,"[""capes-editais""]",capes-editais,,2026-08-26T04:38:59Z,2026-08-26T00:12:06Z,2026-08-26T04:38:59Z,0.55
candidate-d49ac07ae509e5fc,Programa de Doutorado-sanduíche no Exterior (PDSE),Candidate observed on an official source page; detail verification pending.,CAPES,opportunity_candidate,[],"[""education"", ""innovation"", ""research""]",[],[],{},,CANDIDATE,SIGNAL,SIGNAL,False,UNCHANGED,https://www.gov.br/capes/pt-br/acesso-a-informacao/acoes-e-programas/bolsas/bolsas-e-auxilios-internacionais/encontre-aqui/paises/multinacional/programa-de-doutorado-sanduiche-no-exterior-pdse,,"[""capes-editais""]",capes-editais,,2026-08-26T04:38:59Z,2026-08-26T00:12:06Z,2026-08-26T04:38:59Z,0.55
candidate-d8b267c8e7985550,Pé-de-meia Licenciaturas,Candidate observed on an official source page; detail verification pending.,CAPES,opportunity_candidate,[],"[""education"", ""innovation"", ""research""]",[],[],{},,CANDIDATE,SIGNAL,SIGNAL,False,UNCHANGED,https://www.gov.br/capes/pt-br/acesso-a-informacao/acoes-e-programas/educacao-basica/pe-de-meia-licenciaturas,,"[""capes-editais""]",capes-editais,,2026-08-26T04:38:59Z,2026-08-26T00:12:06Z,2026-08-26T04:38:59Z,0.55
candidate-c5a58fbbb176ff3e,Prêmio CAPES de Tese,Candidate observed on an official source page; detail verification pending.,CAPES,opportunity_candidate,[],"[""education"", ""innovation"", ""research""]",[],[],{},,CANDIDATE,SIGNAL,SIGNAL,False,UNCHANGED,https://www.gov.br/capes/pt-br/assuntos/premios/premio-capes-de-tese,,"[""capes-editais""]",capes-editais,,2026-08-26T04:38:59Z,2026-08-26T00:12:06Z,2026-08-26T04:38:59Z,0.55
candidate-41520981919f1904,Projetos voltados ao apoio a PGTAs (2014),Candidate observed on an official source page; detail verification pending.,BNDES / Fundo Amazônia,opportunity_candidate,[],"[""communities"", ""forest"", ""sustainability""]",[],[],{},,CANDIDATE,SIGNAL,SIGNAL,False,UNCHANGED,https://www.fundoamazonia.gov.br/pt/como-apresentar-projetos/chamadas-publicas/projetos-voltados-ao-apoio-a-PGTAs/,,"[""fundo-amazonia""]",fundo-amazonia,,2026-08-26T04:38:59Z,2026-08-26T00:12:06Z,2026-08-26T04:38:59Z,0.55
candidate-7ca84ab16e12168e,Prospera Amazônia (2026) - Novo!,Candidate observed on an official source page; detail verification pending.,BNDES / Fundo Amazônia,opportunity_candidate,[],"[""communities"", ""forest"", ""sustainability""]",[],[],{},,CANDIDATE,SIGNAL,SIGNAL,False,UNCHANGED,https://www.fundoamazonia.gov.br/pt/como-apresentar-projetos/chamadas-publicas/prospera-amazonia/,,"[""fundo-amazonia""]",fundo-amazonia,,2026-08-26T04:38:59Z,2026-08-26T00:12:06Z,2026-08-26T04:38:59Z,0.55
candidate-aa2ec49a79061cd9,Restaura Amazônia (2023),Candidate observed on an official source page; detail verification pending.,BNDES / Fundo Amazônia,opportunity_candidate,[],"[""communities"", ""forest"", ""sustainability""]",[],[],{},,CANDIDATE,SIGNAL,SIGNAL,False,UNCHANGED,https://www.fundoamazonia.gov.br/pt/como-apresentar-projetos/chamadas-publicas/restaura-amazonia/,,"[""fundo-amazonia""]",fundo-amazonia,,2026-08-26T04:38:59Z,2026-08-26T00:12:06Z,2026-08-26T04:38:59Z,0.55
candidate-ae047fa023fa3f81,Sanear Amazônia – Água Potável para Comunidades da Amazônia (2024),Candidate observed on an official source page; detail verification pending.,BNDES / Fundo Amazônia,opportunity_candidate,"[""territory"", ""water""]","[""communities"", ""forest"", ""sustainability""]",[],[],{},,CANDIDATE,SIGNAL,SIGNAL,False,UNCHANGED,https://www.fundoamazonia.gov.br/pt/como-apresentar-projetos/chamadas-publicas/sanear-amazonia/,,"[""fundo-amazonia""]",fundo-amazonia,,2026-08-26T04:38:59Z,2026-08-26T00:12:06Z,2026-08-26T04:38:59Z,0.55
candidate-ceb147ffdf0f654c,Edital de Chamamento Público – Fundo Amazônia Indígenas,Candidate observed on an official source page; detail verification pending.,Capta / ISPN,opportunity_candidate,[],"[""biodiversity"", ""climate"", ""communities"", ""financing"", ""forest"", ""sustainability"", ""territory""]",[],[],{},,CANDIDATE,SIGNAL,SIGNAL,False,UNCHANGED,https://www.fundoamazonia.gov.br/pt/como-apresentar-projetos/chamadas-publicas/sanear-amazonia-indigena/,,"[""capta-editais"", ""fundo-amazonia""]",fundo-amazonia,,2026-08-26T04:38:59Z,2026-08-26T00:12:06Z,2026-08-26T04:38:59Z,0.55
candidate-766aedd877592132,Como apresentar projetos,Candidate observed on an official source page; detail verification pending.,BNDES / Fundo Amazônia,opportunity_candidate,[],"[""communities"", ""forest"", ""sustainability""]",[],[],{},,CANDIDATE,SIGNAL,SIGNAL,False,UNCHANGED,https://www.fundoamazonia.gov.br/pt/como-apresentar-projetos/,,"[""fundo-amazonia""]",fundo-amazonia,,2026-08-26T04:38:59Z,2026-08-26T00:12:06Z,2026-08-26T04:38:59Z,0.55
candidate-7ebe4c3680371550,Documentos de suporte,Candidate observed on an official source page; detail verification pending.,BNDES / Fundo Amazônia,opportunity_candidate,[],"[""communities"", ""forest"", ""sustainability""]",[],[],{},,CANDIDATE,SIGNAL,SIGNAL,False,UNCHANGED,https://www.fundoamazonia.gov.br/pt/como-apresentar-projetos/documentos-de-suporte/,,"[""fundo-amazonia""]",fundo-amazonia,,2026-08-26T04:38:59Z,2026-08-26T00:12:06Z,2026-08-26T04:38:59Z,0.55
candidate-615f53f8ea7e44c9,Projetos,Candidate observed on an official source page; detail verification pending.,BNDES / Fundo Amazônia,opportunity_candidate,[],"[""communities"", ""forest"", ""sustainability""]",[],[],{},,CANDIDATE,SIGNAL,SIGNAL,False,UNCHANGED,https://www.fundoamazonia.gov.br/pt/biblioteca/projetos/,,"[""fundo-amazonia""]",fundo-amazonia,,2026-08-26T04:38:59Z,2026-08-26T00:12:06Z,2026-08-26T04:38:59Z,0.55
candidate-c52834e7a3385c4c,Projetos apoiados,Candidate observed on an official source page; detail verification pending.,BNDES / Fundo Amazônia,opportunity_candidate,[],"[""communities"", ""forest"", ""sustainability""]",[],[],{},,CANDIDATE,SIGNAL,SIGNAL,False,UNCHANGED,https://www.fundoamazonia.gov.br/pt/projetos-apoiados/,,"[""fundo-amazonia""]",fundo-amazonia,,2026-08-26T04:38:59Z,2026-08-26T00:12:06Z,2026-08-26T04:38:59Z,0.55
candidate-0f2c8114f6418299,Prêmio Fundo Amazônia,Candidate observed on an official source page; detail verification pending.,BNDES / Fundo Amazônia,opportunity_candidate,[],"[""communities"", ""forest"", ""sustainability""]",[],[],{},,CANDIDATE,SIGNAL,SIGNAL,False,UNCHANGED,https://www.fundoamazonia.gov.br/pt/premio-fundo-amazonia/,,"[""fundo-amazonia""]",fundo-amazonia,,2026-08-26T04:38:59Z,2026-08-26T00:12:06Z,2026-08-26T04:38:59Z,0.55
candidate-5fb55a3267c570a3,Programa Petrobras Socioambiental,Candidate observed on an official source page; detail verification pending.,Petrobras,opportunity_candidate,"[""sustainability""]","[""communities"", ""conservation"", ""sustainability""]",[],[],{},,CANDIDATE,SIGNAL,SIGNAL,False,UNCHANGED,https://petrobras.com.br/sustentabilidade/socioambiental,,"[""petrobras-socioambiental""]",petrobras-socioambiental,,2026-08-26T04:38:59Z,2026-08-26T00:16:25Z,2026-08-26T04:38:59Z,0.55
candidate-c5aa9030686e54c7,Regulamento Seleção Pública 2023.2 - Projetos Nao Incentivados,Candidate observed on an official source page; detail verification pending.,Petrobras,opportunity_candidate,[],"[""communities"", ""conservation"", ""sustainability""]",[],[],{},,CANDIDATE,SIGNAL,SIGNAL,False,UNCHANGED,https://petrobras.com.br/documents/2677942/3356916/Regulamento+Sele%C3%A7%C3%A3o+P%C3%BAblica+2023.2+-+Projetos+Nao+Incentivados.pdf/af45b992-2e9d-b0f1-f40a-f5e0eb9d48d8?version=1.0&t=1699376882000&download=true,,"[""petrobras-socioambiental""]",petrobras-socioambiental,,2026-08-26T04:38:59Z,2026-08-26T00:16:25Z,2026-08-26T04:38:59Z,0.55
candidate-7a1cb075019fb3a2,Seleção Pública 2023.1 - Projetos Não Incentivados,Candidate observed on an official source page; detail verification pending.,Petrobras,opportunity_candidate,[],"[""communities"", ""conservation"", ""sustainability""]",[],[],{},,CANDIDATE,SIGNAL,SIGNAL,False,UNCHANGED,https://investidor.bussolasocial.com.br/petrobras/editais/naoincentivados2023,,"[""petrobras-socioambiental""]",petrobras-socioambiental,,2026-08-26T04:38:59Z,2026-08-26T00:16:25Z,2026-08-26T04:38:59Z,0.55
candidate-010954c4e2d5040d,Edital Catadores OGR 2026,Candidate observed on an official source page; detail verification pending.,Petrobras,opportunity_candidate,[],"[""communities"", ""conservation"", ""sustainability""]",[],[],{},,CANDIDATE,SIGNAL,SIGNAL,False,UNCHANGED,https://petrobras.com.br/documents/2677942/2678303/Socioambiental+-+Edital+Destina%C3%A7%C3%A3o+de+Res%C3%ADduos+2026_OGR+Final+1.pdf/e3e7b384-9c8f-f30f-588f-ce661bf3469d?version=1.0&t=1778856363000&download=true,,"[""petrobras-socioambiental""]",petrobras-socioambiental,,2026-08-26T04:38:59Z,2026-08-26T00:16:25Z,2026-08-26T04:38:59Z,0.55
candidate-542ee773f536a418,Inscrições Projetos incentivados,Candidate observed on an official source page; detail verification pending.,Petrobras,opportunity_candidate,[],"[""communities"", ""conservation"", ""sustainability""]",[],[],{},,CANDIDATE,SIGNAL,SIGNAL,False,UNCHANGED,http://investidor.bussolasocial.com.br/petrobras/editais/incentivados2023.2,,"[""petrobras-socioambiental""]",petrobras-socioambiental,,2026-08-26T04:38:59Z,2026-08-26T00:16:25Z,2026-08-26T04:38:59Z,0.55
candidate-d4fed2d3d94a0a31,Perguntas frequentes_Edital Destinação de Resíduos 2026,Candidate observed on an official source page; detail verification pending.,Petrobras,opportunity_candidate,"[""circular_economy""]","[""communities"", ""conservation"", ""sustainability""]",[],[],{},,CANDIDATE,SIGNAL,SIGNAL,False,UNCHANGED,https://petrobras.com.br/documents/2677942/2678303/Socioambiental+-+Perguntas+Frequentes_Edital+ORG+2026.pdf/4a1c5db8-6d78-de97-b823-49cff27b77b0?version=1.0&t=1778856444000&download=true,,"[""petrobras-socioambiental""]",petrobras-socioambiental,,2026-08-26T04:38:59Z,2026-08-26T00:16:25Z,2026-08-26T04:38:59Z,0.55
candidate-03644693f5bd7a7e,Playlist da Seleção Pública Socioambiental 2023,Candidate observed on an official source page; detail verification pending.,Petrobras,opportunity_candidate,"[""sustainability""]","[""communities"", ""conservation"", ""sustainability""]",[],[],{},,CANDIDATE,SIGNAL,SIGNAL,False,UNCHANGED,https://www.youtube.com/playlist?list=PLJGZ8X1mZTR9AUvYvlsHWNGDfPUZNiFwU,,"[""petrobras-socioambiental""]",petrobras-socioambiental,,2026-08-26T04:38:59Z,2026-08-26T00:16:25Z,2026-08-26T04:38:59Z,0.55
candidate-ac93c76fe1ea2e9b,Projetos não Incentivados – retificação 1,Candidate observed on an official source page; detail verification pending.,Petrobras,opportunity_candidate,[],"[""communities"", ""conservation"", ""sustainability""]",[],[],{},,CANDIDATE,SIGNAL,SIGNAL,False,UNCHANGED,https://petrobras.com.br/documents/2677942/7444258/SP+2023.1+-+Regulamento+Nao+Incentivados+-+Prorrogacao+de+prazo-1.pdf/d7c76855-8b6f-ad31-b0bf-db45b239e265?version=1.0&t=1694537714000&download=true,,"[""petrobras-socioambiental""]",petrobras-socioambiental,,2026-08-26T04:38:59Z,2026-08-26T00:16:25Z,2026-08-26T04:38:59Z,0.55
candidate-c5e98ab6393ef10e,Projetos Socioambientais Incentivados,Candidate observed on an official source page; detail verification pending.,Petrobras,opportunity_candidate,[],"[""communities"", ""conservation"", ""sustainability""]",[],[],{},,CANDIDATE,SIGNAL,SIGNAL,False,UNCHANGED,https://petrobras.com.br/documents/2677942/7444258/Projetos+Incentivados_Retifica%C3%A7%C3%A3o+1.pdf/3ec0fc59-adae-f789-16b3-8ae377ee1aeb?version=1.0&t=1717445334000&download=true,,"[""petrobras-socioambiental""]",petrobras-socioambiental,,2026-08-26T04:38:59Z,2026-08-26T00:16:25Z,2026-08-26T04:38:59Z,0.55
candidate-eb4bf879145681a8,Resultado da Seleção Pública 2023.2,Candidate observed on an official source page; detail verification pending.,Petrobras,opportunity_candidate,[],"[""communities"", ""conservation"", ""sustainability""]",[],[],{},,CANDIDATE,SIGNAL,SIGNAL,False,UNCHANGED,https://petrobras.com.br/documents/2677942/2707080/SP+2023.2+-+Resultados.pdf/d9a5891f-c898-c9d1-2a0f-01f6d317ed07?version=1.0&t=1719407696000&download=true,,"[""petrobras-socioambiental""]",petrobras-socioambiental,,2026-08-26T04:38:59Z,2026-08-26T00:16:25Z,2026-08-26T04:38:59Z,0.55
candidate-3fd42f0126accbf0,Projects on Legislative and Policy Priorities in the fields of Nature & Biodiversity and Circular Economy & Quality of Life,Projects on Legislative and Policy Priorities in the fields of Nature & Biodiversity and Circular Economy & Quality of Life,European Commission / CINEA,grant,"[""biodiversity"", ""circular_economy"", ""financing""]","[""biodiversity"", ""circular_economy"", ""climate"", ""energy"", ""nature""]","[""Europe""]",[],"{""amount"": 600.0, ""currency"": ""EUR"", ""raw"": ""€600""}",,CANDIDATE,SIGNAL,SIGNAL,False,UNCHANGED,https://cinea.ec.europa.eu/funding-opportunities/calls-proposals/projects-legislative-and-policy-priorities-fields-nature-biodiversity-and-circular-economy-quality_en,,"[""cinea-life""]",cinea-life,,2026-08-26T04:38:59Z,2026-08-26T00:12:06Z,2026-08-26T04:38:59Z,0.55
candidate-cf2a351f66988ff5,Multilevel climate and energy dialogue to deliver the Governance Regulation and the post–2030 energy and climate policy framework,Multilevel climate and energy dialogue to deliver the Governance Regulation and the post–2030 energy and climate policy framework,European Commission / CINEA,grant,"[""climate"", ""energy"", ""financing""]","[""biodiversity"", ""circular_economy"", ""climate"", ""energy"", ""nature""]","[""Europe""]",[],"{""amount"": 600.0, ""currency"": ""EUR"", ""raw"": ""€600""}",,CANDIDATE,SIGNAL,SIGNAL,False,UNCHANGED,https://cinea.ec.europa.eu/funding-opportunities/calls-proposals/multilevel-climate-and-energy-dialogue-deliver-governance-regulation-and-post-2030-energy-and_en,,"[""cinea-life""]",cinea-life,,2026-08-26T04:38:59Z,2026-08-26T00:12:06Z,2026-08-26T04:38:59Z,0.55
candidate-0668d828bdb5463f,Standard Action Projects (SAPs) Climate Change Adaptation,Candidate observed on an official source page; detail verification pending.,European Commission / CINEA,opportunity_candidate,"[""climate""]","[""biodiversity"", ""circular_economy"", ""climate"", ""energy"", ""nature""]",[],[],{},,CANDIDATE,SIGNAL,SIGNAL,False,UNCHANGED,https://can01.safelinks.protection.outlook.com/?url=https%3A%2F%2Fcinea.ec.europa.eu%2Ffunding-opportunities%2Fcalls-proposals%2Fclimate-change-adaptation-0_en&data=05%7C02%7CMaria.Ramirez%40stantec.com%7C7937e05a74a54cf3d32a08de9fb26f1d%7C413c6f2c219a469297d3f2b4d80281e7%7C0%7C0%7C639123785905524903%7CUnknown%7CTWFpbGZsb3d8eyJFbXB0eU1hcGkiOnRydWUsIlYiOiIwLjAuMDAwMCIsIlAiOiJXaW4zMiIsIkFOIjoiTWFpbCIsIldUIjoyfQ%3D%3D%7C0%7C%7C%7C&sdata=KoihkrpHvcRJ95d%2FVu%2BXHL4HHRDZkGtQu6X8C0iJ3rY%3D&reserved=0,,"[""cinea-life""]",cinea-life,,2026-08-26T04:38:59Z,2026-08-26T00:12:06Z,2026-08-26T04:38:59Z,0.55
candidate-6666d87f86d14645,Standard Action Projects (SAPs) Climate Change Mitigation,Candidate observed on an official source page; detail verification pending.,European Commission / CINEA,opportunity_candidate,"[""climate""]","[""biodiversity"", ""circular_economy"", ""climate"", ""energy"", ""nature""]",[],[],{},,CANDIDATE,SIGNAL,SIGNAL,False,UNCHANGED,https://can01.safelinks.protection.outlook.com/?url=https%3A%2F%2Fcinea.ec.europa.eu%2Ffunding-opportunities%2Fcalls-proposals%2Fclimate-change-mitigation-0_en&data=05%7C02%7CMaria.Ramirez%40stantec.com%7C7937e05a74a54cf3d32a08de9fb26f1d%7C413c6f2c219a469297d3f2b4d80281e7%7C0%7C0%7C639123785905546067%7CUnknown%7CTWFpbGZsb3d8eyJFbXB0eU1hcGkiOnRydWUsIlYiOiIwLjAuMDAwMCIsIlAiOiJXaW4zMiIsIkFOIjoiTWFpbCIsIldUIjoyfQ%3D%3D%7C0%7C%7C%7C&sdata=cJHU2H2ZQB8%2BfvW1OThUtqlo15uTq0nLGzZv9Q658sc%3D&reserved=0,,"[""cinea-life""]",cinea-life,,2026-08-26T04:38:59Z,2026-08-26T00:12:06Z,2026-08-26T04:38:59Z,0.55
candidate-47d7f7804b1f1892,Standard Action Projects (SAPs) for nature and biodiversity - Nature,Standard Action Projects (SAPs) for nature and biodiversity - Nature,European Commission / CINEA,grant,"[""biodiversity"", ""financing""]","[""biodiversity"", ""circular_economy"", ""climate"", ""energy"", ""nature""]","[""Europe""]",[],"{""amount"": 600.0, ""currency"": ""EUR"", ""raw"": ""€600""}",,CANDIDATE,SIGNAL,SIGNAL,False,UNCHANGED,https://cinea.ec.europa.eu/funding-opportunities/calls-proposals/standard-action-projects-saps-nature-and-biodiversity-nature-1_en,,"[""cinea-life""]",cinea-life,,2026-08-26T04:38:59Z,2026-08-26T00:12:06Z,2026-08-26T04:38:59Z,0.55
candidate-1e3d96cb8ac724bc,Standard Action Projects (SAPs) for nature and biodiversity – Governance and Information,Standard Action Projects (SAPs) for nature and biodiversity – Governance and Information,European Commission / CINEA,grant,"[""biodiversity"", ""financing""]","[""biodiversity"", ""circular_economy"", ""climate"", ""energy"", ""nature""]","[""Europe""]",[],"{""amount"": 600.0, ""currency"": ""EUR"", ""raw"": ""€600""}",,CANDIDATE,SIGNAL,SIGNAL,False,UNCHANGED,https://cinea.ec.europa.eu/funding-opportunities/calls-proposals/standard-action-projects-saps-nature-and-biodiversity-governance-and-information-0_en,,"[""cinea-life""]",cinea-life,,2026-08-26T04:38:59Z,2026-08-26T00:12:06Z,2026-08-26T04:38:59Z,0.55
candidate-6b2358cbc57aea0d,2020 calls for project proposals,Candidate observed on an official source page; detail verification pending.,European Commission / CINEA,opportunity_candidate,[],"[""biodiversity"", ""circular_economy"", ""climate"", ""energy"", ""nature""]",[],[],{},,CANDIDATE,SIGNAL,SIGNAL,False,UNCHANGED,https://cinea.ec.europa.eu/programmes/life/life-calls-proposals/2020-life-calls-proposals_en,,"[""cinea-life""]",cinea-life,,2026-08-26T04:38:59Z,2026-08-26T00:12:06Z,2026-08-26T04:38:59Z,0.55
candidate-78ee7d7acac53dde,PDA: Project Development Assistance for sustainable energy investments,Candidate observed on an official source page; detail verification pending.,European Commission / CINEA,opportunity_candidate,"[""energy"", ""sustainability""]","[""biodiversity"", ""circular_economy"", ""climate"", ""energy"", ""nature""]",[],[],{},,CANDIDATE,SIGNAL,SIGNAL,False,UNCHANGED,https://can01.safelinks.protection.outlook.com/?url=https%3A%2F%2Fcinea.ec.europa.eu%2Ffunding-opportunities%2Fcalls-proposals%2Fproject-development-assistance-sustainable-energy-investments-1_en&data=05%7C02%7CMaria.Ramirez%40stantec.com%7C7937e05a74a54cf3d32a08de9fb26f1d%7C413c6f2c219a469297d3f2b4d80281e7%7C0%7C0%7C639123785905809470%7CUnknown%7CTWFpbGZsb3d8eyJFbXB0eU1hcGkiOnRydWUsIlYiOiIwLjAuMDAwMCIsIlAiOiJXaW4zMiIsIkFOIjoiTWFpbCIsIldUIjoyfQ%3D%3D%7C0%7C%7C%7C&sdata=Va7jsd0uXzTDS7%2B32MEtIsbuTBmRydqK7kUUzPVEOEM%3D&reserved=0,,"[""cinea-life""]",cinea-life,,2026-08-26T04:38:59Z,2026-08-26T00:12:06Z,2026-08-26T04:38:59Z,0.55
candidate-60952462588311ef,Strategic Integrated Projects – SIP CLIMA,Candidate observed on an official source page; detail verification pending.,European Commission / CINEA,opportunity_candidate,"[""climate""]","[""biodiversity"", ""circular_economy"", ""climate"", ""energy"", ""nature""]",[],[],{},,CANDIDATE,SIGNAL,SIGNAL,False,UNCHANGED,https://can01.safelinks.protection.outlook.com/?url=https%3A%2F%2Fcinea.ec.europa.eu%2Ffunding-opportunities%2Fcalls-proposals%2Fstrategic-nature-and-integrated-projects-sip-clima-1_en&data=05%7C02%7CMaria.Ramirez%40stantec.com%7C7937e05a74a54cf3d32a08de9fb26f1d%7C413c6f2c219a469297d3f2b4d80281e7%7C0%7C0%7C639123785905505208%7CUnknown%7CTWFpbGZsb3d8eyJFbXB0eU1hcGkiOnRydWUsIlYiOiIwLjAuMDAwMCIsIlAiOiJXaW4zMiIsIkFOIjoiTWFpbCIsIldUIjoyfQ%3D%3D%7C0%7C%7C%7C&sdata=i1RS7FJ0lizDxfVjuZYfft%2FrfR7bDRnD8kNZDYj9fHw%3D&reserved=0,,"[""cinea-life""]",cinea-life,,2026-08-26T04:38:59Z,2026-08-26T00:12:06Z,2026-08-26T04:38:59Z,0.55
candidate-e9904ab29625fa3c,Strategic Integrated Projects – SIP Environment,Candidate observed on an official source page; detail verification pending.,European Commission / CINEA,opportunity_candidate,[],"[""biodiversity"", ""circular_economy"", ""climate"", ""energy"", ""nature""]",[],[],{},,CANDIDATE,SIGNAL,SIGNAL,False,UNCHANGED,https://can01.safelinks.protection.outlook.com/?url=https%3A%2F%2Fcinea.ec.europa.eu%2Ffunding-opportunities%2Fcalls-proposals%2Fstrategic-nature-and-integrated-projects-sip-environment-1_en&data=05%7C02%7CMaria.Ramirez%40stantec.com%7C7937e05a74a54cf3d32a08de9fb26f1d%7C413c6f2c219a469297d3f2b4d80281e7%7C0%7C0%7C639123785905482241%7CUnknown%7CTWFpbGZsb3d8eyJFbXB0eU1hcGkiOnRydWUsIlYiOiIwLjAuMDAwMCIsIlAiOiJXaW4zMiIsIkFOIjoiTWFpbCIsIldUIjoyfQ%3D%3D%7C0%7C%7C%7C&sdata=ZtV6RF9YLxA%2FwwAZMzJkur1AoVl8%2BeLExWrb2NgKftQ%3D&reserved=0,,"[""cinea-life""]",cinea-life,,2026-08-26T04:38:59Z,2026-08-26T00:12:06Z,2026-08-26T04:38:59Z,0.55
candidate-71b0fa4b9a97bdc9,Strategic Nature Projects (SNaP),Candidate observed on an official source page; detail verification pending.,European Commission / CINEA,opportunity_candidate,[],"[""biodiversity"", ""circular_economy"", ""climate"", ""energy"", ""nature""]",[],[],{},,CANDIDATE,SIGNAL,SIGNAL,False,UNCHANGED,https://can01.safelinks.protection.outlook.com/?url=https%3A%2F%2Fcinea.ec.europa.eu%2Ffunding-opportunities%2Fcalls-proposals%2Fstrategic-nature-projects-snap-1_en&data=05%7C02%7CMaria.Ramirez%40stantec.com%7C7937e05a74a54cf3d32a08de9fb26f1d%7C413c6f2c219a469297d3f2b4d80281e7%7C0%7C0%7C639123785905459907%7CUnknown%7CTWFpbGZsb3d8eyJFbXB0eU1hcGkiOnRydWUsIlYiOiIwLjAuMDAwMCIsIlAiOiJXaW4zMiIsIkFOIjoiTWFpbCIsIldUIjoyfQ%3D%3D%7C0%7C%7C%7C&sdata=%2Bw47BGSS09I4ewGiQ35OheGRn1l2rxUgSpl%2BG71%2FGOE%3D&reserved=0,,"[""cinea-life""]",cinea-life,,2026-08-26T04:38:59Z,2026-08-26T00:12:06Z,2026-08-26T04:38:59Z,0.55
candidate-92a99a9e67ae5f34,Technical Assistance for the preparation of SIPs - Climate,Candidate observed on an official source page; detail verification pending.,European Commission / CINEA,opportunity_candidate,"[""climate""]","[""biodiversity"", ""circular_economy"", ""climate"", ""energy"", ""nature""]",[],[],{},,CANDIDATE,SIGNAL,SIGNAL,False,UNCHANGED,https://can01.safelinks.protection.outlook.com/?url=https%3A%2F%2Fcinea.ec.europa.eu%2Ffunding-opportunities%2Fcalls-proposals%2Ftechnical-assistance-preparation-sips-climate-0_en&data=05%7C02%7CMaria.Ramirez%40stantec.com%7C7937e05a74a54cf3d32a08de9fb26f1d%7C413c6f2c219a469297d3f2b4d80281e7%7C0%7C0%7C639123785905383714%7CUnknown%7CTWFpbGZsb3d8eyJFbXB0eU1hcGkiOnRydWUsIlYiOiIwLjAuMDAwMCIsIlAiOiJXaW4zMiIsIkFOIjoiTWFpbCIsIldUIjoyfQ%3D%3D%7C0%7C%7C%7C&sdata=XYXGz88I9J4H3P0UNpC89JKZ3JWnzF4FqjaNDrvtc7M%3D&reserved=0,,"[""cinea-life""]",cinea-life,,2026-08-26T04:38:59Z,2026-08-26T00:12:06Z,2026-08-26T04:38:59Z,0.55
candidate-a94a74a559d49878,2023 calls for proposals,Candidate observed on an official source page; detail verification pending.,European Commission / CINEA,opportunity_candidate,[],"[""biodiversity"", ""circular_economy"", ""climate"", ""energy"", ""nature""]",[],[],{},,CANDIDATE,SIGNAL,SIGNAL,False,UNCHANGED,https://cinea.ec.europa.eu/programmes/life/life-calls-proposals-2023_en,,"[""cinea-life""]",cinea-life,,2026-08-26T04:38:59Z,2026-08-26T00:12:06Z,2026-08-26T04:38:59Z,0.55
candidate-d788b0b970b26a04,BETTERRENO: Energy renovation solutions – Boosting building renovation through effective markets and instruments,Candidate observed on an official source page; detail verification pending.,European Commission / CINEA,opportunity_candidate,"[""energy""]","[""biodiversity"", ""circular_economy"", ""climate"", ""energy"", ""nature""]",[],[],{},,CANDIDATE,SIGNAL,SIGNAL,False,UNCHANGED,https://can01.safelinks.protection.outlook.com/?url=https%3A%2F%2Fcinea.ec.europa.eu%2Ffunding-opportunities%2Fcalls-proposals%2Fenergy-renovation-solutions-boosting-building-renovation-through-effective-markets-and-instruments_en&data=05%7C02%7CMaria.Ramirez%40stantec.com%7C7937e05a74a54cf3d32a08de9fb26f1d%7C413c6f2c219a469297d3f2b4d80281e7%7C0%7C0%7C639123785905651007%7CUnknown%7CTWFpbGZsb3d8eyJFbXB0eU1hcGkiOnRydWUsIlYiOiIwLjAuMDAwMCIsIlAiOiJXaW4zMiIsIkFOIjoiTWFpbCIsIldUIjoyfQ%3D%3D%7C0%7C%7C%7C&sdata=dk6z2raS1IIpjk8wDT2TDbmUyrb48X66OD%2BL65u9I0s%3D&reserved=0,,"[""cinea-life""]",cinea-life,,2026-08-26T04:38:59Z,2026-08-26T00:12:06Z,2026-08-26T04:38:59Z,0.55
candidate-92c07a3b0d24bcc0,BUILD UP Skills: National Platforms on energy efficiency skills for the clean energy transition,Candidate observed on an official source page; detail verification pending.,European Commission / CINEA,opportunity_candidate,"[""energy""]","[""biodiversity"", ""circular_economy"", ""climate"", ""energy"", ""nature""]",[],[],{},,CANDIDATE,SIGNAL,SIGNAL,False,UNCHANGED,https://can01.safelinks.protection.outlook.com/?url=https%3A%2F%2Fcinea.ec.europa.eu%2Ffunding-opportunities%2Fcalls-proposals%2Fbuild-skills-national-platforms-energy-efficiency-skills-clean-energy-transition_en&data=05%7C02%7CMaria.Ramirez%40stantec.com%7C7937e05a74a54cf3d32a08de9fb26f1d%7C413c6f2c219a469297d3f2b4d80281e7%7C0%7C0%7C639123785905709646%7CUnknown%7CTWFpbGZsb3d8eyJFbXB0eU1hcGkiOnRydWUsIlYiOiIwLjAuMDAwMCIsIlAiOiJXaW4zMiIsIkFOIjoiTWFpbCIsIldUIjoyfQ%3D%3D%7C0%7C%7C%7C&sdata=Hsp9FesXMmSRu8T%2FFJ%2FlsmXqKeZ4Nt8U1aoKfA4iwNY%3D&reserved=0,,"[""cinea-life""]",cinea-life,,2026-08-26T04:38:59Z,2026-08-26T00:12:06Z,2026-08-26T04:38:59Z,0.55
candidate-3afd9a2b34160b84,DIGITAL: Supporting digitalisation of Distribution System Operators for a smart energy transition,Candidate observed on an official source page; detail verification pending.,European Commission / CINEA,opportunity_candidate,"[""energy"", ""technology""]","[""biodiversity"", ""circular_economy"", ""climate"", ""energy"", ""nature""]",[],[],{},,CANDIDATE,SIGNAL,SIGNAL,False,UNCHANGED,https://can01.safelinks.protection.outlook.com/?url=https%3A%2F%2Fcinea.ec.europa.eu%2Ffunding-opportunities%2Fcalls-proposals%2Fsupporting-digitalisation-distribution-system-operators-smart-energy-transition_en&data=05%7C02%7CMaria.Ramirez%40stantec.com%7C7937e05a74a54cf3d32a08de9fb26f1d%7C413c6f2c219a469297d3f2b4d80281e7%7C0%7C0%7C639123785905737418%7CUnknown%7CTWFpbGZsb3d8eyJFbXB0eU1hcGkiOnRydWUsIlYiOiIwLjAuMDAwMCIsIlAiOiJXaW4zMiIsIkFOIjoiTWFpbCIsIldUIjoyfQ%3D%3D%7C0%7C%7C%7C&sdata=OJh3yKbTVr2%2BR5aV%2FNmc9BqvtCgov1WjcYaMD6%2FEDk4%3D&reserved=0,,"[""cinea-life""]",cinea-life,,2026-08-26T04:38:59Z,2026-08-26T00:12:06Z,2026-08-26T04:38:59Z,0.55
candidate-b1137b7f9ff7d895,EMPOWER: Scaling up smart and clean energy solutions for affordability in EU cities,Candidate observed on an official source page; detail verification pending.,European Commission / CINEA,opportunity_candidate,"[""energy""]","[""biodiversity"", ""circular_economy"", ""climate"", ""energy"", ""nature""]",[],[],{},,CANDIDATE,SIGNAL,SIGNAL,False,UNCHANGED,https://can01.safelinks.protection.outlook.com/?url=https%3A%2F%2Fcinea.ec.europa.eu%2Ffunding-opportunities%2Fcalls-proposals%2Fscaling-smart-and-clean-energy-solutions-affordability-eu-cities_en&data=05%7C02%7CMaria.Ramirez%40stantec.com%7C7937e05a74a54cf3d32a08de9fb26f1d%7C413c6f2c219a469297d3f2b4d80281e7%7C0%7C0%7C639123785905884457%7CUnknown%7CTWFpbGZsb3d8eyJFbXB0eU1hcGkiOnRydWUsIlYiOiIwLjAuMDAwMCIsIlAiOiJXaW4zMiIsIkFOIjoiTWFpbCIsIldUIjoyfQ%3D%3D%7C0%7C%7C%7C&sdata=fHIO7cujQLKLElFcTha4l9vw2QWoa6RaRoqEi5b8rs0%3D&reserved=0,,"[""cinea-life""]",cinea-life,,2026-08-26T04:38:59Z,2026-08-26T00:12:06Z,2026-08-26T04:38:59Z,0.55
candidate-433d218a4a252eb3,ENERCOM: Facilitating cooperation among energy communities,Candidate observed on an official source page; detail verification pending.,European Commission / CINEA,opportunity_candidate,"[""energy""]","[""biodiversity"", ""circular_economy"", ""climate"", ""energy"", ""nature""]",[],[],{},,CANDIDATE,SIGNAL,SIGNAL,False,UNCHANGED,https://can01.safelinks.protection.outlook.com/?url=https%3A%2F%2Fcinea.ec.europa.eu%2Ffunding-opportunities%2Fcalls-proposals%2Ffacilitating-cooperation-among-energy-communities_en&data=05%7C02%7CMaria.Ramirez%40stantec.com%7C7937e05a74a54cf3d32a08de9fb26f1d%7C413c6f2c219a469297d3f2b4d80281e7%7C0%7C0%7C639123785905863751%7CUnknown%7CTWFpbGZsb3d8eyJFbXB0eU1hcGkiOnRydWUsIlYiOiIwLjAuMDAwMCIsIlAiOiJXaW4zMiIsIkFOIjoiTWFpbCIsIldUIjoyfQ%3D%3D%7C0%7C%7C%7C&sdata=SiZcPmNitizaeB2s%2BXWtpC3KTCdoNs2q1I%2Fu5BKhk3M%3D&reserved=0,,"[""cinea-life""]",cinea-life,,2026-08-26T04:38:59Z,2026-08-26T00:12:06Z,2026-08-26T04:38:59Z,0.55
candidate-33415a1fb6a559a6,ENERPOV: Alleviating household energy poverty in Europe,Candidate observed on an official source page; detail verification pending.,European Commission / CINEA,opportunity_candidate,"[""energy""]","[""biodiversity"", ""circular_economy"", ""climate"", ""energy"", ""nature""]",[],[],{},,CANDIDATE,SIGNAL,SIGNAL,False,UNCHANGED,https://can01.safelinks.protection.outlook.com/?url=https%3A%2F%2Fcinea.ec.europa.eu%2Ffunding-opportunities%2Fcalls-proposals%2Falleviating-household-energy-poverty-europe-1_en&data=05%7C02%7CMaria.Ramirez%40stantec.com%7C7937e05a74a54cf3d32a08de9fb26f1d%7C413c6f2c219a469297d3f2b4d80281e7%7C0%7C0%7C639123785905836175%7CUnknown%7CTWFpbGZsb3d8eyJFbXB0eU1hcGkiOnRydWUsIlYiOiIwLjAuMDAwMCIsIlAiOiJXaW4zMiIsIkFOIjoiTWFpbCIsIldUIjoyfQ%3D%3D%7C0%7C%7C%7C&sdata=O%2FKMgwJn3%2FxRuk1nFQbG%2BlmHAjm7gYet7NIdXojqN38%3D&reserved=0,,"[""cinea-life""]",cinea-life,,2026-08-26T04:38:59Z,2026-08-26T00:12:06Z,2026-08-26T04:38:59Z,0.55
candidate-55d56d0ce120ba69,Ecodesign and energy labelling compliance support facility for suppliers and retailers,Candidate observed on an official source page; detail verification pending.,European Commission / CINEA,opportunity_candidate,"[""energy""]","[""biodiversity"", ""circular_economy"", ""climate"", ""energy"", ""nature""]",[],[],{},,CANDIDATE,SIGNAL,SIGNAL,False,UNCHANGED,https://can01.safelinks.protection.outlook.com/?url=https%3A%2F%2Fcinea.ec.europa.eu%2Ffunding-opportunities%2Fcalls-proposals%2Fecodesign-and-energy-labelling-compliance-support-facility-suppliers-and-retailers_en&data=05%7C02%7CMaria.Ramirez%40stantec.com%7C7937e05a74a54cf3d32a08de9fb26f1d%7C413c6f2c219a469297d3f2b4d80281e7%7C0%7C0%7C639123785905421641%7CUnknown%7CTWFpbGZsb3d8eyJFbXB0eU1hcGkiOnRydWUsIlYiOiIwLjAuMDAwMCIsIlAiOiJXaW4zMiIsIkFOIjoiTWFpbCIsIldUIjoyfQ%3D%3D%7C0%7C%7C%7C&sdata=ldDXcMw3ZaDr0kdCecTY16tFXZ8b2GESH63aFSraJv8%3D&reserved=0,,"[""cinea-life""]",cinea-life,,2026-08-26T04:38:59Z,2026-08-26T00:12:06Z,2026-08-26T04:38:59Z,0.55
candidate-af21e9a81c5fdf61,Funding & Tenders Portal,Candidate observed on an official source page; detail verification pending.,European Commission / CINEA,opportunity_candidate,"[""financing""]","[""biodiversity"", ""circular_economy"", ""climate"", ""energy"", ""nature""]",[],[],{},,CANDIDATE,SIGNAL,SIGNAL,False,UNCHANGED,https://can01.safelinks.protection.outlook.com/?url=https%3A%2F%2Fec.europa.eu%2Finfo%2Ffunding-tenders%2Fopportunities%2Fportal%2Fscreen%2Fopportunities%2Fcalls-for-proposals%3Fstatus%3D31094503%2C31094501%2C31094502%26frameworkProgramme%3D43252405%26order%3DDESC%26pageNumber%3D1%26pageSize%3D50%26sortBy%3DstartDate&data=05%7C02%7CMaria.Ramirez%40stantec.com%7C739f3bc8e90b4310891808deb00c4312%7C413c6f2c219a469297d3f2b4d80281e7%7C0%7C0%7C639141763902088964%7CUnknown%7CTWFpbGZsb3d8eyJFbXB0eU1hcGkiOnRydWUsIlYiOiIwLjAuMDAwMCIsIlAiOiJXaW4zMiIsIkFOIjoiTWFpbCIsIldUIjoyfQ%3D%3D%7C0%7C%7C%7C&sdata=IpRvc%2FTAF%2Fb05yVkj05u%2BgEg2L9eVM6Hggh46NWb3i8%3D&reserved=0,,"[""cinea-life""]",cinea-life,,2026-08-26T04:38:59Z,2026-08-26T00:12:06Z,2026-08-26T04:38:59Z,0.55
candidate-f02d625a6de51ca4,INDUSTRY: Supporting the clean energy transition of European industry and businesses,Candidate observed on an official source page; detail verification pending.,European Commission / CINEA,opportunity_candidate,"[""energy""]","[""biodiversity"", ""circular_economy"", ""climate"", ""energy"", ""nature""]",[],[],{},,CANDIDATE,SIGNAL,SIGNAL,False,UNCHANGED,https://can01.safelinks.protection.outlook.com/?url=https%3A%2F%2Fcinea.ec.europa.eu%2Ffunding-opportunities%2Fcalls-proposals%2Fsupporting-clean-energy-transition-european-industry-and-businesses-0_en&data=05%7C02%7CMaria.Ramirez%40stantec.com%7C7937e05a74a54cf3d32a08de9fb26f1d%7C413c6f2c219a469297d3f2b4d80281e7%7C0%7C0%7C639123785905680820%7CUnknown%7CTWFpbGZsb3d8eyJFbXB0eU1hcGkiOnRydWUsIlYiOiIwLjAuMDAwMCIsIlAiOiJXaW4zMiIsIkFOIjoiTWFpbCIsIldUIjoyfQ%3D%3D%7C0%7C%7C%7C&sdata=w5JekUDl18guOL1PGRFLb9ckrEgTVDQp5yu71R7m0FQ%3D&reserved=0,,"[""cinea-life""]",cinea-life,,2026-08-26T04:38:59Z,2026-08-26T00:12:06Z,2026-08-26T04:38:59Z,0.55
candidate-5ce3b67f1f2791d4,LIFE Calls for proposals 2025,Candidate observed on an official source page; detail verification pending.,European Commission / CINEA,opportunity_candidate,[],"[""biodiversity"", ""circular_economy"", ""climate"", ""energy"", ""nature""]",[],[],{},,CANDIDATE,SIGNAL,SIGNAL,False,UNCHANGED,https://cinea.ec.europa.eu/life-calls-proposals-2025_en,,"[""cinea-life""]",cinea-life,,2026-08-26T04:38:59Z,2026-08-26T00:12:06Z,2026-08-26T04:38:59Z,0.55
candidate-846f953b8c4b4eab,NGO Call for proposals on European Green Deal,Candidate observed on an official source page; detail verification pending.,European Commission / CINEA,opportunity_candidate,[],"[""biodiversity"", ""circular_economy"", ""climate"", ""energy"", ""nature""]",[],[],{},,CANDIDATE,SIGNAL,SIGNAL,False,UNCHANGED,https://cinea.ec.europa.eu/programmes/life/life-calls-proposals/life-2020-call-proposals-ngos-european-green-deal-ngo4gd_en,,"[""cinea-life""]",cinea-life,,2026-08-26T04:38:59Z,2026-08-26T00:12:06Z,2026-08-26T04:38:59Z,0.55
candidate-058dd2878f6d3ba5,One-Stop-Shops: Integrated services for clean energy transition in private buildings,Candidate observed on an official source page; detail verification pending.,European Commission / CINEA,opportunity_candidate,"[""energy""]","[""biodiversity"", ""circular_economy"", ""climate"", ""energy"", ""nature""]",[],[],{},,CANDIDATE,SIGNAL,SIGNAL,False,UNCHANGED,https://can01.safelinks.protection.outlook.com/?url=https%3A%2F%2Fcinea.ec.europa.eu%2Ffunding-opportunities%2Fcalls-proposals%2Fone-stop-shops-integrated-services-clean-energy-transition-private-buildings_en&data=05%7C02%7CMaria.Ramirez%40stantec.com%7C7937e05a74a54cf3d32a08de9fb26f1d%7C413c6f2c219a469297d3f2b4d80281e7%7C0%7C0%7C639123785905782036%7CUnknown%7CTWFpbGZsb3d8eyJFbXB0eU1hcGkiOnRydWUsIlYiOiIwLjAuMDAwMCIsIlAiOiJXaW4zMiIsIkFOIjoiTWFpbCIsIldUIjoyfQ%3D%3D%7C0%7C%7C%7C&sdata=OtZRHB2imDNuvv5j9FKmhj4q8wJxfBo%2BFmhkgaA51Gk%3D&reserved=0,,"[""cinea-life""]",cinea-life,,2026-08-26T04:38:59Z,2026-08-26T00:12:06Z,2026-08-26T04:38:59Z,0.55
candidate-693a719fec988ff1,POLICY: Towards an effective implementation of key legislation in the field of sustainable energy,Candidate observed on an official source page; detail verification pending.,European Commission / CINEA,opportunity_candidate,"[""energy"", ""sustainability""]","[""biodiversity"", ""circular_economy"", ""climate"", ""energy"", ""nature""]",[],[],{},,CANDIDATE,SIGNAL,SIGNAL,False,UNCHANGED,https://can01.safelinks.protection.outlook.com/?url=https%3A%2F%2Fcinea.ec.europa.eu%2Ffunding-opportunities%2Fcalls-proposals%2Ftowards-effective-implementation-key-legislation-field-sustainable-energy-1_en&data=05%7C02%7CMaria.Ramirez%40stantec.com%7C7937e05a74a54cf3d32a08de9fb26f1d%7C413c6f2c219a469297d3f2b4d80281e7%7C0%7C0%7C639123785905603231%7CUnknown%7CTWFpbGZsb3d8eyJFbXB0eU1hcGkiOnRydWUsIlYiOiIwLjAuMDAwMCIsIlAiOiJXaW4zMiIsIkFOIjoiTWFpbCIsIldUIjoyfQ%3D%3D%7C0%7C%7C%7C&sdata=1ZrS0BdqT74QquQQ7DjsB28WSdfZKj5sbcfAYfsxgho%3D&reserved=0,,"[""cinea-life""]",cinea-life,,2026-08-26T04:38:59Z,2026-08-26T00:12:06Z,2026-08-26T04:38:59Z,0.55
candidate-2653791e052097c9,Specific Operating Grant Agreements (SGA OG) to Non-Governmental Organisations,Candidate observed on an official source page; detail verification pending.,European Commission / CINEA,opportunity_candidate,"[""financing""]","[""biodiversity"", ""circular_economy"", ""climate"", ""energy"", ""nature""]",[],[],{},,CANDIDATE,SIGNAL,SIGNAL,False,UNCHANGED,https://cinea.ec.europa.eu/funding-opportunities/calls-proposals/specific-operating-grant-agreements-sga-og-non-governmental-organisations_en,,"[""cinea-life""]",cinea-life,,2026-08-26T04:38:59Z,2026-08-26T00:12:06Z,2026-08-26T04:38:59Z,0.55
candidate-dfae0b3ac4f090f9,Standard Action Projects (SAPs) for Circular Economy and Zero Pollution - Environment,Candidate observed on an official source page; detail verification pending.,European Commission / CINEA,opportunity_candidate,"[""circular_economy""]","[""biodiversity"", ""circular_economy"", ""climate"", ""energy"", ""nature""]",[],[],{},,CANDIDATE,SIGNAL,SIGNAL,False,UNCHANGED,https://cinea.ec.europa.eu/funding-opportunities/calls-proposals/standard-action-projects-saps-circular-economy-and-zero-pollution-environment-0_en,,"[""cinea-life""]",cinea-life,,2026-08-26T04:38:59Z,2026-08-26T00:12:06Z,2026-08-26T04:38:59Z,0.55
candidate-3f8fef7e69bf05b1,Standard Action Projects (SAPs) for Environmental Governance,Candidate observed on an official source page; detail verification pending.,European Commission / CINEA,opportunity_candidate,[],"[""biodiversity"", ""circular_economy"", ""climate"", ""energy"", ""nature""]",[],[],{},,CANDIDATE,SIGNAL,SIGNAL,False,UNCHANGED,https://can01.safelinks.protection.outlook.com/?url=https%3A%2F%2Fcinea.ec.europa.eu%2Ffunding-opportunities%2Fcalls-proposals%2Fstandard-action-projects-saps-environmental-governance-0_en&data=05%7C02%7CMaria.Ramirez%40stantec.com%7C7937e05a74a54cf3d32a08de9fb26f1d%7C413c6f2c219a469297d3f2b4d80281e7%7C0%7C0%7C639123785905276815%7CUnknown%7CTWFpbGZsb3d8eyJFbXB0eU1hcGkiOnRydWUsIlYiOiIwLjAuMDAwMCIsIlAiOiJXaW4zMiIsIkFOIjoiTWFpbCIsIldUIjoyfQ%3D%3D%7C0%7C%7C%7C&sdata=cUiEvpdqlG0sqamPZl0HsiTOLExX6ugOwg8gie0gDKQ%3D&reserved=0,,"[""cinea-life""]",cinea-life,,2026-08-26T04:38:59Z,2026-08-26T00:12:06Z,2026-08-26T04:38:59Z,0.55
candidate-912a5de23952ebf0,Calls for proposals,Candidate observed on an official source page; detail verification pending.,European Commission / CINEA,opportunity_candidate,[],"[""biodiversity"", ""circular_economy"", ""climate"", ""energy"", ""nature""]",[],[],{},,CANDIDATE,SIGNAL,SIGNAL,False,UNCHANGED,https://cinea.ec.europa.eu/funding-opportunities/calls-proposals_en,,"[""cinea-life""]",cinea-life,,2026-08-26T04:38:59Z,2026-08-26T00:12:06Z,2026-08-26T04:38:59Z,0.55
candidate-355f59266f505bd6,Framework Partnership Agreements (FPA OG),Candidate observed on an official source page; detail verification pending.,European Commission / CINEA,opportunity_candidate,[],"[""biodiversity"", ""circular_economy"", ""climate"", ""energy"", ""nature""]",[],[],{},,CANDIDATE,SIGNAL,SIGNAL,False,UNCHANGED,https://cinea.ec.europa.eu/funding-opportunities/calls-proposals/framework-partnership-agreements-fpa-og-0_en,,"[""cinea-life""]",cinea-life,,2026-08-26T04:38:59Z,2026-08-26T00:12:06Z,2026-08-26T04:38:59Z,0.55
candidate-1c82f889971239df,"HEATCOOLPLAN: Supporting the delivery of actionable, integrated, and comprehensive local heating and cooling plans",Candidate observed on an official source page; detail verification pending.,European Commission / CINEA,opportunity_candidate,[],"[""biodiversity"", ""circular_economy"", ""climate"", ""energy"", ""nature""]",[],[],{},,CANDIDATE,SIGNAL,SIGNAL,False,UNCHANGED,https://can01.safelinks.protection.outlook.com/?url=https%3A%2F%2Fcinea.ec.europa.eu%2Ffunding-opportunities%2Fcalls-proposals%2Fsupporting-delivery-actionable-integrated-and-comprehensive-local-heating-and-cooling-plans_en&data=05%7C02%7CMaria.Ramirez%40stantec.com%7C7937e05a74a54cf3d32a08de9fb26f1d%7C413c6f2c219a469297d3f2b4d80281e7%7C0%7C0%7C639123785905584363%7CUnknown%7CTWFpbGZsb3d8eyJFbXB0eU1hcGkiOnRydWUsIlYiOiIwLjAuMDAwMCIsIlAiOiJXaW4zMiIsIkFOIjoiTWFpbCIsIldUIjoyfQ%3D%3D%7C0%7C%7C%7C&sdata=4Aog88iekC21cIo5FwrryYt%2Fh5CrZZfZiOOTl%2B5xBlA%3D&reserved=0,,"[""cinea-life""]",cinea-life,,2026-08-26T04:38:59Z,2026-08-26T00:12:06Z,2026-08-26T04:38:59Z,0.55
candidate-80750435b8b9649c,Older 2018 and 2017 calls are available on the archived LIFE website,Candidate observed on an official source page; detail verification pending.,European Commission / CINEA,opportunity_candidate,[],"[""biodiversity"", ""circular_economy"", ""climate"", ""energy"", ""nature""]",[],[],{},,CANDIDATE,SIGNAL,SIGNAL,False,UNCHANGED,http://ec.europa.eu/environment/archives/life/funding/life2018/index.htm,,"[""cinea-life""]",cinea-life,,2026-08-26T04:38:59Z,2026-08-26T00:12:06Z,2026-08-26T04:38:59Z,0.55
candidate-42688bfff41eeca4,PRIVAFIN: Crowding in private finance,Candidate observed on an official source page; detail verification pending.,European Commission / CINEA,opportunity_candidate,[],"[""biodiversity"", ""circular_economy"", ""climate"", ""energy"", ""nature""]",[],[],{},,CANDIDATE,SIGNAL,SIGNAL,False,UNCHANGED,https://can01.safelinks.protection.outlook.com/?url=https%3A%2F%2Fcinea.ec.europa.eu%2Ffunding-opportunities%2Fcalls-proposals%2Fcrowding-private-finance-1_en&data=05%7C02%7CMaria.Ramirez%40stantec.com%7C7937e05a74a54cf3d32a08de9fb26f1d%7C413c6f2c219a469297d3f2b4d80281e7%7C0%7C0%7C639123785905762180%7CUnknown%7CTWFpbGZsb3d8eyJFbXB0eU1hcGkiOnRydWUsIlYiOiIwLjAuMDAwMCIsIlAiOiJXaW4zMiIsIkFOIjoiTWFpbCIsIldUIjoyfQ%3D%3D%7C0%7C%7C%7C&sdata=OPL7Em7d8rsNIlrrnJNPUOqtuNqKDoZPnc79UrC4Pc8%3D&reserved=0,,"[""cinea-life""]",cinea-life,,2026-08-26T04:38:59Z,2026-08-26T00:12:06Z,2026-08-26T04:38:59Z,0.55
candidate-428ae89fc5ee62ef,RENEWHC: Strengthening national frameworks for renewable and efficient heating and cooling in existing buildings,Candidate observed on an official source page; detail verification pending.,European Commission / CINEA,opportunity_candidate,"[""energy""]","[""biodiversity"", ""circular_economy"", ""climate"", ""energy"", ""nature""]",[],[],{},,CANDIDATE,SIGNAL,SIGNAL,False,UNCHANGED,https://can01.safelinks.protection.outlook.com/?url=https%3A%2F%2Fcinea.ec.europa.eu%2Ffunding-opportunities%2Fcalls-proposals%2Fstrengthening-national-frameworks-renewable-and-efficient-heating-and-cooling-existing-buildings_en&data=05%7C02%7CMaria.Ramirez%40stantec.com%7C7937e05a74a54cf3d32a08de9fb26f1d%7C413c6f2c219a469297d3f2b4d80281e7%7C0%7C0%7C639123785905622013%7CUnknown%7CTWFpbGZsb3d8eyJFbXB0eU1hcGkiOnRydWUsIlYiOiIwLjAuMDAwMCIsIlAiOiJXaW4zMiIsIkFOIjoiTWFpbCIsIldUIjoyfQ%3D%3D%7C0%7C%7C%7C&sdata=8pvZpv8tN5W3muwcZs8QvHXh2hV55UzwaHJgiv5l%2B84%3D&reserved=0,,"[""cinea-life""]",cinea-life,,2026-08-26T04:38:59Z,2026-08-26T00:12:06Z,2026-08-26T04:38:59Z,0.55
candidate-f3edc3c99686583d,en English,Candidate observed on an official source page; detail verification pending.,European Commission / CINEA,opportunity_candidate,[],"[""biodiversity"", ""circular_economy"", ""climate"", ""energy"", ""nature""]",[],[],{},,CANDIDATE,SIGNAL,SIGNAL,False,UNCHANGED,https://cinea.ec.europa.eu/life-calls-proposals-2026_en,,"[""cinea-life""]",cinea-life,,2026-08-26T04:38:59Z,2026-08-26T00:12:06Z,2026-08-26T04:38:59Z,0.55
candidate-4d401025d0acde26,Technical Assistance for the preparation of SIPs - Environment,Candidate observed on an official source page; detail verification pending.,European Commission / CINEA,opportunity_candidate,[],"[""biodiversity"", ""circular_economy"", ""climate"", ""energy"", ""nature""]",[],[],{},,CANDIDATE,SIGNAL,SIGNAL,False,UNCHANGED,https://can01.safelinks.protection.outlook.com/?url=https%3A%2F%2Fcinea.ec.europa.eu%2Ffunding-opportunities%2Fcalls-proposals%2Ftechnical-assistance-preparation-sips-environment-1_en&data=05%7C02%7CMaria.Ramirez%40stantec.com%7C7937e05a74a54cf3d32a08de9fb26f1d%7C413c6f2c219a469297d3f2b4d80281e7%7C0%7C0%7C639123785905362305%7CUnknown%7CTWFpbGZsb3d8eyJFbXB0eU1hcGkiOnRydWUsIlYiOiIwLjAuMDAwMCIsIlAiOiJXaW4zMiIsIkFOIjoiTWFpbCIsIldUIjoyfQ%3D%3D%7C0%7C%7C%7C&sdata=gh%2BEdFnD9tw2boVcAKYbnbL3Y29a0gHH3KVWm6r0yBU%3D&reserved=0,,"[""cinea-life""]",cinea-life,,2026-08-26T04:38:59Z,2026-08-26T00:12:06Z,2026-08-26T04:38:59Z,0.55
candidate-8210d8ab09abc0ff,Technical Assistance for the preparation of SNAPs,Candidate observed on an official source page; detail verification pending.,European Commission / CINEA,opportunity_candidate,[],"[""biodiversity"", ""circular_economy"", ""climate"", ""energy"", ""nature""]",[],[],{},,CANDIDATE,SIGNAL,SIGNAL,False,UNCHANGED,https://can01.safelinks.protection.outlook.com/?url=https%3A%2F%2Fcinea.ec.europa.eu%2Ffunding-opportunities%2Fcalls-proposals%2Ftechnical-assistance-preparation-snaps-1_en&data=05%7C02%7CMaria.Ramirez%40stantec.com%7C7937e05a74a54cf3d32a08de9fb26f1d%7C413c6f2c219a469297d3f2b4d80281e7%7C0%7C0%7C639123785905342217%7CUnknown%7CTWFpbGZsb3d8eyJFbXB0eU1hcGkiOnRydWUsIlYiOiIwLjAuMDAwMCIsIlAiOiJXaW4zMiIsIkFOIjoiTWFpbCIsIldUIjoyfQ%3D%3D%7C0%7C%7C%7C&sdata=jkkVSqUqPN7k5lFixfsDfmbI8L8Vy0r2yD7rJEdRyTU%3D&reserved=0,,"[""cinea-life""]",cinea-life,,2026-08-26T04:38:59Z,2026-08-26T00:12:06Z,2026-08-26T04:38:59Z,0.55
candidate-116d9175991835b6,bg български,Candidate observed on an official source page; detail verification pending.,European Commission / CINEA,opportunity_candidate,[],"[""biodiversity"", ""circular_economy"", ""climate"", ""energy"", ""nature""]",[],[],{},,CANDIDATE,SIGNAL,SIGNAL,False,UNCHANGED,https://cinea.ec.europa.eu/life-calls-proposals-2026_bg,,"[""cinea-life""]",cinea-life,,2026-08-26T04:38:59Z,2026-08-26T00:12:06Z,2026-08-26T04:38:59Z,0.55
candidate-10f5a9bec6f678d0,cs čeština,Candidate observed on an official source page; detail verification pending.,European Commission / CINEA,opportunity_candidate,[],"[""biodiversity"", ""circular_economy"", ""climate"", ""energy"", ""nature""]",[],[],{},,CANDIDATE,SIGNAL,SIGNAL,False,UNCHANGED,https://cinea.ec.europa.eu/life-calls-proposals-2026_cs,,"[""cinea-life""]",cinea-life,,2026-08-26T04:38:59Z,2026-08-26T00:12:06Z,2026-08-26T04:38:59Z,0.55
candidate-8f08bc4720479a96,da dansk,Candidate observed on an official source page; detail verification pending.,European Commission / CINEA,opportunity_candidate,[],"[""biodiversity"", ""circular_economy"", ""climate"", ""energy"", ""nature""]",[],[],{},,CANDIDATE,SIGNAL,SIGNAL,False,UNCHANGED,https://cinea.ec.europa.eu/life-calls-proposals-2026_da,,"[""cinea-life""]",cinea-life,,2026-08-26T04:38:59Z,2026-08-26T00:12:06Z,2026-08-26T04:38:59Z,0.55
candidate-b8688dc545a55297,de Deutsch,Candidate observed on an official source page; detail verification pending.,European Commission / CINEA,opportunity_candidate,[],"[""biodiversity"", ""circular_economy"", ""climate"", ""energy"", ""nature""]",[],[],{},,CANDIDATE,SIGNAL,SIGNAL,False,UNCHANGED,https://cinea.ec.europa.eu/life-calls-proposals-2026_de,,"[""cinea-life""]",cinea-life,,2026-08-26T04:38:59Z,2026-08-26T00:12:06Z,2026-08-26T04:38:59Z,0.55
candidate-a3a95d00acda9bc1,el ελληνικά,Candidate observed on an official source page; detail verification pending.,European Commission / CINEA,opportunity_candidate,[],"[""biodiversity"", ""circular_economy"", ""climate"", ""energy"", ""nature""]",[],[],{},,CANDIDATE,SIGNAL,SIGNAL,False,UNCHANGED,https://cinea.ec.europa.eu/life-calls-proposals-2026_el,,"[""cinea-life""]",cinea-life,,2026-08-26T04:38:59Z,2026-08-26T00:12:06Z,2026-08-26T04:38:59Z,0.55
candidate-730e63a6e025d759,es español,Candidate observed on an official source page; detail verification pending.,European Commission / CINEA,opportunity_candidate,[],"[""biodiversity"", ""circular_economy"", ""climate"", ""energy"", ""nature""]",[],[],{},,CANDIDATE,SIGNAL,SIGNAL,False,UNCHANGED,https://cinea.ec.europa.eu/life-calls-proposals-2026_es,,"[""cinea-life""]",cinea-life,,2026-08-26T04:38:59Z,2026-08-26T00:12:06Z,2026-08-26T04:38:59Z,0.55
candidate-bd1e7b0ac561d831,Edital Conexão Oceano tem novo selecionado na categoria Jornalismo,Candidate observed on an official source page; detail verification pending.,Fundação Grupo Boticário,opportunity_candidate,[],"[""biodiversity"", ""climate"", ""conservation"", ""ocean"", ""sustainability"", ""water""]",[],[],{},,CANDIDATE,SIGNAL,SIGNAL,False,UNCHANGED,https://fundacaogrupoboticario.org.br/edital-conexao-oceano-tem-novo-selecionado-na-categoria-jornalismo/,,"[""fundacao-boticario-editais""]",fundacao-boticario-editais,,2026-08-26T04:38:59Z,2026-08-26T03:39:09Z,2026-08-26T04:38:59Z,0.55
candidate-c573aa4509e71004,Edital Conexão Oceano divulga os dez projetos artísticos e de reportagem que serão apoiados para retratar a conexão entre o mar e a arte,Candidate observed on an official source page; detail verification pending.,Fundação Grupo Boticário,opportunity_candidate,"[""culture""]","[""biodiversity"", ""climate"", ""conservation"", ""ocean"", ""sustainability"", ""water""]",[],[],{},,CANDIDATE,SIGNAL,SIGNAL,False,UNCHANGED,https://fundacaogrupoboticario.org.br/conexao-oceano-vencedores-fundacao-boticario/,,"[""fundacao-boticario-editais""]",fundacao-boticario-editais,,2026-08-26T04:38:59Z,2026-08-26T03:39:09Z,2026-08-26T04:38:59Z,0.55
candidate-b6b461286bd844f8,Edital Conexão Oceano tem inscrições prorrogadas até 27 de abril,Candidate observed on an official source page; detail verification pending.,Fundação Grupo Boticário,opportunity_candidate,[],"[""biodiversity"", ""climate"", ""conservation"", ""ocean"", ""sustainability"", ""water""]",[],[],{},,CANDIDATE,SIGNAL,SIGNAL,False,UNCHANGED,https://fundacaogrupoboticario.org.br/edital-conexao-oceano-tem-inscricoes-prorrogadas-ate-27-de-abril/,,"[""fundacao-boticario-editais""]",fundacao-boticario-editais,,2026-08-26T04:38:59Z,2026-08-26T03:39:09Z,2026-08-26T04:38:59Z,0.55
candidate-047ddd81b2187fca,Edital oferece bolsas a jornalistas e artistas para produções sobre o oceano,Candidate observed on an official source page; detail verification pending.,Fundação Grupo Boticário,opportunity_candidate,[],"[""biodiversity"", ""climate"", ""conservation"", ""ocean"", ""sustainability"", ""water""]",[],[],{},,CANDIDATE,SIGNAL,SIGNAL,False,UNCHANGED,https://fundacaogrupoboticario.org.br/edital-oferece-bolsas-a-jornalistas-e-artistas-para-producoes-sobre-o-oceano/,,"[""fundacao-boticario-editais""]",fundacao-boticario-editais,,2026-08-26T04:38:59Z,2026-08-26T03:39:09Z,2026-08-26T04:38:59Z,0.55
candidate-0f60989072081814,Governo de Goiás e Fundação Grupo Boticário lançam edital para prevenção de incêndios no Cerrado,Candidate observed on an official source page; detail verification pending.,Fundação Grupo Boticário,opportunity_candidate,[],"[""biodiversity"", ""climate"", ""conservation"", ""ocean"", ""sustainability"", ""water""]",[],[],{},,CANDIDATE,SIGNAL,SIGNAL,False,UNCHANGED,https://fundacaogrupoboticario.org.br/governo-de-goias-e-fundacao-grupo-boticario-lancam-edital-para-prevencao-de-incendios-no-cerrado/,,"[""fundacao-boticario-editais""]",fundacao-boticario-editais,,2026-08-26T04:38:59Z,2026-08-26T03:39:09Z,2026-08-26T04:38:59Z,0.55
candidate-e90985776bb4ef12,Edital divulga fotografias e projetos de reportagem vencedores sobre o oceano,Candidate observed on an official source page; detail verification pending.,Fundação Grupo Boticário,opportunity_candidate,[],"[""biodiversity"", ""climate"", ""conservation"", ""ocean"", ""sustainability"", ""water""]",[],[],{},,CANDIDATE,SIGNAL,SIGNAL,False,UNCHANGED,https://fundacaogrupoboticario.org.br/edital-divulga-fotografias-e-projetos-de-reportagem-vencedores-sobre-o-oceano/,,"[""fundacao-boticario-editais""]",fundacao-boticario-editais,,2026-08-26T04:38:59Z,2026-08-26T03:39:09Z,2026-08-26T04:38:59Z,0.55
candidate-67497db16b64b31d,Edital Conexão Oceano divulga os cinco projetos de reportagem vencedores sobre a relação do mar com a prática esportiva,Candidate observed on an official source page; detail verification pending.,Fundação Grupo Boticário,opportunity_candidate,"[""sport""]","[""biodiversity"", ""climate"", ""conservation"", ""ocean"", ""sustainability"", ""water""]",[],[],{},,CANDIDATE,SIGNAL,SIGNAL,False,UNCHANGED,https://fundacaogrupoboticario.org.br/edital-conexao-oceano-divulga-os-cinco-projetos-de-reportagem-vencedores-sobre-a-relacao-do-mar-com-a-pratica-esportiva/,,"[""fundacao-boticario-editais""]",fundacao-boticario-editais,,2026-08-26T04:38:59Z,2026-08-26T03:39:09Z,2026-08-26T04:38:59Z,0.55
candidate-57e86448ab62b2c0,15 trabalhos fotográficos disputam o Voto Popular no 2º Edital Conexão Oceano,Candidate observed on an official source page; detail verification pending.,Fundação Grupo Boticário,opportunity_candidate,[],"[""biodiversity"", ""climate"", ""conservation"", ""ocean"", ""sustainability"", ""water""]",[],[],{},,CANDIDATE,SIGNAL,SIGNAL,False,UNCHANGED,https://fundacaogrupoboticario.org.br/15-trabalhos-fotograficos-disputam-o-voto-popular-no-2o-edital-conexao-oceano/,,"[""fundacao-boticario-editais""]",fundacao-boticario-editais,,2026-08-26T04:38:59Z,2026-08-26T03:39:09Z,2026-08-26T04:38:59Z,0.55
candidate-94f4b67fdec45748,Chamada seleciona soluções para fortalecer áreas naturais protegidas,Candidate observed on an official source page; detail verification pending.,Fundação Grupo Boticário,opportunity_candidate,[],"[""biodiversity"", ""climate"", ""conservation"", ""ocean"", ""sustainability"", ""water""]",[],[],{},,CANDIDATE,SIGNAL,SIGNAL,False,UNCHANGED,https://fundacaogrupoboticario.org.br/chamada-seleciona-solucoes-para-fortalecer-areas-naturais-protegidas/,,"[""fundacao-boticario-editais""]",fundacao-boticario-editais,,2026-08-26T04:38:59Z,2026-08-26T03:39:09Z,2026-08-26T04:38:59Z,0.55
candidate-bf479184fa5f6cdc,Inscrições abertas para mais uma edição do Programa Natureza Empreendedora,Candidate observed on an official source page; detail verification pending.,Fundação Grupo Boticário,opportunity_candidate,"[""sustainability""]","[""biodiversity"", ""climate"", ""conservation"", ""ocean"", ""sustainability"", ""water""]",[],[],{},,CANDIDATE,SIGNAL,SIGNAL,False,UNCHANGED,https://fundacaogrupoboticario.org.br/inscricoes-abertas-para-mais-uma-edicao-do-programa-natureza-empreendedora/,,"[""fundacao-boticario-editais""]",fundacao-boticario-editais,,2026-08-26T04:38:59Z,2026-08-26T03:39:09Z,2026-08-26T04:38:59Z,0.55
candidate-19198511c32f156b,Inscrições abertas para Programa de capacitação para entidades socioambientais,Candidate observed on an official source page; detail verification pending.,Fundação Grupo Boticário,opportunity_candidate,[],"[""biodiversity"", ""climate"", ""conservation"", ""ocean"", ""sustainability"", ""water""]",[],[],{},,CANDIDATE,SIGNAL,SIGNAL,False,UNCHANGED,https://fundacaogrupoboticario.org.br/inscricoes-abertas-para-programa-de-capacitacao-para-entidades-socioambientais/,,"[""fundacao-boticario-editais""]",fundacao-boticario-editais,,2026-08-26T04:38:59Z,2026-08-26T03:39:09Z,2026-08-26T04:38:59Z,0.55
candidate-1f8d206c63279d7b,Edital Conexão Oceano oferece bolsas para a produção de reportagens e prêmio para fotografias,Candidate observed on an official source page; detail verification pending.,Fundação Grupo Boticário,opportunity_candidate,[],"[""biodiversity"", ""climate"", ""conservation"", ""ocean"", ""sustainability"", ""water""]",[],[],{},,CANDIDATE,SIGNAL,SIGNAL,False,UNCHANGED,https://fundacaogrupoboticario.org.br/edital-conexao-oceano-oferece-bolsas-para-a-producao-de-reportagens-e-premio-para-fotografias/,,"[""fundacao-boticario-editais""]",fundacao-boticario-editais,,2026-08-26T04:38:59Z,2026-08-26T03:39:09Z,2026-08-26T04:38:59Z,0.55
candidate-1131e3d59903307c,Inscrições abertas: Soluções para a região da Baía de Guanabara serão cocriadas em laboratório de inovação,Candidate observed on an official source page; detail verification pending.,Fundação Grupo Boticário,opportunity_candidate,"[""innovation""]","[""biodiversity"", ""climate"", ""conservation"", ""ocean"", ""sustainability"", ""water""]",[],[],{},,CANDIDATE,SIGNAL,SIGNAL,False,UNCHANGED,https://fundacaogrupoboticario.org.br/inscricoes-abertas-solucoes-para-a-regiao-da-baia-de-guanabara-serao-cocriadas-em-laboratorio-de-inovacao/,,"[""fundacao-boticario-editais""]",fundacao-boticario-editais,,2026-08-26T04:38:59Z,2026-08-26T03:39:09Z,2026-08-26T04:38:59Z,0.55
candidate-e63368ad00c1359e,Inscrições abertas para evento sobre turismo em áreas naturais,Candidate observed on an official source page; detail verification pending.,Fundação Grupo Boticário,opportunity_candidate,"[""tourism""]","[""biodiversity"", ""climate"", ""conservation"", ""ocean"", ""sustainability"", ""water""]",[],[],{},,CANDIDATE,SIGNAL,SIGNAL,False,UNCHANGED,https://fundacaogrupoboticario.org.br/inscricoes-abertas-para-evento-sobre-turismo-em-areas-naturais/,,"[""fundacao-boticario-editais""]",fundacao-boticario-editais,,2026-08-26T04:38:59Z,2026-08-26T03:39:09Z,2026-08-26T04:38:59Z,0.55
candidate-636f92d55376755c,Chamada por soluções para a conservação e desenvolvimento do Cerrado tem inscrições prorrogadas,Candidate observed on an official source page; detail verification pending.,Fundação Grupo Boticário,opportunity_candidate,"[""sustainability""]","[""biodiversity"", ""climate"", ""conservation"", ""ocean"", ""sustainability"", ""water""]",[],[],{},,CANDIDATE,SIGNAL,SIGNAL,False,UNCHANGED,https://fundacaogrupoboticario.org.br/chamada-por-solucoes-para-a-conservacao-e-desenvolvimento-do-cerrado-tem-inscricoes-prorrogadas/,,"[""fundacao-boticario-editais""]",fundacao-boticario-editais,,2026-08-26T04:38:59Z,2026-08-26T03:39:09Z,2026-08-26T04:38:59Z,0.55
candidate-7d3d03d358df3b5f,Inscrições abertas em busca de soluções para proteger o Cerrado,Candidate observed on an official source page; detail verification pending.,Fundação Grupo Boticário,opportunity_candidate,[],"[""biodiversity"", ""climate"", ""conservation"", ""ocean"", ""sustainability"", ""water""]",[],[],{},,CANDIDATE,SIGNAL,SIGNAL,False,UNCHANGED,https://fundacaogrupoboticario.org.br/inscricoes-abertas-em-busca-de-solucoes-para-proteger-o-cerrado/,,"[""fundacao-boticario-editais""]",fundacao-boticario-editais,,2026-08-26T04:38:59Z,2026-08-26T03:39:09Z,2026-08-26T04:38:59Z,0.55
candidate-51fb6114abc6739f,Edital seleciona cinco propostas de reportagem sobre legislação e políticas públicas costeiro-marinhas,Candidate observed on an official source page; detail verification pending.,Fundação Grupo Boticário,opportunity_candidate,"[""public_policy""]","[""biodiversity"", ""climate"", ""conservation"", ""ocean"", ""sustainability"", ""water""]",[],[],{},,CANDIDATE,SIGNAL,SIGNAL,False,UNCHANGED,https://fundacaogrupoboticario.org.br/edital-seleciona-cinco-propostas-de-reportagem-sobre-legislacao-e-politicas-publicas-costeiro-marinhas/,,"[""fundacao-boticario-editais""]",fundacao-boticario-editais,,2026-08-26T04:38:59Z,2026-08-26T03:39:09Z,2026-08-26T04:38:59Z,0.55
candidate-e52c5fd6da24516d,Camp Oceano: conheça as 25 soluções selecionadas para a fase de mentoria e detalhamento,Candidate observed on an official source page; detail verification pending.,Fundação Grupo Boticário,opportunity_candidate,[],"[""biodiversity"", ""climate"", ""conservation"", ""ocean"", ""sustainability"", ""water""]",[],[],{},,CANDIDATE,SIGNAL,SIGNAL,False,UNCHANGED,https://fundacaogrupoboticario.org.br/camp-oceano-conheca-as-25-solucoes-selecionadas-para-a-fase-de-mentoria-e-detalhamento/,,"[""fundacao-boticario-editais""]",fundacao-boticario-editais,,2026-08-26T04:38:59Z,2026-08-26T03:39:09Z,2026-08-26T04:38:59Z,0.55
candidate-7b0f54a33de5b44e,Inscrições prorrogadas: Edital de jornalismo selecionará projetos de pauta para receber bolsas de R$ 8 mil,Candidate observed on an official source page; detail verification pending.,Fundação Grupo Boticário,opportunity_candidate,[],"[""biodiversity"", ""climate"", ""conservation"", ""ocean"", ""sustainability"", ""water""]",[],[],{},,CANDIDATE,SIGNAL,SIGNAL,False,UNCHANGED,https://fundacaogrupoboticario.org.br/inscricoes-prorrogadas-edital-de-jornalismo-selecionara-projetos-de-pauta-para-receber-bolsas-de-r-8-mil/,,"[""fundacao-boticario-editais""]",fundacao-boticario-editais,,2026-08-26T04:38:59Z,2026-08-26T03:39:09Z,2026-08-26T04:38:59Z,0.55
candidate-92a58aa2edd11009,"Inscrições prorrogadas: seleção destinará até R$ 1,5 milhão em favor da saúde do oceano",Candidate observed on an official source page; detail verification pending.,Fundação Grupo Boticário,opportunity_candidate,[],"[""biodiversity"", ""climate"", ""conservation"", ""ocean"", ""sustainability"", ""water""]",[],[],{},,CANDIDATE,SIGNAL,SIGNAL,False,UNCHANGED,https://fundacaogrupoboticario.org.br/inscricoes-prorrogadas-selecao-destinara-ate-r-15-milhao-em-favor-da-saude-do-oceano/,,"[""fundacao-boticario-editais""]",fundacao-boticario-editais,,2026-08-26T04:38:59Z,2026-08-26T03:39:09Z,2026-08-26T04:38:59Z,0.55
candidate-a4e91c7ca0132f8c,Edital Conexão Oceano de Comunicação Ambiental está com inscrições abertas até 31 de maio,Candidate observed on an official source page; detail verification pending.,Fundação Grupo Boticário,opportunity_candidate,"[""sustainability""]","[""biodiversity"", ""climate"", ""conservation"", ""ocean"", ""sustainability"", ""water""]",[],[],{},,CANDIDATE,SIGNAL,SIGNAL,False,UNCHANGED,https://fundacaogrupoboticario.org.br/edital-conexao-oceano-de-comunicacao-ambiental-esta-com-inscricoes-abertas-ate-31-de-maio/,,"[""fundacao-boticario-editais""]",fundacao-boticario-editais,,2026-08-26T04:38:59Z,2026-08-26T03:39:09Z,2026-08-26T04:38:59Z,0.55
candidate-3dc9ab3fa32dda97,Seis projetos inovadores de proteção da natureza são selecionados para receber apoio financeiro,Candidate observed on an official source page; detail verification pending.,Fundação Grupo Boticário,opportunity_candidate,"[""sustainability""]","[""biodiversity"", ""climate"", ""conservation"", ""ocean"", ""sustainability"", ""water""]",[],[],{},,CANDIDATE,SIGNAL,SIGNAL,False,UNCHANGED,https://fundacaogrupoboticario.org.br/seis-projetos-inovadores-de-protecao-da-natureza-sao-selecionados-para-receber-apoio-financeiro/,,"[""fundacao-boticario-editais""]",fundacao-boticario-editais,,2026-08-26T04:38:59Z,2026-08-26T03:39:09Z,2026-08-26T04:38:59Z,0.55
candidate-dae8176ed45ffc76,"Chamada busca negócios de impacto ambiental positivo nos litorais de SP, PR e SC",Candidate observed on an official source page; detail verification pending.,Fundação Grupo Boticário,opportunity_candidate,"[""economy"", ""sustainability""]","[""biodiversity"", ""climate"", ""conservation"", ""ocean"", ""sustainability"", ""water""]",[],[],{},,CANDIDATE,SIGNAL,SIGNAL,False,UNCHANGED,https://fundacaogrupoboticario.org.br/chamada-busca-negocios-de-impacto-ambiental-positivo-nos-litorais-de-sp-pr-e-sc/,,"[""fundacao-boticario-editais""]",fundacao-boticario-editais,,2026-08-26T04:38:59Z,2026-08-26T03:39:09Z,2026-08-26T04:38:59Z,0.55
candidate-e36d206e691e8160,Abertas as inscrições para descobrir os principais desafios para o turismo em áreas naturais no Brasil,Candidate observed on an official source page; detail verification pending.,Fundação Grupo Boticário,opportunity_candidate,"[""tourism""]","[""biodiversity"", ""climate"", ""conservation"", ""ocean"", ""sustainability"", ""water""]",[],[],{},,CANDIDATE,SIGNAL,SIGNAL,False,UNCHANGED,https://fundacaogrupoboticario.org.br/abertas-as-inscricoes-para-descobrir-os-principais-desafios-para-o-turismo-em-areas-naturais-no-brasil/,,"[""fundacao-boticario-editais""]",fundacao-boticario-editais,,2026-08-26T04:38:59Z,2026-08-26T03:39:09Z,2026-08-26T04:38:59Z,0.55
candidate-040ee2b3c88b90ae,Etapa de inscrição de desafios para teia está encerrada,Candidate observed on an official source page; detail verification pending.,Fundação Grupo Boticário,opportunity_candidate,[],"[""biodiversity"", ""climate"", ""conservation"", ""ocean"", ""sustainability"", ""water""]",[],[],{},,CANDIDATE,SIGNAL,SIGNAL,False,UNCHANGED,https://fundacaogrupoboticario.org.br/etapa-de-inscricao-de-desafios-para-teia-esta-encerrada/,,"[""fundacao-boticario-editais""]",fundacao-boticario-editais,,2026-08-26T04:38:59Z,2026-08-26T03:39:09Z,2026-08-26T04:38:59Z,0.55
candidate-31bb18828a558afd,Edital apoia projetos ambientais e de inovação no Paraná,Candidate observed on an official source page; detail verification pending.,Fundação Grupo Boticário,opportunity_candidate,"[""innovation""]","[""biodiversity"", ""climate"", ""conservation"", ""ocean"", ""sustainability"", ""water""]",[],[],{},,CANDIDATE,SIGNAL,SIGNAL,False,UNCHANGED,https://fundacaogrupoboticario.org.br/edital-apoia-projetos-ambientais-e-de-inovacao-no-parana/,,"[""fundacao-boticario-editais""]",fundacao-boticario-editais,,2026-08-26T04:38:59Z,2026-08-26T03:39:09Z,2026-08-26T04:38:59Z,0.55
candidate-9190a4d694a4dd92,Inscrições abertas para evento internacional de áreas protegidas,Candidate observed on an official source page; detail verification pending.,Fundação Grupo Boticário,opportunity_candidate,[],"[""biodiversity"", ""climate"", ""conservation"", ""ocean"", ""sustainability"", ""water""]",[],[],{},,CANDIDATE,SIGNAL,SIGNAL,False,UNCHANGED,https://fundacaogrupoboticario.org.br/inscricoes-abertas-para-evento-internacional-de-areas-protegidas/,,"[""fundacao-boticario-editais""]",fundacao-boticario-editais,,2026-08-26T04:38:59Z,2026-08-26T03:39:09Z,2026-08-26T04:38:59Z,0.55
candidate-b08ea123771dd67b,Edital valoriza quem preserva áreas naturais voluntariamente,Candidate observed on an official source page; detail verification pending.,Fundação Grupo Boticário,opportunity_candidate,[],"[""biodiversity"", ""climate"", ""conservation"", ""ocean"", ""sustainability"", ""water""]",[],[],{},,CANDIDATE,SIGNAL,SIGNAL,False,UNCHANGED,https://fundacaogrupoboticario.org.br/edital-valoriza-quem-preserva-areas-naturais-voluntariamente/,,"[""fundacao-boticario-editais""]",fundacao-boticario-editais,,2026-08-26T04:38:59Z,2026-08-26T03:39:09Z,2026-08-26T04:38:59Z,0.55
candidate-82154b50d3c67e0c,Inscrições para o Prêmio Jovem Cientista terminam dia 31 de julho,Candidate observed on an official source page; detail verification pending.,Fundação Grupo Boticário,opportunity_candidate,[],"[""biodiversity"", ""climate"", ""conservation"", ""ocean"", ""sustainability"", ""water""]",[],[],{},,CANDIDATE,SIGNAL,SIGNAL,False,UNCHANGED,https://fundacaogrupoboticario.org.br/inscricoes-para-o-premio-jovem-cientista-terminam-dia-31-de-julho/,,"[""fundacao-boticario-editais""]",fundacao-boticario-editais,,2026-08-26T04:38:59Z,2026-08-26T03:39:09Z,2026-08-26T04:38:59Z,0.55
candidate-b615c7cf3b2a2576,Inscrições para Fórum de Finanças Sociais e Negócios de Impacto encerram dia 30 de maio,Candidate observed on an official source page; detail verification pending.,Fundação Grupo Boticário,opportunity_candidate,"[""economy""]","[""biodiversity"", ""climate"", ""conservation"", ""ocean"", ""sustainability"", ""water""]",[],[],{},,CANDIDATE,SIGNAL,SIGNAL,False,UNCHANGED,https://fundacaogrupoboticario.org.br/inscricoes-para-forum-de-financas-sociais-e-negocios-de-impacto-encerram-dia-30-de-maio/,,"[""fundacao-boticario-editais""]",fundacao-boticario-editais,,2026-08-26T04:38:59Z,2026-08-26T03:39:09Z,2026-08-26T04:38:59Z,0.55
candidate-8c681c738a459ad1,Prêmio Jovem Cientista abre inscrições a partir do dia 29 de janeiro,Candidate observed on an official source page; detail verification pending.,Fundação Grupo Boticário,opportunity_candidate,[],"[""biodiversity"", ""climate"", ""conservation"", ""ocean"", ""sustainability"", ""water""]",[],[],{},,CANDIDATE,SIGNAL,SIGNAL,False,UNCHANGED,https://fundacaogrupoboticario.org.br/premio-jovem-cientista-abre-inscricoes-a-partir-do-dia-29-de-janeiro/,,"[""fundacao-boticario-editais""]",fundacao-boticario-editais,,2026-08-26T04:38:59Z,2026-08-26T03:39:09Z,2026-08-26T04:38:59Z,0.55
candidate-aff7bab4167e9edf,Novos projetos de conservação da biodiversidade serão selecionados em todo o Brasil,Candidate observed on an official source page; detail verification pending.,Fundação Grupo Boticário,opportunity_candidate,"[""biodiversity"", ""sustainability""]","[""biodiversity"", ""climate"", ""conservation"", ""ocean"", ""sustainability"", ""water""]",[],[],{},,CANDIDATE,SIGNAL,SIGNAL,False,UNCHANGED,https://fundacaogrupoboticario.org.br/novos-projetos-de-conservacao-da-biodiversidade-serao-selecionados-em-todo-o-brasil/,,"[""fundacao-boticario-editais""]",fundacao-boticario-editais,,2026-08-26T04:38:59Z,2026-08-26T03:39:09Z,2026-08-26T04:38:59Z,0.55
candidate-3e0a768aeef28719,Prorrogadas as inscrições de trabalhos técnicos para o IX CBUC,Candidate observed on an official source page; detail verification pending.,Fundação Grupo Boticário,opportunity_candidate,[],"[""biodiversity"", ""climate"", ""conservation"", ""ocean"", ""sustainability"", ""water""]",[],[],{},,CANDIDATE,SIGNAL,SIGNAL,False,UNCHANGED,https://fundacaogrupoboticario.org.br/prorrogadas-as-inscricoes-de-trabalhos-tecnicos-para-o-ix-cbuc/,,"[""fundacao-boticario-editais""]",fundacao-boticario-editais,,2026-08-26T04:38:59Z,2026-08-26T03:39:09Z,2026-08-26T04:38:59Z,0.55
candidate-c92330087b82c353,Evento revela selecionados de Chamada de Soluções Baseadas na Natureza,Candidate observed on an official source page; detail verification pending.,Fundação Grupo Boticário,opportunity_candidate,"[""sustainability""]","[""biodiversity"", ""climate"", ""conservation"", ""ocean"", ""sustainability"", ""water""]",[],[],{},,CANDIDATE,SIGNAL,SIGNAL,False,UNCHANGED,https://fundacaogrupoboticario.org.br/evento-revela-selecionados-de-chamada-de-solucoes-baseadas-na-natureza/,,"[""fundacao-boticario-editais""]",fundacao-boticario-editais,,2026-08-26T04:38:59Z,2026-08-26T03:39:09Z,2026-08-26T04:38:59Z,0.55
candidate-b9340edf1d97f80e,Estão abertas até 15/12 as inscrições de trabalhos técnicos para o IX CBUC – 2018,Candidate observed on an official source page; detail verification pending.,Fundação Grupo Boticário,opportunity_candidate,[],"[""biodiversity"", ""climate"", ""conservation"", ""ocean"", ""sustainability"", ""water""]",[],[],{},,CANDIDATE,SIGNAL,SIGNAL,False,UNCHANGED,https://fundacaogrupoboticario.org.br/estao-abertas-ate-15-12-as-inscricoes-de-trabalhos-tecnicos-para-o-ix-cbuc-2018/,,"[""fundacao-boticario-editais""]",fundacao-boticario-editais,,2026-08-26T04:38:59Z,2026-08-26T03:39:09Z,2026-08-26T04:38:59Z,0.55
candidate-c3ad4471b0d397e2,Você tem uma Solução Baseada na Natureza? Participe da nossa chamada de casos.,Candidate observed on an official source page; detail verification pending.,Fundação Grupo Boticário,opportunity_candidate,"[""sustainability""]","[""biodiversity"", ""climate"", ""conservation"", ""ocean"", ""sustainability"", ""water""]",[],[],{},,CANDIDATE,SIGNAL,SIGNAL,False,UNCHANGED,https://fundacaogrupoboticario.org.br/voce-tem-uma-solucao-baseada-na-natureza-participe-da-nossa-chamada-da-nossa-chamada-de-casos/,,"[""fundacao-boticario-editais""]",fundacao-boticario-editais,,2026-08-26T04:38:59Z,2026-08-26T03:39:09Z,2026-08-26T04:38:59Z,0.55
candidate-22ac5aa214bb32c0,"Edital Fundeci 02/2020 - Água e Saneamento - Apoio à Pesquisa, Desenvolvimento e Inovação",Candidate observed on an official source page; detail verification pending.,Banco do Nordeste,opportunity_candidate,"[""innovation"", ""research"", ""water""]","[""climate"", ""energy"", ""financing"", ""innovation"", ""sustainability"", ""territory"", ""water""]",[],[],{},,CANDIDATE,SIGNAL,SIGNAL,False,UNCHANGED,https://bnb.gov.br/web/guest/fundeci/editais/-/asset_publisher/L4rFxMc5NhCW/content/edital-fundeci-02-2020/45887?_com_liferay_asset_publisher_web_portlet_AssetPublisherPortlet_INSTANCE_L4rFxMc5NhCW_assetEntryId=445693&_com_liferay_asset_publisher_web_portlet_AssetPublisherPortlet_INSTANCE_L4rFxMc5NhCW_redirect=https%3A%2F%2Fbnb.gov.br%2Fweb%2Fguest%2Ffundeci%2Feditais%3Fp_p_id%3Dcom_liferay_asset_publisher_web_portlet_AssetPublisherPortlet_INSTANCE_L4rFxMc5NhCW%26p_p_lifecycle%3D0%26p_p_state%3Dnormal%26p_p_mode%3Dview%26_com_liferay_asset_publisher_web_portlet_AssetPublisherPortlet_INSTANCE_L4rFxMc5NhCW_cur%3D0%26p_r_p_resetCur%3Dfalse%26_com_liferay_asset_publisher_web_portlet_AssetPublisherPortlet_INSTANCE_L4rFxMc5NhCW_assetEntryId%3D445693,,"[""bnb-fundeci""]",bnb-fundeci,,2026-08-26T04:38:59Z,2026-08-26T03:39:09Z,2026-08-26T04:38:59Z,0.55
candidate-7fe05a5ae6bbb5a6,Edital Fundeci 01/2020 - Subvenção Econômica - Apoio à Inovação para Combate ao Novo Coronavírus (Covid-19),Candidate observed on an official source page; detail verification pending.,Banco do Nordeste,opportunity_candidate,"[""economy"", ""financing"", ""innovation""]","[""climate"", ""energy"", ""financing"", ""innovation"", ""sustainability"", ""territory"", ""water""]",[],[],{},,CANDIDATE,SIGNAL,SIGNAL,False,UNCHANGED,https://bnb.gov.br/web/guest/fundeci/editais/-/asset_publisher/L4rFxMc5NhCW/content/edital-fundeci-01-2020/45887?_com_liferay_asset_publisher_web_portlet_AssetPublisherPortlet_INSTANCE_L4rFxMc5NhCW_assetEntryId=445672&_com_liferay_asset_publisher_web_portlet_AssetPublisherPortlet_INSTANCE_L4rFxMc5NhCW_redirect=https%3A%2F%2Fbnb.gov.br%2Fweb%2Fguest%2Ffundeci%2Feditais%3Fp_p_id%3Dcom_liferay_asset_publisher_web_portlet_AssetPublisherPortlet_INSTANCE_L4rFxMc5NhCW%26p_p_lifecycle%3D0%26p_p_state%3Dnormal%26p_p_mode%3Dview%26_com_liferay_asset_publisher_web_portlet_AssetPublisherPortlet_INSTANCE_L4rFxMc5NhCW_cur%3D0%26p_r_p_resetCur%3Dfalse%26_com_liferay_asset_publisher_web_portlet_AssetPublisherPortlet_INSTANCE_L4rFxMc5NhCW_assetEntryId%3D445672,,"[""bnb-fundeci""]",bnb-fundeci,,2026-08-26T04:38:59Z,2026-08-26T03:39:09Z,2026-08-26T04:38:59Z,0.55
candidate-ac8ca9e8427919c2,Edital Fundeci 02/2019 - Desenvolvimento Territorial - Difusão e Transferência de Tecnologia em Territórios Prioritários do Plano Agronordeste do MAPA e do Programa de Desenvolvimento Territorial do Banco do Nordeste (Prodeter),Candidate observed on an official source page; detail verification pending.,Banco do Nordeste,opportunity_candidate,"[""innovation"", ""technology"", ""territorial_development"", ""territory""]","[""climate"", ""energy"", ""financing"", ""innovation"", ""sustainability"", ""territory"", ""water""]",[],[],{},,CANDIDATE,SIGNAL,SIGNAL,False,UNCHANGED,https://bnb.gov.br/web/guest/fundeci/editais/-/asset_publisher/L4rFxMc5NhCW/content/edital-fundeci-02-2019/45887?_com_liferay_asset_publisher_web_portlet_AssetPublisherPortlet_INSTANCE_L4rFxMc5NhCW_assetEntryId=440392&_com_liferay_asset_publisher_web_portlet_AssetPublisherPortlet_INSTANCE_L4rFxMc5NhCW_redirect=https%3A%2F%2Fbnb.gov.br%2Fweb%2Fguest%2Ffundeci%2Feditais%3Fp_p_id%3Dcom_liferay_asset_publisher_web_portlet_AssetPublisherPortlet_INSTANCE_L4rFxMc5NhCW%26p_p_lifecycle%3D0%26p_p_state%3Dnormal%26p_p_mode%3Dview%26_com_liferay_asset_publisher_web_portlet_AssetPublisherPortlet_INSTANCE_L4rFxMc5NhCW_cur%3D0%26p_r_p_resetCur%3Dfalse%26_com_liferay_asset_publisher_web_portlet_AssetPublisherPortlet_INSTANCE_L4rFxMc5NhCW_assetEntryId%3D440392,,"[""bnb-fundeci""]",bnb-fundeci,,2026-08-26T04:38:59Z,2026-08-26T03:39:09Z,2026-08-26T04:38:59Z,0.55
candidate-849ee2b5d808a456,Edital Fundeci 01/2019 - Subvenção Econômica - Subvenção Econômica para Inovação em Empresas da Região Nordeste e do Norte dos Estados do Espírito Santo e de Minas Gerais,Candidate observed on an official source page; detail verification pending.,Banco do Nordeste,opportunity_candidate,"[""economy"", ""financing"", ""innovation""]","[""climate"", ""energy"", ""financing"", ""innovation"", ""sustainability"", ""territory"", ""water""]",[],[],{},,CANDIDATE,SIGNAL,SIGNAL,False,UNCHANGED,https://bnb.gov.br/web/guest/fundeci/editais/-/asset_publisher/L4rFxMc5NhCW/content/edital-fundeci-01-2019/45887?_com_liferay_asset_publisher_web_portlet_AssetPublisherPortlet_INSTANCE_L4rFxMc5NhCW_assetEntryId=440347&_com_liferay_asset_publisher_web_portlet_AssetPublisherPortlet_INSTANCE_L4rFxMc5NhCW_redirect=https%3A%2F%2Fbnb.gov.br%2Fweb%2Fguest%2Ffundeci%2Feditais%3Fp_p_id%3Dcom_liferay_asset_publisher_web_portlet_AssetPublisherPortlet_INSTANCE_L4rFxMc5NhCW%26p_p_lifecycle%3D0%26p_p_state%3Dnormal%26p_p_mode%3Dview%26_com_liferay_asset_publisher_web_portlet_AssetPublisherPortlet_INSTANCE_L4rFxMc5NhCW_cur%3D0%26p_r_p_resetCur%3Dfalse%26_com_liferay_asset_publisher_web_portlet_AssetPublisherPortlet_INSTANCE_L4rFxMc5NhCW_assetEntryId%3D440347,,"[""bnb-fundeci""]",bnb-fundeci,,2026-08-26T04:38:59Z,2026-08-26T03:39:09Z,2026-08-26T04:38:59Z,0.55
candidate-69bf7e2649891e85,Edital Fundeci 02/2018 - Subvenção Econômica - Subvenção Econômica para Inovação em Empresas da Região Nordeste,Candidate observed on an official source page; detail verification pending.,Banco do Nordeste,opportunity_candidate,"[""economy"", ""financing"", ""innovation""]","[""climate"", ""energy"", ""financing"", ""innovation"", ""sustainability"", ""territory"", ""water""]",[],[],{},,CANDIDATE,SIGNAL,SIGNAL,False,UNCHANGED,https://bnb.gov.br/web/guest/fundeci/editais/-/asset_publisher/L4rFxMc5NhCW/content/edital-fundeci-02-2018/45887?_com_liferay_asset_publisher_web_portlet_AssetPublisherPortlet_INSTANCE_L4rFxMc5NhCW_assetEntryId=439632&_com_liferay_asset_publisher_web_portlet_AssetPublisherPortlet_INSTANCE_L4rFxMc5NhCW_redirect=https%3A%2F%2Fbnb.gov.br%2Fweb%2Fguest%2Ffundeci%2Feditais%3Fp_p_id%3Dcom_liferay_asset_publisher_web_portlet_AssetPublisherPortlet_INSTANCE_L4rFxMc5NhCW%26p_p_lifecycle%3D0%26p_p_state%3Dnormal%26p_p_mode%3Dview%26_com_liferay_asset_publisher_web_portlet_AssetPublisherPortlet_INSTANCE_L4rFxMc5NhCW_cur%3D0%26p_r_p_resetCur%3Dfalse%26_com_liferay_asset_publisher_web_portlet_AssetPublisherPortlet_INSTANCE_L4rFxMc5NhCW_assetEntryId%3D439632,,"[""bnb-fundeci""]",bnb-fundeci,,2026-08-26T04:38:59Z,2026-08-26T03:39:09Z,2026-08-26T04:38:59Z,0.55
candidate-6fa52c02c58cd760,Edital Fundeci 01/2018 - Desenvolvimento Territorial - Soluções Inovadoras para Implementação do Programa de Desenvolvimento Territorial do Banco do Nordeste,Candidate observed on an official source page; detail verification pending.,Banco do Nordeste,opportunity_candidate,"[""territorial_development"", ""territory""]","[""climate"", ""energy"", ""financing"", ""innovation"", ""sustainability"", ""territory"", ""water""]",[],[],{},,CANDIDATE,SIGNAL,SIGNAL,False,UNCHANGED,https://bnb.gov.br/web/guest/fundeci/editais/-/asset_publisher/L4rFxMc5NhCW/content/desenvolvimento-territorial-solu%25C3%25A7%25C3%25B5es-inovadoras-para-implementa%25C3%25A7%25C3%25A3o-do-programa-de-desenvolvimento-territorial-do-banco-do-nordeste/45887?_com_liferay_asset_publisher_web_portlet_AssetPublisherPortlet_INSTANCE_L4rFxMc5NhCW_assetEntryId=436224&_com_liferay_asset_publisher_web_portlet_AssetPublisherPortlet_INSTANCE_L4rFxMc5NhCW_redirect=https%3A%2F%2Fbnb.gov.br%2Fweb%2Fguest%2Ffundeci%2Feditais%3Fp_p_id%3Dcom_liferay_asset_publisher_web_portlet_AssetPublisherPortlet_INSTANCE_L4rFxMc5NhCW%26p_p_lifecycle%3D0%26p_p_state%3Dnormal%26p_p_mode%3Dview%26_com_liferay_asset_publisher_web_portlet_AssetPublisherPortlet_INSTANCE_L4rFxMc5NhCW_cur%3D0%26p_r_p_resetCur%3Dfalse%26_com_liferay_asset_publisher_web_portlet_AssetPublisherPortlet_INSTANCE_L4rFxMc5NhCW_assetEntryId%3D436224,,"[""bnb-fundeci""]",bnb-fundeci,,2026-08-26T04:38:59Z,2026-08-26T03:39:09Z,2026-08-26T04:38:59Z,0.55
candidate-de00130f6b03387e,Manual de emendas parlamentares 2023 - 2024,Candidate observed on an official source page; detail verification pending.,SUDENE,opportunity_candidate,[],"[""climate"", ""financing"", ""innovation"", ""sustainability"", ""territory""]",[],[],{},,CANDIDATE,SIGNAL,SIGNAL,False,UNCHANGED,https://www.gov.br/sudene/pt-br/assuntos/projetos-e-iniciativas/manuais-de-emendas-parlamentares,,"[""sudene-editais""]",sudene-editais,,2026-08-26T04:38:59Z,2026-08-26T03:39:09Z,2026-08-26T04:38:59Z,0.55
candidate-788faf828cca99c0,Observatório do Desenvolvimento do Nordeste,Candidate observed on an official source page; detail verification pending.,SUDENE,opportunity_candidate,[],"[""climate"", ""financing"", ""innovation"", ""sustainability"", ""territory""]",[],[],{},,CANDIDATE,SIGNAL,SIGNAL,False,UNCHANGED,https://www.gov.br/sudene/pt-br/assuntos/projetos-e-iniciativas/odne,,"[""sudene-editais""]",sudene-editais,,2026-08-26T04:38:59Z,2026-08-26T03:39:09Z,2026-08-26T04:38:59Z,0.55
candidate-5745f11d516ae392,Ordenamento territorial: chamada de projetos,Candidate observed on an official source page; detail verification pending.,SUDENE,opportunity_candidate,"[""territory""]","[""climate"", ""financing"", ""innovation"", ""sustainability"", ""territory""]",[],[],{},,CANDIDATE,SIGNAL,SIGNAL,False,UNCHANGED,https://www.gov.br/sudene/pt-br/assuntos/projetos-e-iniciativas/ordenamento-territorial-chamada-de-projetos,,"[""sudene-editais""]",sudene-editais,,2026-08-26T04:38:59Z,2026-08-26T03:39:09Z,2026-08-26T04:38:59Z,0.55
candidate-9ffa845b0b5bd5ce,Chamamentos públicos,Candidate observed on an official source page; detail verification pending.,SUDENE,opportunity_candidate,[],"[""climate"", ""financing"", ""innovation"", ""sustainability"", ""territory""]",[],[],{},,CANDIDATE,SIGNAL,SIGNAL,False,UNCHANGED,https://www.gov.br/sudene/pt-br/acesso-a-informacao/convenios-e-transferencias/chamamentos-publicos,,"[""sudene-editais""]",sudene-editais,,2026-08-26T04:38:59Z,2026-08-26T03:39:09Z,2026-08-26T04:38:59Z,0.55
candidate-64029772b79d6695,PRDNE Confira os objetivos e projetos do Plano Regional de Desenvolvimento do Nordeste,Candidate observed on an official source page; detail verification pending.,SUDENE,opportunity_candidate,[],"[""climate"", ""financing"", ""innovation"", ""sustainability"", ""territory""]",[],[],{},,CANDIDATE,SIGNAL,SIGNAL,False,UNCHANGED,https://www.gov.br/sudene/pt-br/assuntos/prdne,,"[""sudene-editais""]",sudene-editais,,2026-08-26T04:38:59Z,2026-08-26T03:39:09Z,2026-08-26T04:38:59Z,0.55
candidate-12a8fc7a6f91ea59,Embratur — Editais,Candidate observed on an official source page; detail verification pending.,Embratur,opportunity_candidate,[],"[""communities"", ""innovation"", ""sustainability"", ""territory"", ""tourism""]",[],[],{},,CANDIDATE,SIGNAL,SIGNAL,False,UNCHANGED,https://embratur.my.site.com/expositor/s/editais,,"[""embratur-editais""]",embratur-editais,,2026-08-26T04:38:59Z,2026-08-26T03:39:09Z,2026-08-26T04:38:59Z,0.55
candidate-0d2f68332686213f,Prosas — Central de Editais,Candidate observed on an official source page; detail verification pending.,Prosas,opportunity_candidate,[],"[""communities"", ""financing"", ""innovation"", ""sustainability"", ""territory""]",[],[],{},,CANDIDATE,SIGNAL,SIGNAL,False,UNCHANGED,https://prosas.com.br/editais,,"[""prosas-editais""]",prosas-editais,,2026-08-26T04:38:59Z,2026-08-26T03:39:09Z,2026-08-26T04:38:59Z,0.55
candidate-192ba43661da275e,Chamada Pública 01/2026 – Projeto Floresta+ Amazônia,Candidate observed on an official source page; detail verification pending.,Capta / ISPN,opportunity_candidate,[],"[""biodiversity"", ""climate"", ""communities"", ""financing"", ""sustainability"", ""territory""]",[],[],{},,CANDIDATE,SIGNAL,SIGNAL,False,UNCHANGED,https://www.florestamaisamazonia.org.br/editais/edital-de-psa-para-conservacao-da-vegetacao-nativa-em-territorios-coletivos/,,"[""capta-editais""]",capta-editais,,2026-08-26T04:38:59Z,2026-08-26T03:39:09Z,2026-08-26T04:38:59Z,0.55
candidate-dca92cac66f73462,49º Edital – Fundo Ecos – Organizações da Amazônia Legal,Candidate observed on an official source page; detail verification pending.,Capta / ISPN,opportunity_candidate,[],"[""biodiversity"", ""climate"", ""communities"", ""financing"", ""sustainability"", ""territory""]",[],[],{},,CANDIDATE,SIGNAL,SIGNAL,False,UNCHANGED,https://fundoecos.org.br/edital/edital-49o-3o-2026-para-apoio-a-organizacoes-na-amazonia-legal/,,"[""capta-editais""]",capta-editais,,2026-08-26T04:38:59Z,2026-08-26T03:39:09Z,2026-08-26T04:38:59Z,0.55
candidate-9fd9594d290e72e7,Chamada de Projeto – IACP 2025,Candidate observed on an official source page; detail verification pending.,Capta / ISPN,opportunity_candidate,[],"[""biodiversity"", ""climate"", ""communities"", ""financing"", ""sustainability"", ""territory""]",[],[],{},,CANDIDATE,SIGNAL,SIGNAL,False,UNCHANGED,https://lp.simbi.social/iacp,,"[""capta-editais""]",capta-editais,,2026-08-26T04:38:59Z,2026-08-26T03:39:09Z,2026-08-26T04:38:59Z,0.55
candidate-8c90b83c9c0e0ca5,Fundos Regenerativos – Nossa Cidade,Candidate observed on an official source page; detail verification pending.,Capta / ISPN,opportunity_candidate,[],"[""biodiversity"", ""climate"", ""communities"", ""financing"", ""sustainability"", ""territory""]",[],[],{},,CANDIDATE,SIGNAL,SIGNAL,False,UNCHANGED,https://www.nossacidade.net/pt,,"[""capta-editais""]",capta-editais,,2026-08-26T04:38:59Z,2026-08-26T03:39:09Z,2026-08-26T04:38:59Z,0.55
candidate-01f916832525bd58,Edital Nº 01/2025 – 2VCC,Candidate observed on an official source page; detail verification pending.,Capta / ISPN,opportunity_candidate,[],"[""biodiversity"", ""climate"", ""communities"", ""financing"", ""sustainability"", ""territory""]",[],[],{},,CANDIDATE,SIGNAL,SIGNAL,False,UNCHANGED,https://sistemas.tjes.jus.br/ediario/index.php/component/ediario/?view=content&id=1830975,,"[""capta-editais""]",capta-editais,,2026-08-26T04:38:59Z,2026-08-26T03:39:09Z,2026-08-26T04:38:59Z,0.55
candidate-5c68ab971c6d4968,Acelen Incentiva,Candidate observed on an official source page; detail verification pending.,Capta / ISPN,opportunity_candidate,[],"[""biodiversity"", ""climate"", ""communities"", ""financing"", ""sustainability"", ""territory""]",[],[],{},,CANDIDATE,SIGNAL,SIGNAL,False,UNCHANGED,https://www.acelen.com.br/incentiva,,"[""capta-editais""]",capta-editais,,2026-08-26T04:38:59Z,2026-08-26T03:39:09Z,2026-08-26T04:38:59Z,0.55
candidate-c4867bc098fa69e2,Apoio Emergencial: Defensores de Direitos Humanos,Candidate observed on an official source page; detail verification pending.,Capta / ISPN,opportunity_candidate,"[""social_impact""]","[""biodiversity"", ""climate"", ""communities"", ""financing"", ""sustainability"", ""territory""]",[],[],{},,CANDIDATE,SIGNAL,SIGNAL,False,UNCHANGED,https://www.fundobrasil.org.br/nosso-trabalho/apoio-a-sociedade-civil/apoio-emergencial/,,"[""capta-editais""]",capta-editais,,2026-08-26T04:38:59Z,2026-08-26T03:39:09Z,2026-08-26T04:38:59Z,0.55
candidate-286bf01346fbe76d,Patrocínios Instituto Claro,Candidate observed on an official source page; detail verification pending.,Capta / ISPN,opportunity_candidate,[],"[""biodiversity"", ""climate"", ""communities"", ""financing"", ""sustainability"", ""territory""]",[],[],{},,CANDIDATE,SIGNAL,SIGNAL,False,UNCHANGED,https://www.claro.com.br/institucional/patrocinio,,"[""capta-editais""]",capta-editais,,2026-08-26T04:38:59Z,2026-08-26T03:39:09Z,2026-08-26T04:38:59Z,0.55
candidate-89d1dcfd52d68263,Micro Financiamento de Projetos ao Redor do Mundo,Candidate observed on an official source page; detail verification pending.,Capta / ISPN,opportunity_candidate,"[""financing""]","[""biodiversity"", ""climate"", ""communities"", ""financing"", ""sustainability"", ""territory""]",[],[],{},,CANDIDATE,SIGNAL,SIGNAL,False,UNCHANGED,https://prosas.com.br/selecao/widgets/v2/editais/8577?clientId=sx9uhkeOD-zL73TCN_ptd5l8ig5KC_FPmuu5RKyFB7w,,"[""capta-editais""]",capta-editais,,2026-08-26T04:38:59Z,2026-08-26T03:39:09Z,2026-08-26T04:38:59Z,0.55
candidate-741f638a2ed2cfa9,Subsídio de Desenvolvimento Comunitário,Candidate observed on an official source page; detail verification pending.,Capta / ISPN,opportunity_candidate,[],"[""biodiversity"", ""climate"", ""communities"", ""financing"", ""sustainability"", ""territory""]",[],[],{},,CANDIDATE,SIGNAL,SIGNAL,False,UNCHANGED,https://prosas.com.br/selecao/widgets/v2/editais/9453?clientId=sx9uhkeOD-zL73TCN_ptd5l8ig5KC_FPmuu5RKyFB7w,,"[""capta-editais""]",capta-editais,,2026-08-26T04:38:59Z,2026-08-26T03:39:09Z,2026-08-26T04:38:59Z,0.55
candidate-808dc726c49e19d3,Catalisar 2024,Candidate observed on an official source page; detail verification pending.,Capta / ISPN,opportunity_candidate,[],"[""biodiversity"", ""climate"", ""communities"", ""financing"", ""sustainability"", ""territory""]",[],[],{},,CANDIDATE,SIGNAL,SIGNAL,False,UNCHANGED,https://prosas.com.br/editais/14547-catalisar-2024-fcc-s-a,,"[""capta-editais""]",capta-editais,,2026-08-26T04:38:59Z,2026-08-26T03:39:09Z,2026-08-26T04:38:59Z,0.55
candidate-af9f8022c87cf313,Banco de Projetos – Instituto John Deere,Candidate observed on an official source page; detail verification pending.,Capta / ISPN,opportunity_candidate,[],"[""biodiversity"", ""climate"", ""communities"", ""financing"", ""sustainability"", ""territory""]",[],[],{},,CANDIDATE,SIGNAL,SIGNAL,False,UNCHANGED,https://prosas.com.br/editais/9250,,"[""capta-editais""]",capta-editais,,2026-08-26T04:38:59Z,2026-08-26T03:39:09Z,2026-08-26T04:38:59Z,0.55
candidate-f24526e0d3b8d5c4,Banco de Projetos Socioambientais,Candidate observed on an official source page; detail verification pending.,Capta / ISPN,opportunity_candidate,[],"[""biodiversity"", ""climate"", ""communities"", ""financing"", ""sustainability"", ""territory""]",[],[],{},,CANDIDATE,SIGNAL,SIGNAL,False,UNCHANGED,https://prosas.com.br/editais/14331,,"[""capta-editais""]",capta-editais,,2026-08-26T04:38:59Z,2026-08-26T03:39:09Z,2026-08-26T04:38:59Z,0.55
candidate-c039937c5802669e,Fund for Innovation in Development,Candidate observed on an official source page; detail verification pending.,Capta / ISPN,opportunity_candidate,"[""innovation""]","[""biodiversity"", ""climate"", ""communities"", ""financing"", ""sustainability"", ""territory""]",[],[],{},,CANDIDATE,SIGNAL,SIGNAL,False,UNCHANGED,https://fundinnovation.dev/en/launch-project,,"[""capta-editais""]",capta-editais,,2026-08-26T04:38:59Z,2026-08-26T03:39:09Z,2026-08-26T04:38:59Z,0.55
candidate-cb4f923e02fa691c,VBIO em busca de projetos,Candidate observed on an official source page; detail verification pending.,Capta / ISPN,opportunity_candidate,[],"[""biodiversity"", ""climate"", ""communities"", ""financing"", ""sustainability"", ""territory""]",[],[],{},,CANDIDATE,SIGNAL,SIGNAL,False,UNCHANGED,https://www.vbio.eco/proponentes,,"[""capta-editais""]",capta-editais,,2026-08-26T04:38:59Z,2026-08-26T03:39:09Z,2026-08-26T04:38:59Z,0.55
candidate-626da0ce425f930f,Fondo de Acción Urgente,Candidate observed on an official source page; detail verification pending.,Capta / ISPN,opportunity_candidate,[],"[""biodiversity"", ""climate"", ""communities"", ""financing"", ""sustainability"", ""territory""]",[],[],{},,CANDIDATE,SIGNAL,SIGNAL,False,UNCHANGED,https://fondoaccionurgente.org.co/es/que-hacemos/apoyos-de-respuesta-rapida/,,"[""capta-editais""]",capta-editais,,2026-08-26T04:38:59Z,2026-08-26T03:39:09Z,2026-08-26T04:38:59Z,0.55
candidate-ba4e8ab16054ba4b,Toledo Community Foundation,Candidate observed on an official source page; detail verification pending.,Capta / ISPN,opportunity_candidate,"[""territory""]","[""biodiversity"", ""climate"", ""communities"", ""financing"", ""sustainability"", ""territory""]",[],[],{},,CANDIDATE,SIGNAL,SIGNAL,False,UNCHANGED,https://capta.org.br/wp-content/uploads/2019/08/First-Solar-Corporate-Charitable-Fund-of-the-Toledo-Community-Foundation.pdf,,"[""capta-editais""]",capta-editais,,2026-08-26T04:38:59Z,2026-08-26T03:39:09Z,2026-08-26T04:38:59Z,0.55
candidate-190cb306a65db250,Consulado Geral do Japão,Candidate observed on an official source page; detail verification pending.,Capta / ISPN,opportunity_candidate,[],"[""biodiversity"", ""climate"", ""communities"", ""financing"", ""sustainability"", ""territory""]",[],[],{},,CANDIDATE,SIGNAL,SIGNAL,False,UNCHANGED,http://www.sp.br.emb-japan.go.jp/pt/apoio/apc1.htm,,"[""capta-editais""]",capta-editais,,2026-08-26T04:38:59Z,2026-08-26T03:39:09Z,2026-08-26T04:38:59Z,0.55
candidate-a9a27974de13e7f5,National Geographic Society,Candidate observed on an official source page; detail verification pending.,Capta / ISPN,opportunity_candidate,[],"[""biodiversity"", ""climate"", ""communities"", ""financing"", ""sustainability"", ""territory""]",[],[],{},,CANDIDATE,SIGNAL,SIGNAL,False,UNCHANGED,http://www.nationalgeographic.com/explorers/grants-programs/conservation-trust-application/,,"[""capta-editais""]",capta-editais,,2026-08-26T04:38:59Z,2026-08-26T03:39:09Z,2026-08-26T04:38:59Z,0.55
candidate-ce7ce47da6d93410,The Pollination Project,Candidate observed on an official source page; detail verification pending.,Capta / ISPN,opportunity_candidate,[],"[""biodiversity"", ""climate"", ""communities"", ""financing"", ""sustainability"", ""territory""]",[],[],{},,CANDIDATE,SIGNAL,SIGNAL,False,UNCHANGED,https://thepollinationproject.org/apply/,,"[""capta-editais""]",capta-editais,,2026-08-26T04:38:59Z,2026-08-26T03:39:09Z,2026-08-26T04:38:59Z,0.55
candidate-c570947bc9c905a5,Fundo de Inovação Global,Candidate observed on an official source page; detail verification pending.,Capta / ISPN,opportunity_candidate,"[""innovation""]","[""biodiversity"", ""climate"", ""communities"", ""financing"", ""sustainability"", ""territory""]",[],[],{},,CANDIDATE,SIGNAL,SIGNAL,False,UNCHANGED,https://www.globalinnovation.fund,,"[""capta-editais""]",capta-editais,,2026-08-26T04:38:59Z,2026-08-26T03:39:09Z,2026-08-26T04:38:59Z,0.55
candidate-2ed583191ace02a2,Fundação Ford,Candidate observed on an official source page; detail verification pending.,Capta / ISPN,opportunity_candidate,[],"[""biodiversity"", ""climate"", ""communities"", ""financing"", ""sustainability"", ""territory""]",[],[],{},,CANDIDATE,SIGNAL,SIGNAL,False,UNCHANGED,https://www.fordfoundation.org/work/our-grants/idea-submission/,,"[""capta-editais""]",capta-editais,,2026-08-26T04:38:59Z,2026-08-26T03:39:09Z,2026-08-26T04:38:59Z,0.55
candidate-01c79988038c7065,Waitt Foundation,Candidate observed on an official source page; detail verification pending.,Capta / ISPN,opportunity_candidate,[],"[""biodiversity"", ""climate"", ""communities"", ""financing"", ""sustainability"", ""territory""]",[],[],{},,CANDIDATE,SIGNAL,SIGNAL,False,UNCHANGED,http://waittfoundation.org/roc-grants/,,"[""capta-editais""]",capta-editais,,2026-08-26T04:38:59Z,2026-08-26T03:39:09Z,2026-08-26T04:38:59Z,0.55
candidate-1b0ad74ea158002d,Fundação Doen,Candidate observed on an official source page; detail verification pending.,Capta / ISPN,opportunity_candidate,[],"[""biodiversity"", ""climate"", ""communities"", ""financing"", ""sustainability"", ""territory""]",[],[],{},,CANDIDATE,SIGNAL,SIGNAL,False,UNCHANGED,http://www.doen.nl/applications/applications.htm,,"[""capta-editais""]",capta-editais,,2026-08-26T04:38:59Z,2026-08-26T03:39:09Z,2026-08-26T04:38:59Z,0.55
candidate-aa8bcf258a5ada8c,Edital Juventude e Ação Climática Campinas 2026-2027 Prefeitura Municipal de Campinas R$ 25 mil Prazo: 04/09/2026 (10d) Ver detalhes →,Candidate observed on an official source page; detail verification pending.,Capitaai,opportunity_candidate,[],"[""biodiversity"", ""climate"", ""conservation"", ""financing"", ""sustainability""]",[],[],{},,CANDIDATE,SIGNAL,SIGNAL,False,UNCHANGED,https://capitaai.com.br/captacao/edital-juventude-acao-climatica-campinas-20262027-prefeitura-municipal-o8lt0h,,"[""capitaai-meio-ambiente""]",capitaai-meio-ambiente,,2026-08-26T04:38:59Z,2026-08-26T03:39:09Z,2026-08-26T04:38:59Z,0.55
candidate-325eb679ca41c4f0,Edital de Chamada Pública FAPESC/EPAGRI N.º 049/2026 FAPESC Prazo: 14/09/2026 (20d) Ver detalhes →,Candidate observed on an official source page; detail verification pending.,Capitaai,opportunity_candidate,[],"[""biodiversity"", ""climate"", ""conservation"", ""financing"", ""sustainability""]",[],[],{},,CANDIDATE,SIGNAL,SIGNAL,False,UNCHANGED,https://capitaai.com.br/captacao/edital-chamada-publica-fapescepagri-492026-programa-fomento-agropecuar-ji45sl,,"[""capitaai-meio-ambiente""]",capitaai-meio-ambiente,,2026-08-26T04:38:59Z,2026-08-26T03:39:09Z,2026-08-26T04:38:59Z,0.55
candidate-522fd7274d5356f1,Prêmio iCS-ANPEC de Economia e Clima – Edição 2026 Instituto Clima e Sociedade (iCS) e ANPEC R$ 20 mil Prazo: 18/09/2026 (24d) Ver detalhes →,Candidate observed on an official source page; detail verification pending.,Capitaai,opportunity_candidate,"[""climate"", ""economy""]","[""biodiversity"", ""climate"", ""conservation"", ""financing"", ""sustainability""]",[],[],{},,CANDIDATE,SIGNAL,SIGNAL,False,UNCHANGED,https://capitaai.com.br/captacao/premio-icsanpec-economia-clima-edicao-2026-instituto-clima-wr197t,,"[""capitaai-meio-ambiente""]",capitaai-meio-ambiente,,2026-08-26T04:38:59Z,2026-08-26T03:39:09Z,2026-08-26T04:38:59Z,0.55
candidate-42cea2df7aa2da90,Edital de Chamada Pública FAPESC n.º 051/2026 FAPESC Prazo: 18/09/2026 (24d) Ver detalhes →,Candidate observed on an official source page; detail verification pending.,Capitaai,opportunity_candidate,[],"[""biodiversity"", ""climate"", ""conservation"", ""financing"", ""sustainability""]",[],[],{},,CANDIDATE,SIGNAL,SIGNAL,False,UNCHANGED,https://capitaai.com.br/captacao/edital-chamada-publica-fapesc-512026-programa-ciencia-tecnologia-3t7g7l,,"[""capitaai-meio-ambiente""]",capitaai-meio-ambiente,,2026-08-26T04:38:59Z,2026-08-26T03:39:09Z,2026-08-26T04:38:59Z,0.55
candidate-27217cb3425035ad,"Edital Ambev Brasilidades 2026 CERVEJARIA AMBEV R$ 67,0 mi Prazo: 30/09/2026 (36d) Ver detalhes →",Candidate observed on an official source page; detail verification pending.,Capitaai,opportunity_candidate,[],"[""biodiversity"", ""climate"", ""conservation"", ""financing"", ""sustainability""]",[],[],{},,CANDIDATE,SIGNAL,SIGNAL,False,UNCHANGED,https://capitaai.com.br/captacao/edital-ambev-brasilidades-2026-cervejaria-ambev-c47404,,"[""capitaai-meio-ambiente""]",capitaai-meio-ambiente,,2026-08-26T04:38:59Z,2026-08-26T03:39:09Z,2026-08-26T04:38:59Z,0.55
candidate-b5784fe7dd2f8b03,EDITAL Nº009/2026-EJs/DEX/PROEC/ UEMS EDITAL DE FLUXO CONTÍNUO PARA PROJETOS DE EXTENSÃO VINCULADOS À CRIAÇÃO DE EMPRESAS JUNIORES NO ÂMBITO DA UNIVERSIDADE ESTADUAL DE MATO GROSSO DO SUL – EJs/DEX/PROEC/UEMS Universidade Estadual de Mato Grosso do Sul - UEMS Prazo: 01/12/2026 (98d) Ver detalhes →,Candidate observed on an official source page; detail verification pending.,Capitaai,opportunity_candidate,"[""education""]","[""biodiversity"", ""climate"", ""conservation"", ""financing"", ""sustainability""]",[],[],{},,CANDIDATE,SIGNAL,SIGNAL,False,UNCHANGED,https://capitaai.com.br/captacao/edital-n0092026ejsdexproec-uems-edital-fluxo-continuo-projetos-extensa-v6w5kz,,"[""capitaai-meio-ambiente""]",capitaai-meio-ambiente,,2026-08-26T04:38:59Z,2026-08-26T03:39:09Z,2026-08-26T04:38:59Z,0.55
candidate-88d1a055885c4f70,"Edital de Fluxo Contínuo Nº 02/2026 DEX/PROEC/UEMS (Programas, Projetos e Cursos) Universidade Estadual de Mato Grosso do Sul - UEMS Prazo: 01/12/2026 (98d) Ver detalhes →",Candidate observed on an official source page; detail verification pending.,Capitaai,opportunity_candidate,"[""education""]","[""biodiversity"", ""climate"", ""conservation"", ""financing"", ""sustainability""]",[],[],{},,CANDIDATE,SIGNAL,SIGNAL,False,UNCHANGED,https://capitaai.com.br/captacao/edital-fluxo-continuo-022026-dexproecuems-programas-projetos-cursos-cowmo5,,"[""capitaai-meio-ambiente""]",capitaai-meio-ambiente,,2026-08-26T04:38:59Z,2026-08-26T03:39:09Z,2026-08-26T04:38:59Z,0.55
candidate-a77078e57b7e7f9e,EDITAL Nº03/2026-EVENTOS DEX/PROEC/UEMS Universidade Estadual de Mato Grosso do Sul - UEMS Prazo: 01/12/2026 (98d) Ver detalhes →,Candidate observed on an official source page; detail verification pending.,Capitaai,opportunity_candidate,"[""education""]","[""biodiversity"", ""climate"", ""conservation"", ""financing"", ""sustainability""]",[],[],{},,CANDIDATE,SIGNAL,SIGNAL,False,UNCHANGED,https://capitaai.com.br/captacao/edital-n032026eventos-dexproecuems-universidade-estadual-mato-grosso-s-qlpm0q,,"[""capitaai-meio-ambiente""]",capitaai-meio-ambiente,,2026-08-26T04:38:59Z,2026-08-26T03:39:09Z,2026-08-26T04:38:59Z,0.55
candidate-b8ede07911e1ef4a,Edital 001/2026 de Cadastro de Projetos do Programa de Incentivo ao Esporte - PIE CELESC Prazo: 31/12/2026 (128d) Ver detalhes →,Candidate observed on an official source page; detail verification pending.,Capitaai,opportunity_candidate,"[""sport""]","[""biodiversity"", ""climate"", ""conservation"", ""financing"", ""sustainability""]",[],[],{},,CANDIDATE,SIGNAL,SIGNAL,False,UNCHANGED,https://capitaai.com.br/captacao/edital-0012026-cadastro-projetos-programa-incentivo-esporte-pie-7f5yez,,"[""capitaai-meio-ambiente""]",capitaai-meio-ambiente,,2026-08-26T04:38:59Z,2026-08-26T03:39:09Z,2026-08-26T04:38:59Z,0.55
candidate-59e984d902a3453e,Chamada Pública PSA para Conservação da Vegetação Nativa em Territórios Coletivos Projeto Floresta+ Amazônia / MMA R$ 8 mil Prazo: 31/12/2026 (128d) Ver detalhes →,Candidate observed on an official source page; detail verification pending.,Capitaai,opportunity_candidate,"[""sustainability"", ""territory""]","[""biodiversity"", ""climate"", ""conservation"", ""financing"", ""sustainability""]",[],[],{},,CANDIDATE,SIGNAL,SIGNAL,False,UNCHANGED,https://capitaai.com.br/captacao/chamada-publica-psa-conservacao-vegetacao-nativa-territorios-coletivos-beiejy,,"[""capitaai-meio-ambiente""]",capitaai-meio-ambiente,,2026-08-26T04:38:59Z,2026-08-26T03:39:09Z,2026-08-26T04:38:59Z,0.55
candidate-4996dc4e64f8520e,Chamada Pública 01/2026 – Projeto Floresta+ Amazônia Projeto Floresta+ Amazônia R$ 4 mil Prazo: 31/12/2026 (128d) Ver detalhes →,Candidate observed on an official source page; detail verification pending.,Capitaai,opportunity_candidate,[],"[""biodiversity"", ""climate"", ""conservation"", ""financing"", ""sustainability""]",[],[],{},,CANDIDATE,SIGNAL,SIGNAL,False,UNCHANGED,https://capitaai.com.br/captacao/chamada-publica-012026-projeto-floresta-amazonia-projeto-floresta-3qac2i,,"[""capitaai-meio-ambiente""]",capitaai-meio-ambiente,,2026-08-26T04:38:59Z,2026-08-26T03:39:09Z,2026-08-26T04:38:59Z,0.55
candidate-7a10e3865a8ae26c,Edital Suplementar FAPESC N.º 66/2025 — Programa Horizonte Europa (2026–2027) FAPESC Prazo: 30/06/2027 (309d) Ver detalhes →,Candidate observed on an official source page; detail verification pending.,Capitaai,opportunity_candidate,[],"[""biodiversity"", ""climate"", ""conservation"", ""financing"", ""sustainability""]",[],[],{},,CANDIDATE,SIGNAL,SIGNAL,False,UNCHANGED,https://capitaai.com.br/captacao/edital-suplementar-fapesc-662025-programa-horizonte-europa-20262027-lcdtjj,,"[""capitaai-meio-ambiente""]",capitaai-meio-ambiente,,2026-08-26T04:38:59Z,2026-08-26T03:39:09Z,2026-08-26T04:38:59Z,0.55
candidate-158c205f21c57e11,Edital Suplementar de Subvenção Econômica FAPESC N.º 65/2025 - Programa Horizonte Europa (2026–2027) FAPESC Prazo: 30/06/2027 (309d) Ver detalhes →,Candidate observed on an official source page; detail verification pending.,Capitaai,opportunity_candidate,"[""economy"", ""financing""]","[""biodiversity"", ""climate"", ""conservation"", ""financing"", ""sustainability""]",[],[],{},,CANDIDATE,SIGNAL,SIGNAL,False,UNCHANGED,https://capitaai.com.br/captacao/edital-suplementar-subvencao-economica-fapesc-652025-programa-horizont-m8xfye,,"[""capitaai-meio-ambiente""]",capitaai-meio-ambiente,,2026-08-26T04:38:59Z,2026-08-26T03:39:09Z,2026-08-26T04:38:59Z,0.55
candidate-86687a4bc7c9e15f,Rede de Pesquisa e Desenvolvimento da Amazônia Legal (Edital 6/2026) Governo do Estado do Tocantins Prazo: Contínuo Ver detalhes →,Candidate observed on an official source page; detail verification pending.,Capitaai,opportunity_candidate,"[""research""]","[""biodiversity"", ""climate"", ""conservation"", ""financing"", ""sustainability""]",[],[],{},,CANDIDATE,SIGNAL,SIGNAL,False,UNCHANGED,https://capitaai.com.br/captacao/rede-pesquisa-desenvolvimento-amazonia-legal-edital-62026-governo-30vcnn,,"[""capitaai-meio-ambiente""]",capitaai-meio-ambiente,,2026-08-26T04:38:59Z,2026-08-26T03:39:09Z,2026-08-26T04:38:59Z,0.55
candidate-82e9ad850bdf92e2,Chamada de Projetos - Apoio a ações comunitárias frente aos incêndios florestais Fundo Casa Socioambiental Prazo: Contínuo Ver detalhes →,Candidate observed on an official source page; detail verification pending.,Capitaai,opportunity_candidate,"[""sustainability""]","[""biodiversity"", ""climate"", ""conservation"", ""financing"", ""sustainability""]",[],[],{},,CANDIDATE,SIGNAL,SIGNAL,False,UNCHANGED,https://capitaai.com.br/captacao/chamada-projetos-apoio-acoes-comunitarias-frente-aos-incendios-j5cd7g,,"[""capitaai-meio-ambiente""]",capitaai-meio-ambiente,,2026-08-26T04:38:59Z,2026-08-26T03:39:09Z,2026-08-26T04:38:59Z,0.55
candidate-bf3c44faea0b80ac,"Chamada busca negócios de impacto ambiental positivo nos litorais de SP, PR e SC Fundação Grupo Boticário Prazo: Contínuo Ver detalhes →",Candidate observed on an official source page; detail verification pending.,Capitaai,opportunity_candidate,"[""economy"", ""sustainability""]","[""biodiversity"", ""climate"", ""conservation"", ""financing"", ""sustainability""]",[],[],{},,CANDIDATE,SIGNAL,SIGNAL,False,UNCHANGED,https://capitaai.com.br/captacao/chamada-busca-negocios-impacto-ambiental-positivo-nos-litorais-2d7ucb,,"[""capitaai-meio-ambiente""]",capitaai-meio-ambiente,,2026-08-26T04:38:59Z,2026-08-26T03:39:09Z,2026-08-26T04:38:59Z,0.55
candidate-2290ef091daadee6,Chamada Pública Fapeg/Companhia Brasileira de Alumínio/Reserva Votorantim nº 11/2026 – Conservação da Biodiversidade – Legado Verdes do Cerrado – 2ª Edição Fapeg Prazo: Contínuo Ver detalhes →,Candidate observed on an official source page; detail verification pending.,Capitaai,opportunity_candidate,"[""biodiversity"", ""sustainability""]","[""biodiversity"", ""climate"", ""conservation"", ""financing"", ""sustainability""]",[],[],{},,CANDIDATE,SIGNAL,SIGNAL,False,UNCHANGED,https://capitaai.com.br/captacao/chamada-publica-fapegcompanhia-brasileira-aluminioreserva-votorantim-1-zf0yip,,"[""capitaai-meio-ambiente""]",capitaai-meio-ambiente,,2026-08-26T04:38:59Z,2026-08-26T03:39:09Z,2026-08-26T04:38:59Z,0.55
candidate-5966a6a9fd846ac7,Instituto Clima e Sociedade abre edital de até R$ 500 mil para projetos de comunicação climática Observatório 3º Setor (fonte) Prazo: Contínuo Ver detalhes →,Candidate observed on an official source page; detail verification pending.,Capitaai,opportunity_candidate,"[""climate""]","[""biodiversity"", ""climate"", ""conservation"", ""financing"", ""sustainability""]",[],[],{},,CANDIDATE,SIGNAL,SIGNAL,False,UNCHANGED,https://capitaai.com.br/captacao/instituto-clima-sociedade-abre-edital-ate-500-mil-pdnk25,,"[""capitaai-meio-ambiente""]",capitaai-meio-ambiente,,2026-08-26T04:38:59Z,2026-08-26T03:39:09Z,2026-08-26T04:38:59Z,0.55
candidate-d03af6b194b24f63,Edital FAPERJ Nº 38/2025 – Programa de Apoio a Projetos Científicos e Tecnológicos em Ciências Agrárias no Estado do Rio de Janeiro – 2025 FAPERJ Prazo: Contínuo Ver detalhes →,Candidate observed on an official source page; detail verification pending.,Capitaai,opportunity_candidate,"[""research""]","[""biodiversity"", ""climate"", ""conservation"", ""financing"", ""sustainability""]",[],[],{},,CANDIDATE,SIGNAL,SIGNAL,False,UNCHANGED,https://capitaai.com.br/captacao/edital-faperj-382025-programa-apoio-projetos-cientificos-tecnologicos-y9jq6m,,"[""capitaai-meio-ambiente""]",capitaai-meio-ambiente,,2026-08-26T04:38:59Z,2026-08-26T03:39:09Z,2026-08-26T04:38:59Z,0.55
candidate-8b3959cfab0972c9,1ª Chamada da Parceria de Matérias-Primas para a Transição Verde e Digital (RAMP) 2026-2027 FAPESB Prazo: Contínuo Ver detalhes →,Candidate observed on an official source page; detail verification pending.,Capitaai,opportunity_candidate,"[""technology""]","[""biodiversity"", ""climate"", ""conservation"", ""financing"", ""sustainability""]",[],[],{},,CANDIDATE,SIGNAL,SIGNAL,False,UNCHANGED,https://capitaai.com.br/captacao/chamada-parceria-materiasprimas-transicao-verde-digital-ramp-20262027-2ytjms,,"[""capitaai-meio-ambiente""]",capitaai-meio-ambiente,,2026-08-26T04:38:59Z,2026-08-26T03:39:09Z,2026-08-26T04:38:59Z,0.55
candidate-b9a748a2e7b3dcda,"Chamada Pública de Projetos – Sanear Indígena BNDES / Fundo Amazônia / MDS R$ 150,0 mi Prazo: Contínuo Ver detalhes →",Candidate observed on an official source page; detail verification pending.,Capitaai,opportunity_candidate,[],"[""biodiversity"", ""climate"", ""conservation"", ""financing"", ""sustainability""]",[],[],{},,CANDIDATE,SIGNAL,SIGNAL,False,UNCHANGED,https://capitaai.com.br/captacao/chamada-publica-projetos-sanear-indigena-fundo-amazonia-bndes-b78k9w,,"[""capitaai-meio-ambiente""]",capitaai-meio-ambiente,,2026-08-26T04:38:59Z,2026-08-26T03:39:09Z,2026-08-26T04:38:59Z,0.55
candidate-7482d4f9cd15d4d3,"Chamada Fundação de Amparo à Pesquisa da Bahia/Sectis/Semaf/FGB nº 01/2026 Fundação de Amparo à Pesquisa do Estado da Bahia (FAPESB) e Fundação Grupo Boticário de Proteção à Natureza (FGB) R$ 3,0 mi Prazo: Contínuo Ver detalhes →",Candidate observed on an official source page; detail verification pending.,Capitaai,opportunity_candidate,"[""research"", ""sustainability""]","[""biodiversity"", ""climate"", ""conservation"", ""financing"", ""sustainability""]",[],[],{},,CANDIDATE,SIGNAL,SIGNAL,False,UNCHANGED,https://capitaai.com.br/captacao/chamada-fundacao-amparo-pesquisa-bahiasectissemaffgb-012026-fundacao-a-t6qww1,,"[""capitaai-meio-ambiente""]",capitaai-meio-ambiente,,2026-08-26T04:38:59Z,2026-08-26T03:39:09Z,2026-08-26T04:38:59Z,0.55
candidate-0a6596cb1b8df4f3,Edital de Chamamento Público nº 002/2025 - FAPAC/AC Fundação de Amparo à Pesquisa do Estado do Acre - FAPAC R$ 320 mil Prazo: Contínuo Ver detalhes →,Candidate observed on an official source page; detail verification pending.,Capitaai,opportunity_candidate,"[""research""]","[""biodiversity"", ""climate"", ""conservation"", ""financing"", ""sustainability""]",[],[],{},,CANDIDATE,SIGNAL,SIGNAL,False,UNCHANGED,https://capitaai.com.br/captacao/edital-chamamento-publico-0022025-fapacac-fundacao-amparo-pesquisa-56rchw,,"[""capitaai-meio-ambiente""]",capitaai-meio-ambiente,,2026-08-26T04:38:59Z,2026-08-26T03:39:09Z,2026-08-26T04:38:59Z,0.55
candidate-a5857f13b9dbe21d,Chamada Pública Teia da Sociobiodiversidade – 2025 (2ª Chamada) Fundo Casa Socioambiental com apoio do Fundo Socioambiental CAIXA R$ 100 mil Prazo: Contínuo Ver detalhes →,Candidate observed on an official source page; detail verification pending.,Capitaai,opportunity_candidate,"[""biodiversity"", ""sustainability""]","[""biodiversity"", ""climate"", ""conservation"", ""financing"", ""sustainability""]",[],[],{},,CANDIDATE,SIGNAL,SIGNAL,False,UNCHANGED,https://capitaai.com.br/captacao/chamada-publica-teia-sociobiodiversidade-2025-chamada-fundo-casa-r6jww1,,"[""capitaai-meio-ambiente""]",capitaai-meio-ambiente,,2026-08-26T04:38:59Z,2026-08-26T03:39:09Z,2026-08-26T04:38:59Z,0.55
opportunity-dd1a0fce8619aace,CHAMADA CONFAP/ERC 2026 – CALL RESEARCH OPPORTUNITIES IN EUROPE FOR ACTIVE PHD RESEARCHERS FROM BRAZIL,Diretorias,FAPESB,research_call,"[""research""]","[""innovation"", ""research"", ""sustainability""]","[""Bahia"", ""Amazon"", ""Europe"", ""Europa"", ""Brazil""]","[""ELIGIBLE RESEARCHERS: Eligible researchers from Brazil are: ● Active researchers from Brazil, holding a PhD, who are implementing research activities within Brazilian universities, institutes or research centers""]","{""amount"": 3810.0, ""currency"": ""BRL"", ""raw"": ""R$ 3.810""}",2024-06-10T23:59:59Z,CLOSED,HISTORICAL,HISTORICAL,False,UNCHANGED,https://www.fapesb.ba.gov.br/chamada-confaperc-2026-call-research-opportunities-in-europe-for-active-phd-researchers-from-brazil/,https://news.confap.org.br/wp-content/uploads/2026/05/Chamada-ERC-CONFAP-2026.pdf,"[""fapesb-editais""]",fapesb-editais,,2026-08-26T04:38:59Z,2026-08-26T00:12:06Z,2026-08-26T04:38:59Z,0.55
opportunity-e0c03e0aa75c88fa,CHAMADA GCUB – MOB Nº 2026/2027 – PROGRAMA DE MOBILIDADE INTERNACIONAL DO GCUB (GCUB-MOB),Diretorias,FAPESB,grant,"[""financing""]","[""innovation"", ""research"", ""sustainability""]","[""Bahia"", ""Brasil""]",[],"{""amount"": 3810.0, ""currency"": ""BRL"", ""raw"": ""R$ 3.810""}",2024-06-10T23:59:59Z,CLOSED,HISTORICAL,HISTORICAL,False,UNCHANGED,https://www.fapesb.ba.gov.br/chamada-gcub-mob-no-20262027-programa-de-mobilidade-internacional-do-gcub-gcub-mob/,https://www.fapesb.ba.gov.br/wp-content/uploads/2019/08/MINUTA_DIRETRIZES___GCUB_2026.2027.pdf,"[""fapesb-editais""]",fapesb-editais,,2026-08-26T04:38:59Z,2026-08-26T00:12:06Z,2026-08-26T04:38:59Z,0.55
opportunity-00fe07d6de7c4db3,BNDES — Floresta Viva,Candidate observed on an official source page; detail verification pending.,BNDES,call,[],"[""biodiversity"", ""sustainability"", ""water""]",[],[],{},,CANDIDATE,SIGNAL,SIGNAL,False,UNCHANGED,https://chamadas.funbio.org.br/floresta-viva-parnaiba,,"[""bndes-floresta-viva""]",bndes-floresta-viva,,2026-08-26T04:38:59Z,2026-08-26T01:29:47Z,2026-08-26T04:38:59Z,0.55
opportunity-b37d0cfd7cc1e436,CHAMADA 2026- PROGRAMA DE AUXILIO PARA DOUTORANDOS COM BOLSA NACIONAL – DAAD,Diretorias,FAPESB,research_call,"[""research""]","[""innovation"", ""research"", ""sustainability""]","[""Bahia"", ""Brasil"", ""Amazônia"", ""Amazon""]","[""elegibilidade e o processo de candidatura estão disponíveis no site do DAAD: www"", ""destinado a doutorandos brasileiros que já possuam bolsa de estudos concedida no país""]","{""amount"": 3810.0, ""currency"": ""BRL"", ""raw"": ""R$ 3.810""}",2024-06-10T23:59:59Z,CLOSED,HISTORICAL,HISTORICAL,False,UNCHANGED,https://www.fapesb.ba.gov.br/chamada-2026-programa-de-auxilio-para-doutorandos-com-bolsa-nacional-daad/,https://www.fapesb.ba.gov.br/wp-content/uploads/2019/08/CONFAP-Conselho-Nacional-dChamada-DAAD-Programa-de-Auxilio-para-Doutorando-2026.pdf,"[""fapesb-editais""]",fapesb-editais,,2026-08-26T04:38:59Z,2026-08-26T00:12:06Z,2026-08-26T04:38:59Z,0.55
opportunity-1d65ce0e3240c5a6,Programa de Bolsas,Diretorias,FAPESB,research_call,"[""research""]","[""innovation"", ""research"", ""sustainability""]","[""Bahia""]",[],"{""amount"": 3810.0, ""currency"": ""BRL"", ""raw"": ""R$ 3.810""}",2024-06-10T23:59:59Z,CLOSED,HISTORICAL,HISTORICAL,False,UNCHANGED,https://www.fapesb.ba.gov.br/programa-de-bolsas/,https://www.fapesb.ba.gov.br/wp-content/uploads/2019/08/ERRATA_1__Edital_IEL-04.2026.pdf,"[""fapesb-editais""]",fapesb-editais,,2026-08-26T04:38:59Z,2026-08-26T01:23:39Z,2026-08-26T04:38:59Z,0.55
opportunity-a54c71cf69c9a0d3,DIRETRIZES ESPECÍFICAS DA FAPESB – 1ª CHAMADA DA PARCERIA DE MATÉRIAS- PRIMAS PARA A TRANSIÇÃO VERDE E DIGITAL (RAMP) 2026-2027,Diretorias,FAPESB,research_call,"[""research"", ""technology""]","[""innovation"", ""research"", ""sustainability""]","[""Bahia"", ""Brasil"", ""Europe"", ""Europa""]","[""ELEGIBILIDADE E CONDIÇÕES DE PARTICIPAÇÃO 4""]","{""amount"": 3810.0, ""currency"": ""BRL"", ""raw"": ""R$ 3.810""}",2024-06-10T23:59:59Z,CLOSED,HISTORICAL,HISTORICAL,False,UNCHANGED,https://www.fapesb.ba.gov.br/diretrizes-especificas-da-fapesb-1a-chamada-da-parceria-de-materias-primas-para-a-transicao-verde-e-digital-ramp-2026-2027/,https://www.fapesb.ba.gov.br/wp-content/uploads/2019/08/DIRETRIZES_COOPINTER_RAMP_2026.pdf,"[""fapesb-editais""]",fapesb-editais,,2026-08-26T04:38:59Z,2026-08-26T00:12:06Z,2026-08-26T04:38:59Z,0.55
opportunity-65814632955ca208,Floresta Viva - Restauração Ecológica na Bacia do Rio Xingu,"Apoio à Restauração Ecológica, à Capacitação e ao Fortalecimento das Cadeias Produtivas Associadas à Restauração na Bacia Hidrográfica do Rio Xingu",BNDES,call,"[""water""]","[""biodiversity"", ""sustainability"", ""water""]","[""Brasil"", ""Xingu""]","[""Quem pode participar""]","{""amount"": 6300000.0, ""currency"": ""BRL"", ""raw"": ""R$ 6.300.000,00""}",,CLOSED,HISTORICAL,HISTORICAL,False,UNCHANGED,https://chamadas.funbio.org.br/bacia-do-rio-xingu-2,,"[""bndes-floresta-viva""]",bndes-floresta-viva,,2026-08-26T04:38:59Z,2026-08-26T00:12:06Z,2026-08-26T04:38:59Z,0.55
opportunity-1ba61f999517c01f,Floresta Viva - Bacia do Rio Parnaíba - Piauí,"Apoio à Restauração Ecológica e à Revitalização dos Recursos Hídricos na Bacia do Rio Parnaíba, no estado do Piauí",BNDES,call,"[""water""]","[""biodiversity"", ""sustainability"", ""water""]","[""Brasil"", ""Parnaíba""]","[""Quem pode participar""]","{""amount"": 70500000.0, ""currency"": ""BRL"", ""raw"": ""R$ 70.500.000,00""}",,CLOSED,HISTORICAL,HISTORICAL,False,UNCHANGED,https://chamadas.funbio.org.br/floresta-viva-piaui,,"[""bndes-floresta-viva""]",bndes-floresta-viva,,2026-08-26T04:38:59Z,2026-08-26T00:12:06Z,2026-08-26T04:38:59Z,0.55
opportunity-c529091f4ced7d00,FLORESTA VIVA – EDITAL AMAZONAS,"O FUNBIO é uma associação civil sem fins lucrativos, que há mais de 30 anos trabalha para a conservação da biodiversidade no Brasil.",BNDES,innovation_program,"[""biodiversity"", ""innovation"", ""sustainability""]","[""biodiversity"", ""sustainability"", ""water""]","[""Brasil"", ""Amazon""]",[],"{""amount"": 9.9, ""currency"": ""BRL"", ""raw"": ""R$ 9,9""}",,CANDIDATE,SIGNAL,SIGNAL,False,UNCHANGED,https://www.funbio.org.br/programas_e_projetos/florestaviva/eneva-edital-amazonas/?id=44248&subproject=1,https://www.funbio.org.br/wp-content/uploads/2021/05/FUNBIO-Relatorio-de-Atividades-do-GS-2019.pdf,"[""bndes-floresta-viva""]",bndes-floresta-viva,,2026-08-26T04:38:59Z,2026-08-26T01:23:39Z,2026-08-26T04:38:59Z,0.55
opportunity-72f012acda9d0045,DIRETRIZES ESPECÍFICAS DA FAPESB – Chamada para submissão de propostas do programa de Intercâmbio de Pessoal (MSCA SE) em coordenação com o Horizonte Europa,Diretorias,FAPESB,research_call,"[""research""]","[""innovation"", ""research"", ""sustainability""]","[""Bahia"", ""Brasil"", ""Europe"", ""Europa""]","[""ELEGIBILIDADE E CONDIÇÕES DE PARTICIPAÇÃO 4""]","{""amount"": 3810.0, ""currency"": ""BRL"", ""raw"": ""R$ 3.810""}",2024-06-10T23:59:59Z,CLOSED,HISTORICAL,HISTORICAL,False,UNCHANGED,https://www.fapesb.ba.gov.br/diretrizes-especificas-da-fapesb-chamada-para-submissao-de-propostas-do-programa-de-intercambio-de-pessoal-msca-se-em-coordenacao-com-o-horizonte-europa-2/,https://www.fapesb.ba.gov.br/wp-content/uploads/2019/08/DIRETRIZES-ESPECIFICAS-DA-FAPESB-MSCA-SE-Horizonte-Europa.pdf,"[""fapesb-editais""]",fapesb-editais,,2026-08-26T04:38:59Z,2026-08-26T00:12:06Z,2026-08-26T04:38:59Z,0.55
opportunity-83a988f745ab850b,Floresta Viva - Restauração Ecológica no Pantanal,Restauração Ecológica e Fortalecimento da Cadeia Produtiva da Restauração no Bioma Pantanal.,BNDES,call,[],"[""biodiversity"", ""sustainability"", ""water""]","[""Brasil"", ""Pantanal""]","[""Quem pode participar""]","{""amount"": 5200000.0, ""currency"": ""BRL"", ""raw"": ""R$ 5.200.000,00""}",,CLOSED,HISTORICAL,HISTORICAL,False,UNCHANGED,https://chamadas.funbio.org.br/floresta-viva-pantanal,,"[""bndes-floresta-viva""]",bndes-floresta-viva,,2026-08-26T04:38:59Z,2026-08-26T00:12:06Z,2026-08-26T04:38:59Z,0.55
opportunity-21f1995630704b62,Floresta Viva - Restauração e Recarga do Aquífero Beberibe,Apoio à Restauração Ecológica e Fortalecimento das Cadeias Produtivas Associadas à Restauração na Área de Recarga do Aquífero Beberibe,BNDES,call,[],"[""biodiversity"", ""sustainability"", ""water""]","[""Brasil""]","[""Quem pode participar""]","{""amount"": 8880000.0, ""currency"": ""BRL"", ""raw"": ""R$ 8.880.000,00""}",,CLOSED,HISTORICAL,HISTORICAL,False,UNCHANGED,https://chamadas.funbio.org.br/floresta-viva-beberibe,,"[""bndes-floresta-viva""]",bndes-floresta-viva,,2026-08-26T04:38:59Z,2026-08-26T00:12:06Z,2026-08-26T04:38:59Z,0.55
opportunity-8ebbbe132bcdb8c8,Disponibilização das Bases de Dados Programadas para Abertura no PDA do Órgão,Candidate observed on an official source page; detail verification pending.,Ministério do Meio Ambiente,grant,"[""education"", ""financing""]","[""biodiversity"", ""climate"", ""conservation"", ""financing"", ""sustainability""]","[""Brasil""]","[""público alvo Cidadãos Empresas Órgãos e Entidades Públicas Demais segmentos (ONGs, organizações sociais, etc) Servidor Público Temas em Destaque Orçamento Nacional Redes de Atendimento da Administração Pública Federal Proteção de Dados Pessoais Serviços para Imigrantes Política e Orçamento Educacionais Educação""]",{},,INSUFFICIENT_EVIDENCE,SIGNAL,SIGNAL,False,UNCHANGED,https://www.gov.br/mma/pt-br/acesso-a-informacao/dados-abertos/12-2-disponibilizacao-das-bases-de-dados-programadas-para-abertura-no-pda-do-orgao,,"[""mma-fnma"", ""mma-fundo-clima""]",mma-fnma,,2026-08-26T04:38:59Z,2026-08-26T00:12:06Z,2026-08-26T04:38:59Z,0.72
opportunity-5218eaa14698b67d,2. Ações e Programas,Candidate observed on an official source page; detail verification pending.,Ministério do Meio Ambiente,grant,"[""education"", ""financing""]","[""biodiversity"", ""climate"", ""conservation"", ""financing"", ""sustainability""]","[""Brasil""]","[""público alvo Cidadãos Empresas Órgãos e Entidades Públicas Demais segmentos (ONGs, organizações sociais, etc) Servidor Público Temas em Destaque Orçamento Nacional Redes de Atendimento da Administração Pública Federal Proteção de Dados Pessoais Serviços para Imigrantes Política e Orçamento Educacionais Educação""]",{},,INSUFFICIENT_EVIDENCE,SIGNAL,SIGNAL,False,UNCHANGED,https://www.gov.br/mma/pt-br/acesso-a-informacao/acoes-e-programas,,"[""mma-fnma"", ""mma-fundo-clima""]",mma-fnma,,2026-08-26T04:38:59Z,2026-08-26T00:12:06Z,2026-08-26T04:38:59Z,0.72
opportunity-20de81831d3cdc11,EDITAL FAPESB/SECTI/IEL nº 004/2026 – Chamada Estratégica FAPESB/SECTI/IEL,Diretorias,FAPESB,research_call,"[""research""]","[""innovation"", ""research"", ""sustainability""]","[""Bahia"", ""Brasil""]","[""ELEGIBILIDADE E CONDIÇÕES DE PARTICIPAÇÃO 3""]","{""amount"": 1500000.0, ""currency"": ""BRL"", ""raw"": ""R$ 1.500.000,00""}",2024-06-10T23:59:59Z,CLOSED,HISTORICAL,HISTORICAL,False,UNCHANGED,https://www.fapesb.ba.gov.br/edital-fapesbsectiiel-no-0042026-chamada-estrategica-fapesbsectiiel/,https://www.fapesb.ba.gov.br/wp-content/uploads/2019/08/Edital_IEL_2026.pdf,"[""fapesb-editais""]",fapesb-editais,,2026-08-26T04:38:59Z,2026-08-26T01:23:39Z,2026-08-26T04:38:59Z,0.55
opportunity-990c99b0c3938904,Concessões de Recurso Financeiros ou Renúncias de Receitas,O Ministério do Meio Ambiente e Mudança do Clima não possui concessões de recursos financeiros nem renúncias de receitas.,Ministério do Meio Ambiente,grant,"[""climate"", ""education"", ""financing"", ""sustainability""]","[""biodiversity"", ""climate"", ""conservation"", ""financing"", ""sustainability""]","[""Brasil""]","[""público alvo Cidadãos Empresas Órgãos e Entidades Públicas Demais segmentos (ONGs, organizações sociais, etc) Servidor Público Temas em Destaque Orçamento Nacional Redes de Atendimento da Administração Pública Federal Proteção de Dados Pessoais Serviços para Imigrantes Política e Orçamento Educacionais Educação""]",{},,INSUFFICIENT_EVIDENCE,SIGNAL,SIGNAL,False,UNCHANGED,https://www.gov.br/mma/pt-br/acesso-a-informacao/acoes-e-programas/2-3-concessoes-de-recurso-financeiros-ou-renuncias-de-receitas,,"[""mma-fnma"", ""mma-fundo-clima""]",mma-fnma,,2026-08-26T04:38:59Z,2026-08-26T00:12:06Z,2026-08-26T04:38:59Z,0.72
opportunity-05e4b131a0b63fc9,2.5 Unidades Responsáveis,Gabinete da Ministra - https://www.gov.br/mma/pt-br/composicao/gm,Ministério do Meio Ambiente,grant,"[""education"", ""financing""]","[""biodiversity"", ""climate"", ""conservation"", ""financing"", ""sustainability""]","[""Brasil""]","[""público alvo Cidadãos Empresas Órgãos e Entidades Públicas Demais segmentos (ONGs, organizações sociais, etc) Servidor Público Temas em Destaque Orçamento Nacional Redes de Atendimento da Administração Pública Federal Proteção de Dados Pessoais Serviços para Imigrantes Política e Orçamento Educacionais Educação""]",{},,INSUFFICIENT_EVIDENCE,SIGNAL,SIGNAL,False,UNCHANGED,https://www.gov.br/mma/pt-br/acesso-a-informacao/acoes-e-programas/unidades-responsaveis,,"[""mma-fnma"", ""mma-fundo-clima""]",mma-fnma,,2026-08-26T04:38:59Z,2026-08-26T00:12:06Z,2026-08-26T04:38:59Z,0.72
opportunity-0cff674ac5e5d81f,Acompanhamento do Programa de Gestão e Desempenho no MMA,"O Programa de Gestão e Desempenho - PGD é o modelo de gestão instituído pela Administração Pública Federal por meio do Decreto nº 11.072/2022 e regulamentado pelas Instruções Normativas nº 24/2023 e 52/2023. Esso modelo de gestão induz a melhoria do desempenho das instituições públicas federais, com foco na gestão por resultados. O PGD alinha estratégias organizacionais, entregas das unidades e planos de trabalho dos agentes públicos, buscando, assim, a melhoria da qualidade dos serviços prestados à sociedade .",Ministério do Meio Ambiente,grant,"[""education"", ""financing""]","[""biodiversity"", ""climate"", ""conservation"", ""financing"", ""sustainability""]","[""Brasil""]","[""público alvo Cidadãos Empresas Órgãos e Entidades Públicas Demais segmentos (ONGs, organizações sociais, etc) Servidor Público Temas em Destaque Orçamento Nacional Redes de Atendimento da Administração Pública Federal Proteção de Dados Pessoais Serviços para Imigrantes Política e Orçamento Educacionais Educação""]",{},,INSUFFICIENT_EVIDENCE,SIGNAL,SIGNAL,False,UNCHANGED,https://www.gov.br/mma/pt-br/acesso-a-informacao/8-servidores-ou-empregados-publicos/copy_of_acompanhamento-de-trabalho-remoto-e-presencial-do-mma,,"[""mma-fnma"", ""mma-fundo-clima""]",mma-fnma,,2026-08-26T04:38:59Z,2026-08-26T00:12:06Z,2026-08-26T04:38:59Z,0.72
opportunity-0e87cc3eb6ba530e,Floresta Viva - Seleção Pública de Parceiro Gestor,Renderizado em 8/26/26 1:32 AM,BNDES,grant,"[""financing""]","[""biodiversity"", ""sustainability"", ""water""]","[""Brasil"", ""Amazônia""]","[""elegibilidade dos Proponentes e apresentação dos documentos obrigatórios previstos neste Edital; e) Prazo para apresentação de recursos exclusivamente relacionados aos requisitos eliminatórios; f) Fase Classificatória – classificação das propostas conforme os critérios estabelecidos neste edital; g) Apresentação""]","{""amount"": 30.0, ""currency"": ""BRL"", ""raw"": ""R$ 30""}",,CLOSED,HISTORICAL,HISTORICAL,False,UNCHANGED,https://www.bndes.gov.br/wps/portal/site/home/desenvolvimento-sustentavel/parcerias/floresta-viva/floresta-viva-selecao-publica/!ut/p/z1/xVXLdtowEP0VNiyFZFm25e4Ih0ISKCVJC3jDkWQZ1BrLsYVp-vUVSdokJkBpm1Nv9JiZq3ncGcMITmGUsUotmFE6Y6k9zyJ_Hox7nX6bOAM6uvGQTy8-din1MBlj-BlGMBKZyc0SzngWy3KustIosxb3CE201CvZRFYgs0qnlVrJzGhQrktjN6ySViVnhZCFYmXD7lhDN2rajRfaSaoLWRrWqFTFno5gewSlTKVgGuRrnirBtt7lQsVwlrhOSASRwLoSAIIEATzxJcCSC8k5ZXEo4KQWLh36aHzlO8jDAaIdH0bPxb33LrHim97Z5Qg7FAeP9mjP10Yv7XezWXt_94HT7HcVosPuTbb5OhLBvcIgvOz2yQgNRuduF7X7nYFHupdOL3QfFQ7l8FgWZzaKYC_CtQ8nlZIb-CnTxcpy9PqpyAGXWJCYACKFB0iABQgdxoAXeq4bcxy7hMA-ghfHfLS8V19ub6O2JbfOjPxm4PRP2V0Tzp8Jt-_gYtgZLmwEzCyByhINp4csrOuLVPOH3mxn3KXWtpCJLGTRWhf2emlMXr5roibabDate69bC121eGFv8tK2my7M1vdSGfkQwWtYS13aoOsQ9eLUqnce7C8OwRwzighwOXcAwWECqLA7yahACWKxI4J6ZXbJ8S8rc9rcOUV7T2FPgqi3Qa2Z3f2Z_q1Zdxjex28L770p_JD8JfzFsUn7_2h40u_vdRoetslXK-reKaXA16v-97MPoDehht65abXq8F_r5ib5uUxo-QMGTlHB/dz/d5/L2dBISEvZ0FBIS9nQSEh/,https://www.bndes.gov.br/wps/wcm/connect/site/69711472-271a-4a55-9b68-287b2df3290b/Chamada+P%C3%BAblica+para+Sele%C3%A7%C3%A3o+de+Parceiro+Gestor+-+BNDES+Iniciativa+Floresta+Viva.pdf?MOD=AJPERES&CVID=nRIQE16,"[""bndes-floresta-viva""]",bndes-floresta-viva,,2026-08-26T04:38:59Z,2026-08-26T01:23:39Z,2026-08-26T04:38:59Z,0.55
opportunity-0d123434731920fd,Ministério do Meio Ambiente e Mudança do Clima (MMA),Mais informações sobre todos os serviços oferecidos por este órgão podem ser encontrados também em formato PDF .,Ministério do Meio Ambiente,grant,"[""climate"", ""education"", ""financing"", ""sustainability""]","[""biodiversity"", ""climate"", ""conservation"", ""financing"", ""sustainability""]","[""Brasil""]","[""público alvo Cidadãos Empresas Órgãos e Entidades Públicas Demais segmentos (ONGs, organizações sociais, etc) Servidor Público Temas em Destaque Orçamento Nacional Redes de Atendimento da Administração Pública Federal Proteção de Dados Pessoais Serviços para Imigrantes Política e Orçamento Educacionais Educação""]",{},,INSUFFICIENT_EVIDENCE,SIGNAL,SIGNAL,False,UNCHANGED,https://www.gov.br/pt-br/orgaos/ministerio-do-meio-ambiente-e-mudanca-do-clima,https://www.gov.br/pt-br/orgaos/ministerio-do-meio-ambiente-e-mudanca-do-clima/@@download.pdf,"[""mma-fnma"", ""mma-fundo-clima""]",mma-fnma,,2026-08-26T04:38:59Z,2026-08-26T01:32:21Z,2026-08-26T04:38:59Z,0.72
opportunity-45497c2a28369a4a,Conheça o Programa de Gestão e Desempenho do MMA,Candidate observed on an official source page; detail verification pending.,Ministério do Meio Ambiente,grant,"[""education"", ""financing""]","[""biodiversity"", ""climate"", ""conservation"", ""financing"", ""sustainability""]","[""Brasil""]","[""público alvo Cidadãos Empresas Órgãos e Entidades Públicas Demais segmentos (ONGs, organizações sociais, etc) Servidor Público Temas em Destaque Orçamento Nacional Redes de Atendimento da Administração Pública Federal Proteção de Dados Pessoais Serviços para Imigrantes Política e Orçamento Educacionais Educação""]",{},,INSUFFICIENT_EVIDENCE,SIGNAL,SIGNAL,False,UNCHANGED,https://www.gov.br/mma/pt-br/acesso-a-informacao/programa-de-gestao-e-desempenho-pgd/conheca-o-programa-de-gestao-e-desempenho-do-mma,,"[""mma-fnma"", ""mma-fundo-clima""]",mma-fnma,,2026-08-26T04:38:59Z,2026-08-26T00:12:06Z,2026-08-26T04:38:59Z,0.72
opportunity-e13ed301e795cc8d,Instituições,Home - Programas e Projetos - Instituições,BNDES,innovation_program,"[""innovation""]","[""biodiversity"", ""sustainability"", ""water""]","[""Brasil"", ""Parnaíba""]",[],"{""amount"": 44.4, ""currency"": ""BRL"", ""raw"": ""R$ 44,4""}",,CANDIDATE,SIGNAL,SIGNAL,False,UNCHANGED,https://www.funbio.org.br/programas-e-projetos/instituicoes/?id=58056,https://www.funbio.org.br/wp-content/uploads/2022/11/Edital-Manguezais-do-Brasil_FINAL.pdf,"[""bndes-floresta-viva""]",bndes-floresta-viva,,2026-08-26T04:38:59Z,2026-08-26T01:23:39Z,2026-08-26T04:38:59Z,0.55
opportunity-42d746484bdcef72,Governança,Governança no MMA,Ministério do Meio Ambiente,grant,"[""education"", ""financing""]","[""biodiversity"", ""climate"", ""conservation"", ""financing"", ""sustainability""]","[""Brasil""]","[""público alvo Cidadãos Empresas Órgãos e Entidades Públicas Demais segmentos (ONGs, organizações sociais, etc) Servidor Público Temas em Destaque Orçamento Nacional Redes de Atendimento da Administração Pública Federal Proteção de Dados Pessoais Serviços para Imigrantes Política e Orçamento Educacionais Educação""]","{""amount"": 120344394.0, ""currency"": ""BRL"", ""raw"": ""R$ 120.344.394,00""}",,INSUFFICIENT_EVIDENCE,SIGNAL,SIGNAL,False,UNCHANGED,https://www.gov.br/mma/pt-br/acesso-a-informacao/acoes-e-programas/governanca,https://www.gov.br/mma/pt-br/acesso-a-informacao/acoes-e-programas/governanca/ata_reunio_1_cg_2024-1.pdf,"[""mma-fnma"", ""mma-fundo-clima""]",mma-fnma,,2026-08-26T04:38:59Z,2026-08-26T00:12:06Z,2026-08-26T04:38:59Z,0.72
opportunity-30a490705aad7e7f,"EDITAL DE SELEÇÃO PÚBLICA Nº 017/ 2026 Subvenção Econômica à Pesquisa,Desenvolvimento e Inovação (P,D&I) Soluções de Sistemas Inteligentes para a Administração Estadual – Rodada 2",Diretorias,FAPESB,research_call,"[""economy"", ""financing"", ""innovation"", ""research""]","[""innovation"", ""research"", ""sustainability""]","[""Bahia"", ""Brasil""]","[""destinado a criar representações hierárquicas ricas por meio do treinamento de redes neurais com muitas camadas ocultas 7""]","{""amount"": 8000000.0, ""currency"": ""BRL"", ""raw"": ""R$ 8.000.000,00""}",2024-06-10T23:59:59Z,CLOSED,HISTORICAL,HISTORICAL,False,UNCHANGED,https://www.fapesb.ba.gov.br/edital-de-selecao-publica-no-017-2026-subvencao-economica-a-pesquisadesenvolvimento-e-inovacao-pdi-solucoes-de-sistemas-inteligentes-para-a-administracao-estadual-rodada-2/,https://www.fapesb.ba.gov.br/wp-content/uploads/2019/08/EDITAL-DE-SELECAO-PUBLICA-N-017_2026-Subvencao-Economica-a-PesquisaDesenvolvimento-e-Inovacao-PDI-Solucoes-de-Sistemas-Inteligentes-para-a-Administracao-Estadual-Rodada-2.pdf,"[""fapesb-editais""]",fapesb-editais,,2026-08-26T04:38:59Z,2026-08-26T01:23:39Z,2026-08-26T04:38:59Z,0.55
opportunity-b1f6ba108215b361,Chamamento Público CNPq/FNDCT/MCTI Nº 01/2026 Para Participação no Programa de Apoio à Popularização da Ciência nas Unidades da Federação,"O Conselho Nacional de Desenvolvimento Científico e Tecnológico – CNPq e o Ministério da Ciência, Tecnologia e Inovação – MCTI convidam as fundações estaduais de amparo à pesquisa – FAPs a apresentarem propostas estaduais e do Distrito Federal para apoio a projetos de popularização da ciência, apresentadas por FAPs, visando o desenvolvimento científico, tecnológico e a inovação no País, com os seguintes objetivos:",CNPq,grant,"[""education"", ""financing"", ""innovation"", ""research"", ""technology""]","[""innovation"", ""research"", ""sustainability""]","[""Brasil"", ""Amazônia""]","[""público alvo Cidadãos Empresas Órgãos e Entidades Públicas Demais segmentos (ONGs, organizações sociais, etc) Servidor Público Temas em Destaque Orçamento Nacional Redes de Atendimento da Administração Pública Federal Proteção de Dados Pessoais Serviços para Imigrantes Política e Orçamento Educacionais Educação""]","{""amount"": 300000000.0, ""currency"": ""BRL"", ""raw"": ""R$ 300.000.000,00""}",2026-09-20T23:59:59Z,CLOSED,HISTORICAL,HISTORICAL,False,UNCHANGED,https://www.gov.br/cnpq/pt-br/chamadas/todas-as-chamadas/chamadas-2026/chamamento-no-01-2026/chamamento-publico-01-2026,https://www.gov.br/cnpq/pt-br/chamadas/todas-as-chamadas/chamadas-2026/chamamento-no-01-2026/Chamamento_Popularizacao_UF_DF_v_2_7_26.pdf,"[""cnpq-chamadas""]",cnpq-chamadas,,2026-08-26T04:38:59Z,2026-08-26T00:12:06Z,2026-08-26T04:38:59Z,0.55
opportunity-b44e7b250e8cac43,Chamada Pública CNPq/CAPES/MRE N° 16/2026 - Programa de Estudantes-Convênio de Pós-Graduação (PEC-PG),"O Programa de Estudantes-Convênio de Pós-Graduação (PEC-PG) é coordenado pelo MRE, pela CAPES e pelo CNPq e constitui uma importante iniciativa de cooperação internacional, promovendo a atração de estudantes estrangeiros para o Brasil, o intercâmbio de conhecimentos entre os países participantes e o fortalecimento da internacionalização das instituições brasileiras de ensino e pesquisa.",CNPq,grant,"[""education"", ""financing"", ""research""]","[""innovation"", ""research"", ""sustainability""]","[""Brasil""]","[""público alvo Cidadãos Empresas Órgãos e Entidades Públicas Demais segmentos (ONGs, organizações sociais, etc) Servidor Público Temas em Destaque Orçamento Nacional Redes de Atendimento da Administração Pública Federal Proteção de Dados Pessoais Serviços para Imigrantes Política e Orçamento Educacionais Educação""]","{""amount"": 22189440.0, ""currency"": ""BRL"", ""raw"": ""R$ 22.189.440,00""}",,INSUFFICIENT_EVIDENCE,SIGNAL,SIGNAL,False,UNCHANGED,https://www.gov.br/cnpq/pt-br/chamadas/todas-as-chamadas/chamadas-2026/chamada-no-16-2026/chamada-publica-cnpq-N-16-2026,https://www.gov.br/cnpq/pt-br/chamadas/todas-as-chamadas/chamadas-2026/chamada-no-16-2026/copy_of_ChamadaPblica_CNPq_CAPES_MRE_16_2026_2717524.pdf,"[""cnpq-chamadas""]",cnpq-chamadas,,2026-08-26T04:38:59Z,2026-08-26T00:12:06Z,2026-08-26T04:38:59Z,0.72
opportunity-b49d91da43e099ef,Chamada Pública MCTI/CNPq/MIR/MMulheres/MPI Nº 20/2026 Atlânticas - Programa Beatriz Nascimento de Mulheres na Ciência,"Trata-se da segunda edição da Chamada, que tem por objetivo selecionar mulheres negras (pretas e pardas), mulheres quilombolas, mulheres indígenas e mulheres ciganas para a realização de parte de suas pesquisas de doutorado ou de projetos de pós-doutorado em instituições no exterior, mediante a concessão de bolsas nas modalidades Desenvolvimento Tecnológico e Inovação no Exterior Júnior (DEJ), Desenvolvimento Tecnológico e Inovação no Exterior Sênior (DES) e Pós-Doutorado no Exterior (PDE)",CNPq,grant,"[""culture"", ""education"", ""financing"", ""innovation"", ""research""]","[""innovation"", ""research"", ""sustainability""]","[""Brasil""]","[""público alvo Cidadãos Empresas Órgãos e Entidades Públicas Demais segmentos (ONGs, organizações sociais, etc) Servidor Público Temas em Destaque Orçamento Nacional Redes de Atendimento da Administração Pública Federal Proteção de Dados Pessoais Serviços para Imigrantes Política e Orçamento Educacionais Educação""]","{""amount"": 4925000.0, ""currency"": ""BRL"", ""raw"": ""R$ 4.925.000,00""}",2026-12-15T23:59:59Z,VERIFIED,UPCOMING,OPPORTUNITY,True,UNCHANGED,https://www.gov.br/cnpq/pt-br/chamadas/todas-as-chamadas/chamadas-2026/chamada-no-20-2026/chamada-publica-cnpq-N-20-2026,https://www.gov.br/cnpq/pt-br/chamadas/todas-as-chamadas/chamadas-2026/chamada-no-20-2026/chamada_publica_20_2026_atlanticas_2714776.pdf,"[""cnpq-chamadas""]",cnpq-chamadas,,2026-08-26T04:38:59Z,2026-08-26T03:47:16Z,2026-08-26T04:38:59Z,0.92
opportunity-6d812d1a4cbb3e51,Chamada Pública CNPq N° 07/2026 - Programa Institucional de Bolsas de Pós-Graduação (PIBPG),"São objetivos desta Chamada: promover a capacitação de recursos humanos para a pesquisa científica, tecnológica e de inovação de grupos consolidados e emergentes; fomentar o desenvolvimento de pesquisas com foco na geração de inovação e impacto socioambiental, social, econômico e cultural, em nível local, regional e nacional; e incentivar o desenvolvimento científico, tecnológico e de inovação nos temas estratégicos de pesquisa das IES/ICT.",CNPq,grant,"[""culture"", ""economy"", ""education"", ""financing"", ""innovation"", ""research"", ""sustainability""]","[""innovation"", ""research"", ""sustainability""]","[""Brasil""]","[""público alvo Cidadãos Empresas Órgãos e Entidades Públicas Demais segmentos (ONGs, organizações sociais, etc) Servidor Público Temas em Destaque Orçamento Nacional Redes de Atendimento da Administração Pública Federal Proteção de Dados Pessoais Serviços para Imigrantes Política e Orçamento Educacionais Educação""]","{""amount"": 430908172.8, ""currency"": ""BRL"", ""raw"": ""R$ 430.908.172,80""}",,CLOSED,HISTORICAL,HISTORICAL,False,UNCHANGED,https://www.gov.br/cnpq/pt-br/chamadas/todas-as-chamadas/chamadas-2026/chamada-no-07-2026/chamada-publica-cnpq-N-07-2026,https://www.gov.br/cnpq/pt-br/chamadas/todas-as-chamadas/chamadas-2026/chamada-no-07-2026/chamada_07_2026_PIBPG_2699238.pdf,"[""cnpq-chamadas""]",cnpq-chamadas,,2026-08-26T04:38:59Z,2026-08-26T00:12:06Z,2026-08-26T04:38:59Z,0.55
opportunity-eff97b8786bdf420,Programa CAPES/PURDUE para projetos conjuntos de pesquisa,"O programa CAPES/Universidade de Purdue para projetos conjuntos de pesquisa tem por objeto a seleção de projetos conjunto de pesquisa, desenvolvidos por grupos brasileiros e estadunidenses vinculados a Instituições de Ensino Superior ou de Pesquisa, com o intuito de apoiar e fomentar o intercâmbio científico entre grupos de pesquisa e desenvolvimento brasileiros e da Universidade de Purdue.",CAPES,grant,"[""education"", ""financing"", ""research""]","[""education"", ""innovation"", ""research""]","[""Brasil""]",[],{},,CANDIDATE,SIGNAL,SIGNAL,False,UNCHANGED,https://www.gov.br/capes/pt-br/acesso-a-informacao/acoes-e-programas/bolsas/bolsas-e-auxilios-internacionais/encontre-aqui/paises/estados-unidos/programa-capes-purdue-para-projetos-conjuntos-de-pesquisa,,"[""capes-editais""]",capes-editais,,2026-08-26T04:38:59Z,2026-08-26T00:12:06Z,2026-08-26T04:38:59Z,0.55
opportunity-38ffcc5c9d88ba5c,Programa Capes/MES-Cuba - Projetos,"Informamos que a Capes passará a exigir de todos os candidatos e beneficiários dos programas de fomento da Diretoria de Relações Internacionais o registro no ORCID (orcid.org). Essa exigência será feita não só nas candidaturas a novos editais, como também de todos os beneficiários ativos.",CAPES,research_call,"[""research""]","[""education"", ""innovation"", ""research""]","[""Brasil""]",[],{},,CANDIDATE,SIGNAL,SIGNAL,False,UNCHANGED,https://www.gov.br/capes/pt-br/acesso-a-informacao/acoes-e-programas/bolsas/bolsas-e-auxilios-internacionais/encontre-aqui/paises/cuba/mes-projetos,,"[""capes-editais""]",capes-editais,,2026-08-26T04:38:59Z,2026-08-26T00:12:06Z,2026-08-26T04:38:59Z,0.55
opportunity-ecfc09eae51c510e,Chamada Pública CNPq/MMULHERES Nº 19/2026 - Programa Asas para o Futuro,"Esta chamada deste Conselho Nacional de Desenvolvimento Científico e Tecnológico (CNPq), com financiamento do Ministério das Mulheres (MMulheres), convida Institutos Federais de Educação, Ciência e Tecnologia (IFs) e Universidades Federais (UFs) a apresentarem propostas para a implementação do Programa Asas para o Futuro com o objetivo de ampliar a participação de mulheres jovens em setores estratégicos para o desenvolvimento econômico.",CNPq,grant,"[""economy"", ""education"", ""financing"", ""innovation"", ""research"", ""technology""]","[""innovation"", ""research"", ""sustainability""]","[""Brasil""]","[""público alvo Cidadãos Empresas Órgãos e Entidades Públicas Demais segmentos (ONGs, organizações sociais, etc) Servidor Público Temas em Destaque Orçamento Nacional Redes de Atendimento da Administração Pública Federal Proteção de Dados Pessoais Serviços para Imigrantes Política e Orçamento Educacionais Educação""]","{""amount"": 300.0, ""currency"": ""BRL"", ""raw"": ""R$ 300,00""}",2026-06-30T23:59:59Z,CLOSED,HISTORICAL,HISTORICAL,False,UNCHANGED,https://www.gov.br/cnpq/pt-br/chamadas/todas-as-chamadas/chamadas-2026/chamada-no-19-2026/chamada-publica-cnpq-N-19-2026,https://www.gov.br/cnpq/pt-br/chamadas/todas-as-chamadas/chamadas-2026/chamada-no-19-2026/chamada_publica_19_2026_asas_para_futuro_2713513.pdf,"[""cnpq-chamadas""]",cnpq-chamadas,,2026-08-26T04:38:59Z,2026-08-26T00:12:06Z,2026-08-26T04:38:59Z,0.55
opportunity-4ae41788a9c38fcb,Chamada Pública CNPq/MCTI nº 15/2026 - Programa de Cooperação Afro-Brasileira em Ciência e Tecnologia - PROAFRICA,"Apoiar projetos de pesquisa colaborativa que visem contribuir significativamente para o fortalecimento da cooperação científica, tecnológica e de inovação entre o Brasil e os países Africanos.",CNPq,grant,"[""education"", ""financing"", ""innovation"", ""research"", ""technology""]","[""innovation"", ""research"", ""sustainability""]","[""Brasil""]","[""público alvo Cidadãos Empresas Órgãos e Entidades Públicas Demais segmentos (ONGs, organizações sociais, etc) Servidor Público Temas em Destaque Orçamento Nacional Redes de Atendimento da Administração Pública Federal Proteção de Dados Pessoais Serviços para Imigrantes Política e Orçamento Educacionais Educação"", ""destinado ao custeio de passagens aéreas para o bolsista na modalidade Pesquisador Visitante Especial (PVE)""]","{""amount"": 25000000.0, ""currency"": ""BRL"", ""raw"": ""R$ 25.000.000,00""}",,INSUFFICIENT_EVIDENCE,SIGNAL,SIGNAL,False,UNCHANGED,https://www.gov.br/cnpq/pt-br/chamadas/todas-as-chamadas/chamadas-2026/chamada-no-15-2026/chamada-publica-cnpq-N-15-2026,https://www.gov.br/cnpq/pt-br/chamadas/todas-as-chamadas/chamadas-2026/chamada-no-15-2026/CHAMADA152026PROAFRICASEI2679821.pdf,"[""cnpq-chamadas""]",cnpq-chamadas,,2026-08-26T04:38:59Z,2026-08-26T00:12:06Z,2026-08-26T04:38:59Z,0.72
opportunity-4922e852978cf0df,"Chamada CNPq/Decit-SCTIE-MS Nº 18/2026 - Avaliações de Políticas, Programas, Projetos e Ações em Saúde","Com financiamento do Departamento de Ciência e Tecnologia, da Secretaria de Ciência, Tecnologia e Inovação em Saúde do Ministério da Saúde (Decit/SCTIE/MS), o Conselho Nacional de Desenvolvimento Científico e Tecnológico – CNPq torna pública a presente Chamada e convida os interessados a apresentarem propostas nos termos aqui estabelecidos.",CNPq,grant,"[""education"", ""financing"", ""innovation"", ""research"", ""technology""]","[""innovation"", ""research"", ""sustainability""]","[""Brasil""]","[""público alvo Cidadãos Empresas Órgãos e Entidades Públicas Demais segmentos (ONGs, organizações sociais, etc) Servidor Público Temas em Destaque Orçamento Nacional Redes de Atendimento da Administração Pública Federal Proteção de Dados Pessoais Serviços para Imigrantes Política e Orçamento Educacionais Educação""]","{""amount"": 1700000.0, ""currency"": ""BRL"", ""raw"": ""R$ 1.700.000,00""}",2026-08-28T23:59:59Z,VERIFIED,CLOSING_SOON,OPPORTUNITY,True,UNCHANGED,https://www.gov.br/cnpq/pt-br/chamadas/todas-as-chamadas/chamadas-2026/chamada-no-18-2026/chamada-publica-cnpq-N-18-2026,https://www.gov.br/cnpq/pt-br/chamadas/todas-as-chamadas/chamadas-2026/chamada-no-18-2026/chamada_18_2026_avaliacoes_de_politicas__programas__projetos_e_acoes_em_saude.pdf,"[""cnpq-chamadas""]",cnpq-chamadas,,2026-08-26T04:38:59Z,2026-08-26T00:12:06Z,2026-08-26T04:38:59Z,0.92
opportunity-cccf1ae48d238eac,CAPES — Editais e resultados,Candidate observed on an official source page; detail verification pending.,CAPES,call,[],"[""education"", ""innovation"", ""research""]",[],[],{},,CANDIDATE,SIGNAL,SIGNAL,False,UNCHANGED,https://www.gov.br/capes/pt-br/acesso-a-informacao/transparencia-e-prestacao-de-contas/programas-projetos-e-acoes,,"[""capes-editais""]",capes-editais,,2026-08-26T04:38:59Z,2026-08-26T00:12:06Z,2026-08-26T04:38:59Z,0.55
opportunity-77332c5e57c50bb0,Ações e Programas,"Nesta seção, são divulgadas as informações pertinentes aos programas, ações, projetos e atividades implementadas pela CAPES.",CAPES,research_call,"[""research""]","[""education"", ""innovation"", ""research""]","[""Brasil""]",[],{},,CANDIDATE,SIGNAL,SIGNAL,False,UNCHANGED,https://www.gov.br/capes/pt-br/acesso-a-informacao/acoes-e-programas,,"[""capes-editais""]",capes-editais,,2026-08-26T04:38:59Z,2026-08-26T00:12:06Z,2026-08-26T04:38:59Z,0.55
opportunity-7f9057cba96257f6,Chamada Pública para Envio de Proposta de Curso Novo - Edital nº 20/2026,"COORDENAÇÃO DE APERFEIÇOAMENTO DE PESSOAL DE NÍVEL SUPERIOR CHAMADA PÚBLICA PARA ENVIO DE PROPOSTA DE CURSO NOVO EDITAL N° 20/2026 PROCESSO Nº 23038.000631/2023-00 A PRESIDENTE DA COORDENAÇÃO DE APERFEIÇOAMENTO DE PESSOAL DE NÍVEL SUPERIOR - CAPES , no uso das atribuições que lhes são conferidas pelo art. 39, do Anexo I, do Estatuto da CAPES, aprovado pelo Decreto nº 12.802, de 26 de dezembro de 2025, torna pública a submissão de propostas de curso novos, conforme a legislação vigente e as condições a seguir estabelecidas. 1 . OBJETIVO 1 . 1 . Avaliar proposta de curso novo em nível de mestrado e/ou doutorado por esta Fundação como condição para o recebimento de autorização para oferta de programa de pós-graduação stricto sensu em território nacional. 1 . 2 . Será aceita proposta de curso novo para a modalidade de programa acadêmico ou profissional. 1 . 3 . Será aceita proposta de curso novo para a modalidade de ensino presencial ou a distância. 1 . 4 . Será aceita proposta de curso novo na forma de atuação singular ou em forma associativa. 1 . 5 . Os programas de pós-graduação stricto sensu aprovados pela CAPES que tenham somente um nível e ainda não passaram por Avaliação Quadrienal poderão apresentar propostas de curso novo para o nível complementar, seja ele de mestrado ou de doutorado. 1 . 6 . A proposta de curso novo vinculada a programa de pós-graduação stricto sensu - PPG preexistente deverá ser submetida na mesma modalidade de programa e na mesma modalidade de ensino à qual se vincula. 1 . 6 . 1 . Quando a proposta apresentada for em forma associativa, a Instituiçã",CAPES,research_call,"[""education"", ""research"", ""territory""]","[""education"", ""innovation"", ""research""]","[""BR""]",[],{},,CANDIDATE,SIGNAL,SIGNAL,False,UNCHANGED,https://www.gov.br/capes/pt-br/centrais-de-conteudo/editais/edital_2844920.pdf/@@display-file/file,https://www.gov.br/capes/pt-br/centrais-de-conteudo/editais/edital_2844920.pdf/@@display-file/file,"[""capes-editais""]",capes-editais,,2026-08-26T04:38:59Z,2026-08-26T03:39:09Z,2026-08-26T04:38:59Z,0.55
opportunity-35affdbdcc58d735,PCI,"A Portaria CAPES nº 120 ,de 26 de junho de 2023, disciplinou os Projetos de Cooperação entre Instituições para Qualificação de Profissionais de Nível Superior (PCI).",CAPES,grant,"[""financing""]","[""education"", ""innovation"", ""research""]","[""Brasil""]",[],{},,CANDIDATE,SIGNAL,SIGNAL,False,UNCHANGED,https://www.gov.br/capes/pt-br/acesso-a-informacao/acoes-e-programas/avaliacao/sistema-nacional-de-pos-graduacao-snpg/pci,,"[""capes-editais""]",capes-editais,,2026-08-26T04:38:59Z,2026-08-26T00:12:06Z,2026-08-26T04:38:59Z,0.55
opportunity-36501a2d802296aa,Ações e Programas,Ações e Programas,CNPq,grant,"[""education"", ""financing""]","[""innovation"", ""research"", ""sustainability""]","[""Brasil""]","[""público alvo Cidadãos Empresas Órgãos e Entidades Públicas Demais segmentos (ONGs, organizações sociais, etc) Servidor Público Temas em Destaque Orçamento Nacional Redes de Atendimento da Administração Pública Federal Proteção de Dados Pessoais Serviços para Imigrantes Política e Orçamento Educacionais Educação"", ""Podem participar do DGP as instituições, cadastradas no Diretório \\n 12 de Instituições -DI do CNPq, que atendam a um dos requisitos previstos no art""]",{},,INSUFFICIENT_EVIDENCE,SIGNAL,SIGNAL,False,UNCHANGED,https://www.gov.br/cnpq/pt-br/acesso-a-informacao/acoes-e-programas,https://www.gov.br/cnpq/pt-br/acesso-a-informacao/acoes-e-programas/carta-de-servicos-06-25.pdf,"[""cnpq-chamadas""]",cnpq-chamadas,,2026-08-26T04:38:59Z,2026-08-26T00:12:06Z,2026-08-26T04:38:59Z,0.72
opportunity-f3c33cb3bc85841b,CAPES/CNJ - Apoio a Pesquisas Judiciárias Constitucionais,"O Edital CAPES/CNJ – Apoio a Pesquisas Judiciárias Constitucionais tem como objetivo principal selecionar e fomentar pesquisas judiciárias de alto impacto no âmbito do Direito. O programa apoia projetos de pesquisa que sejam coordenados por pesquisadores(as) doutores(as) com o intuito de subsidiar o desenvolvimento de estudos jurídicos avançados em temas de interesse estratégico para o Conselho Nacional de Justiça (CNJ). Com isso, o programa busca fortalecer a produção científica aplicada às necessidades do Poder Judiciário e promover uma maior integração e transferência de conhecimento entre a academia e o sistema de justiça.",CAPES,grant,"[""financing"", ""research""]","[""education"", ""innovation"", ""research""]","[""Brasil""]","[""Público-Alvo e Requisitos O edital é direcionado a pesquisadores(as) doutores(as) que atuarão como coordenadores principais dos projetos"", ""destinado ao edital é de R$ 412""]","{""amount"": 112400.0, ""currency"": ""BRL"", ""raw"": ""R$ 112.400,00""}",,CLOSED,HISTORICAL,HISTORICAL,False,UNCHANGED,https://www.gov.br/capes/pt-br/acesso-a-informacao/acoes-e-programas/bolsas/programas-estrategicos/formacao-de-recursos-humanos-em-areas-estrategicas/capes-cnj-apoio-a-pesquisas-judiciarias-constitucionais,,"[""capes-editais""]",capes-editais,,2026-08-26T04:38:59Z,2026-08-26T00:12:06Z,2026-08-26T04:38:59Z,0.55
opportunity-2208b06f333631e3,Plano Nacional de Formação de Professores da Educação Básica - PARFOR,O Programa Nacional de Formação de Professores da Educação Básica (Parfor) é uma ação da CAPES que visa contribuir para a adequação da formação inicial dos professores em serviço na rede pública de educação básica por meio da oferta de cursos de licenciatura correspondentes à área em que atuam.,CAPES,research_call,"[""education"", ""research""]","[""education"", ""innovation"", ""research""]","[""Brasil""]",[],{},,CANDIDATE,SIGNAL,SIGNAL,False,UNCHANGED,https://www.gov.br/capes/pt-br/acesso-a-informacao/acoes-e-programas/educacao-basica/parfor/parfor,,"[""capes-editais""]",capes-editais,,2026-08-26T04:38:59Z,2026-08-26T00:12:06Z,2026-08-26T04:38:59Z,0.55
opportunity-9812bc1224b6540d,Fundo Amazônia — Chamadas,Nome Instituição,BNDES / Fundo Amazônia,award,"[""culture"", ""territory""]","[""communities"", ""forest"", ""sustainability""]","[""Brasil"", ""Amazônia"", ""Amazon"", ""Xingu""]","[""PÚBLICO ALVO As propostas e atividades apoiadas devem ter por fi nalidade a promoção de benefícios diretos a povos e comunidades tradicionais, povos indígenas, assentados da reforma agrária, pescadores artesanais, aquicul tores familiares e agricultores familiares 2 localizados no Bioma Amazônia"", ""podem participar da Chamada Pública""]","{""amount"": 100.0, ""currency"": ""BRL"", ""raw"": ""R$ 100""}",2024-04-30T23:59:59Z,CLOSED,HISTORICAL,HISTORICAL,False,UNCHANGED,https://www.fundoamazonia.gov.br/pt/como-apresentar-projetos/chamadas-publicas/projetos-produtivos-sustentaveis/,https://www.fundoamazonia.gov.br/export/sites/default/pt/.galleries/documentos/chamadas-publicas/APS_04_2012.pdf,"[""fundo-amazonia""]",fundo-amazonia,,2026-08-26T04:38:59Z,2026-08-26T00:12:06Z,2026-08-26T04:38:59Z,0.55
opportunity-bbc85a4f386775a1,Fundo Amazônia — Chamadas,"No dia 09/05/2025, reuniu-se a Comissão de Seleção para a fase de Apresentação Oral das três propostas classificadas na fase anterior.",BNDES / Fundo Amazônia,award,[],"[""communities"", ""forest"", ""sustainability""]","[""Brasil"", ""Amazônia"", ""Amazon""]",[],"{""amount"": 3.0, ""currency"": ""BRL"", ""raw"": ""R$ 3""}",2025-03-17T23:59:59Z,CLOSED,HISTORICAL,HISTORICAL,False,UNCHANGED,https://www.fundoamazonia.gov.br/pt/como-apresentar-projetos/chamadas-publicas/naturezas-quilombolas/,https://amz.bndes.net/pt/.galleries/documentos/chamadas-publicas/Naturezas-Quilombolas-Edital.pdf,"[""fundo-amazonia""]",fundo-amazonia,,2026-08-26T04:38:59Z,2026-08-26T00:12:06Z,2026-08-26T04:38:59Z,0.55
opportunity-f4c8ad7576826a1a,Climate Change Adaptation,Climate Change Adaptation,European Commission / CINEA,grant,"[""climate"", ""financing""]","[""biodiversity"", ""circular_economy"", ""climate"", ""energy"", ""nature""]","[""Europe""]",[],"{""amount"": 600.0, ""currency"": ""EUR"", ""raw"": ""€600""}",,CANDIDATE,SIGNAL,SIGNAL,False,UNCHANGED,https://cinea.ec.europa.eu/funding-opportunities/calls-proposals/climate-change-adaptation-0_en,,"[""cinea-life""]",cinea-life,,2026-08-26T04:38:59Z,2026-08-26T01:32:21Z,2026-08-26T04:38:59Z,0.55
opportunity-85daa1a13300c366,Climate Change Mitigation,Climate Change Mitigation,European Commission / CINEA,grant,"[""climate"", ""financing""]","[""biodiversity"", ""circular_economy"", ""climate"", ""energy"", ""nature""]","[""Europe""]",[],"{""amount"": 600.0, ""currency"": ""EUR"", ""raw"": ""€600""}",,CANDIDATE,SIGNAL,SIGNAL,False,UNCHANGED,https://cinea.ec.europa.eu/funding-opportunities/calls-proposals/climate-change-mitigation-0_en,,"[""cinea-life""]",cinea-life,,2026-08-26T04:38:59Z,2026-08-26T01:32:21Z,2026-08-26T04:38:59Z,0.55
opportunity-ed6b9443d6419b79,Climate Governance and Information,Climate Governance and Information,European Commission / CINEA,grant,"[""climate"", ""financing""]","[""biodiversity"", ""circular_economy"", ""climate"", ""energy"", ""nature""]","[""Europe""]",[],"{""amount"": 600.0, ""currency"": ""EUR"", ""raw"": ""€600""}",,CANDIDATE,SIGNAL,SIGNAL,False,UNCHANGED,https://cinea.ec.europa.eu/funding-opportunities/calls-proposals/climate-governance-and-information-0_en,,"[""cinea-life""]",cinea-life,,2026-08-26T04:38:59Z,2026-08-26T00:12:06Z,2026-08-26T04:38:59Z,0.55
opportunity-14d3033a6402066b,Oportunidades - Finep,"Aqui você encontra informações sobre a Finep, como sua atuação, estrutura, dirigentes, horários de atendimento e base legal. Esta seção ajuda você a entender melhor o papel da instituição e como ela está organizada.",Finep,grant,"[""financing""]","[""financing"", ""innovation"", ""research"", ""sustainability""]","[""BR""]",[],{},,CANDIDATE,SIGNAL,SIGNAL,False,UNCHANGED,https://www.finep.gov.br/oportunidades,https://legacy.finep.gov.br/images/organograma.pdf,"[""finep-chamadas""]",finep-chamadas,,2026-08-26T04:38:59Z,2026-08-26T00:12:06Z,2026-08-26T04:38:59Z,0.55
opportunity-ab5f85d11fac3339,Chamada de Projetos 07/2026 Apoio à Consolidação de RPPNs no litoral do Paraná - Implementação de Planos de Manejo,Chamada de Projetos 07/2026 - Apoio à Consolidação de RPPNs no litoral do Paraná - Implementação de Planos de Manejo,FUNBIO,innovation_program,"[""biodiversity"", ""innovation""]","[""biodiversity"", ""communities"", ""conservation"", ""sustainability"", ""water""]","[""Brasil""]","[""elegibilidade, documentos obrigatórios, etapas de seleção e demais orientações para submissão, baixe e consulte o regulamento completo da chamada""]","{""amount"": 1000000.0, ""currency"": ""BRL"", ""raw"": ""R$ 1.000.000,00""}",2026-09-04T23:59:59Z,VERIFIED,CLOSING_SOON,OPPORTUNITY,True,UNCHANGED,https://chamadas.funbio.org.br/planodemanejo-rppn,,"[""funbio-chamadas""]",funbio-chamadas,,2026-08-26T04:38:59Z,2026-08-26T03:47:16Z,2026-08-26T04:38:59Z,0.92
opportunity-c17d16680a5093e1,Fundo Amazônia — Chamadas,"A Comissão de Classificação de Projetos (CCP) se reuniu, nos dias 12 e 13 de julho de 2018, para avaliar as 36 propostas habilitadas na primeira etapa desta Chamada Pública, com base nos critérios de classificação estabelecidos no Anexo I do Edital.",BNDES / Fundo Amazônia,research_call,"[""research"", ""territory""]","[""communities"", ""forest"", ""sustainability""]","[""Brasil"", ""Amazônia"", ""Amazon""]","[""PÚBLICO-ALVO E PRIORIZAÇÃO TERRITORIAL 2""]","{""amount"": 150.0, ""currency"": ""BRL"", ""raw"": ""R$ 150""}",2018-02-09T23:59:59Z,CLOSED,HISTORICAL,HISTORICAL,False,UNCHANGED,https://www.fundoamazonia.gov.br/pt/como-apresentar-projetos/chamadas-publicas/consolidacao-e-fortalecimento-de-cadeias-de-valor-sustentaveis-e-inclusivas/,https://www.fundoamazonia.gov.br/pt/.galleries/documentos/chamadas-publicas/APS_II_Edital_Novo_Prazo.pdf,"[""fundo-amazonia""]",fundo-amazonia,,2026-08-26T04:38:59Z,2026-08-26T00:12:06Z,2026-08-26T04:38:59Z,0.55
opportunity-d7187c8249cada41,Chamada de Projetos 08/2026 - Uso público e negócios voltados ao apoio às RPPNs,Uso Público e Negócios - Apoio à RPPNs,FUNBIO,innovation_program,"[""biodiversity"", ""economy"", ""innovation""]","[""biodiversity"", ""communities"", ""conservation"", ""sustainability"", ""water""]","[""Brasil""]","[""elegibilidade, documentos obrigatórios, etapas de seleção e demais orientações para submissão, consulte o regulamento completo da chamada""]","{""amount"": 1000000.0, ""currency"": ""BRL"", ""raw"": ""R$ 1.000.000,00""}",2026-09-18T23:59:59Z,VERIFIED,CLOSING_SOON,OPPORTUNITY,True,UNCHANGED,https://chamadas.funbio.org.br/usopublico-rppn,,"[""funbio-chamadas""]",funbio-chamadas,,2026-08-26T04:38:59Z,2026-08-26T03:47:16Z,2026-08-26T04:38:59Z,0.92
opportunity-86e8e1e2db000e88,"Participe da 1ª Chamada do Projeto RAÍS -""Fortalecimento de Organizações Comunitárias em Barcarena e Abaetetuba-PA""",Participe do 1º Edital de Chamada de Projetos do Projeto RAÍS com foco no fortalecimento de organizações e empreendimentos de base comunitária em Barcarena e Abaetetuba - PA,FUNBIO,call,[],"[""biodiversity"", ""communities"", ""conservation"", ""sustainability"", ""water""]","[""Amazônia""]","[""Quem pode participar Associações, fundações e cooperativas sem fins lucrativos; Organizações com pelo menos 2 anos de CNPJ, regularidade fiscal e capacidade de execução comprovada""]","{""amount"": 8500000.0, ""currency"": ""BRL"", ""raw"": ""R$ 8.500.000,00""}",2026-09-06T23:59:59Z,VERIFIED,CLOSING_SOON,OPPORTUNITY,True,UNCHANGED,https://chamadas.funbio.org.br/raisfortalecimento1,,"[""funbio-chamadas""]",funbio-chamadas,,2026-08-26T04:38:59Z,2026-08-26T03:47:16Z,2026-08-26T04:38:59Z,0.92
opportunity-2a58d116be92a7bf,Fortalecimento de Conselhos Gestores das UCs apoiadas pelo projeto G7,Participe desta chamada de projetos para desenvolver Estratégias para Fortalecimento de Conselhos Gestores e Apoio às Ações de Gestão e Uso Público em UCs apoiadas pelo projeto G7.,FUNBIO,research_call,"[""research""]","[""biodiversity"", ""communities"", ""conservation"", ""sustainability"", ""water""]","[""Bahia""]","[""Quem pode participar"", ""Podem participar desta Chamada de Projetos instituições sem fins lucrativos""]","{""amount"": 1750000.0, ""currency"": ""BRL"", ""raw"": ""R$ 1.750.000,00""}",2026-09-14T23:59:59Z,VERIFIED,CLOSING_SOON,OPPORTUNITY,True,UNCHANGED,https://chamadas.funbio.org.br/fortalecimentoconselhosgestoresg7,,"[""funbio-chamadas""]",funbio-chamadas,,2026-08-26T04:38:59Z,2026-08-26T03:47:16Z,2026-08-26T04:38:59Z,0.92
opportunity-d385024103b4a7a1,Fundo Amazônia — Chamadas,Concluídos,BNDES / Fundo Amazônia,research_call,"[""research""]","[""communities"", ""forest"", ""sustainability""]","[""Brasil"", ""Amazônia"", ""Amazon"", ""Xingu""]",[],"{""amount"": 100000000.0, ""currency"": ""BRL"", ""raw"": ""R$ 100.000.000,00""}",2024-10-22T23:59:59Z,CLOSED,HISTORICAL,HISTORICAL,False,UNCHANGED,https://www.fundoamazonia.gov.br/pt/como-apresentar-projetos/chamadas-publicas/chamadas-publicas-de-projetos-apoiados/,https://www.fundoamazonia.gov.br/pt/.galleries/documentos/chamadas-publicas/FBB-Ecoforte-Redes_2024_Edital.pdf,"[""fundo-amazonia""]",fundo-amazonia,,2026-08-26T04:38:59Z,2026-08-26T00:12:06Z,2026-08-26T04:38:59Z,0.55
opportunity-9768f23f518f414c,Seleção de Unidades de Conservação Costeiras e Marinhas Estaduais do Brasil para Inclusão ao Fundo Marinho,Seleção via Manifestação de Interesse de UC's Costeiras e Marinhas Estaduais do litoral do Brasil para execução de recursos do Fundo Marinho,FUNBIO,grant,"[""financing"", ""social_impact"", ""sustainability""]","[""biodiversity"", ""communities"", ""conservation"", ""sustainability"", ""water""]","[""Brasil""]","[""Quem pode participar""]","{""amount"": 6650000.0, ""currency"": ""BRL"", ""raw"": ""R$ 6.650.000,00""}",2026-08-27T23:59:59Z,VERIFIED,CLOSING_SOON,OPPORTUNITY,True,UNCHANGED,https://chamadas.funbio.org.br/selecao-de-ucs-estaduais-fundo-marinho,,"[""funbio-chamadas""]",funbio-chamadas,,2026-08-26T04:38:59Z,2026-08-26T03:47:16Z,2026-08-26T04:38:59Z,0.92
opportunity-ef834203239b495d,Manifestação de Interesse 03/2026 - Apoio às Unidades de Conservação Estaduais e Municipais do Litoral do Paraná,"Apoio às UCs estaduais e municipais do Litoral do Paraná, em Antonina, Guaraqueçaba, Morretes, Paranaguá, Guaratuba, Matinhos e Pontal, para criação e fortalecimento de conselhos",FUNBIO,innovation_program,"[""innovation"", ""sustainability""]","[""biodiversity"", ""communities"", ""conservation"", ""sustainability"", ""water""]","[""Brasil""]",[],"{""amount"": 500000.0, ""currency"": ""BRL"", ""raw"": ""R$ 500.000,00""}",2026-09-04T23:59:59Z,INSUFFICIENT_EVIDENCE,SIGNAL,SIGNAL,False,UNCHANGED,https://chamadas.funbio.org.br/conselho-ucs-municipais-estaduais,,"[""funbio-chamadas""]",funbio-chamadas,,2026-08-26T04:38:59Z,2026-08-26T03:47:16Z,2026-08-26T04:38:59Z,0.72
opportunity-c908c86cb5e204f8,Manifestação de Interesse 04/2026 - Elaboração de Planos de Manejo e sinalização de UCs estaduais e municipais,"Apoio a UCs do litoral do Paraná, estaduais e municipais, para elaboração ou atualização de planos de manejo e ações de sinalização no âmbito do Programa",FUNBIO,innovation_program,"[""innovation""]","[""biodiversity"", ""communities"", ""conservation"", ""sustainability"", ""water""]","[""Brasil""]",[],"{""amount"": 1000000.0, ""currency"": ""BRL"", ""raw"": ""R$ 1.000.000,00""}",2026-09-04T23:59:59Z,INSUFFICIENT_EVIDENCE,SIGNAL,SIGNAL,False,UNCHANGED,https://chamadas.funbio.org.br/planodemanejo-sinalizacao-estadual-municipal,,"[""funbio-chamadas""]",funbio-chamadas,,2026-08-26T04:38:59Z,2026-08-26T03:47:16Z,2026-08-26T04:38:59Z,0.72
opportunity-be46652f6132fa9f,Manifestação de Interesse 05/2026 - Uso público e negócios de UCs estaduais e municipais,Esta manifestação visa apoiar a implementação ou elaboração de planos de uso público para UCs com planos de manejo já finalizados ou em estágio avançado,FUNBIO,innovation_program,"[""economy"", ""innovation""]","[""biodiversity"", ""communities"", ""conservation"", ""sustainability"", ""water""]","[""Brasil""]",[],"{""amount"": 1000000.0, ""currency"": ""BRL"", ""raw"": ""R$ 1.000.000,00""}",2026-09-04T23:59:59Z,CLOSED,HISTORICAL,HISTORICAL,False,UNCHANGED,https://chamadas.funbio.org.br/usopublico-ucs,,"[""bndes-floresta-viva"", ""funbio-chamadas""]",funbio-chamadas,,2026-08-26T04:38:59Z,2026-08-26T01:23:39Z,2026-08-26T04:38:59Z,0.55
opportunity-9f5df4e57328f72c,2019 LIFE Calls for proposals,"2019 call for proposal pages. Timetables and application packages, listed by project type and sub-programme (environment or climate action).",European Commission / CINEA,grant,"[""climate"", ""financing""]","[""biodiversity"", ""circular_economy"", ""climate"", ""energy"", ""nature""]","[""Europe"", ""Europa""]",[],{},,CANDIDATE,SIGNAL,SIGNAL,False,UNCHANGED,https://cinea.ec.europa.eu/programmes/life/life-calls-proposals-2024/2019-life-calls-proposals_en,https://prod5.assets-cdn.io/event/3903/assets/8443366065-98a7209c27.pdf,"[""cinea-life""]",cinea-life,,2026-08-26T04:38:59Z,2026-08-26T01:32:21Z,2026-08-26T04:38:59Z,0.55
opportunity-3f5ef3f8bd86a01a,Fundo Casa lança programa para apoiar projetos na Mata Atlântica,O lançamento do programa vem com chamada de projetos de R$1.8 milhões que apoiará iniciativas para a conservação e revitalização do bioma,Fundo Casa Socioambiental,grant,"[""financing"", ""sustainability""]","[""climate"", ""communities"", ""conservation"", ""sustainability"", ""territory""]","[""Bahia"", ""Brasil"", ""Amazônia""]",[],"{""amount"": 18.0, ""currency"": ""BRL"", ""raw"": ""R$1.8""}",,CANDIDATE,SIGNAL,SIGNAL,False,UNCHANGED,https://casa.org.br/fundo-casa-lanca-programa-para-apoiar-projetos-na-mata-atlantica/,,"[""fundo-casa-editais""]",fundo-casa-editais,,2026-08-26T04:38:59Z,2026-08-26T03:39:09Z,2026-08-26T04:38:59Z,0.55
opportunity-6eaa8109449802a0,Mulheres Liderando a Ação Climática – Fundo Casa e Embaixada da França lançam chamada conjunta como parte da Aliança GAGGA,As inscrições serão feitas exclusivamente por meio de Carta Convite e dúvidas podem ser enviadas até 15/04,Fundo Casa Socioambiental,grant,"[""culture"", ""financing""]","[""climate"", ""communities"", ""conservation"", ""sustainability"", ""territory""]","[""Brasil"", ""Amazônia""]",[],"{""amount"": 36000.0, ""currency"": ""BRL"", ""raw"": ""R$36.000,00""}",2022-04-15T23:59:59Z,CLOSED,HISTORICAL,HISTORICAL,False,UNCHANGED,https://casa.org.br/mulheres-liderando-a-acao-climatica-fundo-casa-e-embaixada-da-franca-lancam-chamada-conjunta-como-parte-da-alianca-gagga/,,"[""fundo-casa-editais""]",fundo-casa-editais,,2026-08-26T04:38:59Z,2026-08-26T03:39:09Z,2026-08-26T04:38:59Z,0.55
opportunity-f40d34e2ef4fd909,Fundo Casa Socioambiental lança chamada para apoios estruturantes a brigadas voluntárias e comunitárias,"O Fundo Casa Socioambiental abre nesta quinta-feira (26) a chamada de Apoio a grupos locais no enfrentamento de Emergências Climáticas provocadas a partir dos Incêndios Florestais . A chamada, que possui apoio financeiro do Instituto ITAÚSA e Alliance for the Amazon and Beyond , tem como objetivo apoiar projetos que promovam ações estruturantes para brigadas existentes e também a criação de novas brigadas. Essa convocatória, se soma à chamada de apoio emergencial às brigadas voluntárias e comunitárias, lançada também neste mês.",Fundo Casa Socioambiental,grant,"[""financing"", ""sustainability""]","[""climate"", ""communities"", ""conservation"", ""sustainability"", ""territory""]","[""Brasil"", ""Amazônia"", ""Amazon""]",[],{},,CANDIDATE,SIGNAL,SIGNAL,False,UNCHANGED,https://casa.org.br/fundo-casa-socioambiental-lanca-chamada-para-apoios-estruturantes-a-brigadas-voluntarias-e-comunitarias/,,"[""fundo-casa-editais""]",fundo-casa-editais,,2026-08-26T04:38:59Z,2026-08-26T03:39:09Z,2026-08-26T04:38:59Z,0.55
opportunity-fe8b8ff4ef6c737b,Chamada de projetos: Fortalecimento comunitário e defesa de direitos territoriais no MATOPIBA,"O Fundo Casa Socioambiental lança hoje sua sétima chamada de projetos de 2023. Desta vez a área de abrangência se volta para a região do MATOPIBA – que abrange os estados do Maranhão, Tocantins, Piauí e Bahia. Entre os principais objetivos e eixos de apoio desta chamada estão o fortalecimento institucional, ações para governança e defesa territorial, além do d esenvolvimento de ações econômicas que promovam a valorização da floresta em pé e a geração de renda.",Fundo Casa Socioambiental,grant,"[""economy"", ""financing"", ""social_impact"", ""sustainability"", ""territory""]","[""climate"", ""communities"", ""conservation"", ""sustainability"", ""territory""]","[""Bahia"", ""Amazônia""]",[],"{""amount"": 40.0, ""currency"": ""BRL"", ""raw"": ""R$40""}",,CANDIDATE,SIGNAL,SIGNAL,False,UNCHANGED,https://casa.org.br/chamada-de-projetos-fortalecimento-comunitario-e-defesa-de-direitos-territoriais-no-matopiba/,,"[""fundo-casa-editais""]",fundo-casa-editais,,2026-08-26T04:38:59Z,2026-08-26T03:39:09Z,2026-08-26T04:38:59Z,0.55
opportunity-3b274ce3d640b1d1,Prêmio de Fotografia “Povos conectados com a Terra”,Resultado final do Prêmio será publicado em 06 de fevereiro de 2023!,Fundo Casa Socioambiental,grant,"[""financing"", ""sustainability""]","[""climate"", ""communities"", ""conservation"", ""sustainability"", ""territory""]","[""Brasil"", ""Amazônia""]","[""destinado a pessoas que participaram ou tiveram envolvimento com projetos apoiados pelo Fundo Casa Socioambiental nos últimos 5 anos (De 01/01/2017 até o presente momento)""]",{},2022-11-18T23:59:59Z,CLOSED,HISTORICAL,HISTORICAL,False,UNCHANGED,https://casa.org.br/premio-de-fotografia-povos-conectados-com-a-terra/,,"[""fundo-casa-editais""]",fundo-casa-editais,,2026-08-26T04:38:59Z,2026-08-26T03:39:09Z,2026-08-26T04:38:59Z,0.55
opportunity-144ce12c0abae477,Edital Conexão Oceano define os cinco projetos contemplados com bolsas de jornalismo,Notícias,Fundação Grupo Boticário,grant,"[""financing""]","[""biodiversity"", ""climate"", ""conservation"", ""ocean"", ""sustainability"", ""water""]","[""Brasil""]",[],"{""amount"": 10.0, ""currency"": ""BRL"", ""raw"": ""R$ 10""}",,CANDIDATE,SIGNAL,SIGNAL,False,UNCHANGED,https://fundacaogrupoboticario.org.br/edital-conexao-oceano-define-os-cinco-projetos-contemplados-com-bolsas-de-jornalismo/,,"[""fundacao-boticario-editais""]",fundacao-boticario-editais,,2026-08-26T04:38:59Z,2026-08-26T03:39:09Z,2026-08-26T04:38:59Z,0.55
opportunity-88ba43fe5c06663e,"Fundação Grupo Boticário, BRDE e RegeneraRS destinam até R$ 4,2 milhões para ações de prevenção e mitigação de riscos causados por chuvas decorrentes do El Niño.","O Sprint destinará até R$ 4,2 milhões em apoio financeiro a ações emergenciais focadas em mitigar os impactos das chuvas do El Niño.",Fundação Grupo Boticário,grant,"[""climate"", ""financing"", ""sustainability""]","[""biodiversity"", ""climate"", ""conservation"", ""ocean"", ""sustainability"", ""water""]","[""Brasil"", ""Europe""]","[""público alvo instituições que já atuam na linha de frente da conservação da natureza, da adaptação climática ou em ações emergenciais diante de eventos climáticos extremos""]","{""amount"": 4.2, ""currency"": ""BRL"", ""raw"": ""R$ 4,2""}",,INSUFFICIENT_EVIDENCE,SIGNAL,SIGNAL,False,UNCHANGED,https://fundacaogrupoboticario.org.br/teia-sprint-chuvas-do-el-nino/,,"[""fundacao-boticario-editais""]",fundacao-boticario-editais,,2026-08-26T04:38:59Z,2026-08-26T03:39:09Z,2026-08-26T04:38:59Z,0.72
opportunity-8b4c27a20c61b6ba,Edital Conexão Oceano prorroga inscrições até 29 de abril,Notícias,Fundação Grupo Boticário,grant,"[""financing"", ""sustainability""]","[""biodiversity"", ""climate"", ""conservation"", ""ocean"", ""sustainability"", ""water""]","[""Brasil""]","[""Quem pode participar"", ""Podem participar profissionais formados em Jornalismo ou que comprovem exercer regularmente a atividade jornalística há pelo menos dois anos, sem a necessidade de especialização prévia em cobertura ambiental""]","{""amount"": 10.0, ""currency"": ""BRL"", ""raw"": ""R$ 10""}",,INSUFFICIENT_EVIDENCE,SIGNAL,SIGNAL,False,UNCHANGED,https://fundacaogrupoboticario.org.br/edital-conexao-oceano-prorroga-inscricoes-ate-29-de-abril/,,"[""fundacao-boticario-editais""]",fundacao-boticario-editais,,2026-08-26T04:38:59Z,2026-08-26T03:39:09Z,2026-08-26T04:38:59Z,0.72
opportunity-23f1a8dcbf09a7ea,Edital oferece bolsas de R$ 10 mil para reportagens sobre adaptação climática em cidades costeiras,Notícias,Fundação Grupo Boticário,grant,"[""climate"", ""financing""]","[""biodiversity"", ""climate"", ""conservation"", ""ocean"", ""sustainability"", ""water""]","[""Brasil""]","[""Quem pode participar""]","{""amount"": 10.0, ""currency"": ""BRL"", ""raw"": ""R$ 10""}",,INSUFFICIENT_EVIDENCE,SIGNAL,SIGNAL,False,UNCHANGED,https://fundacaogrupoboticario.org.br/edital-oferece-bolsas-de-r-10-mil-para-reportagens-sobre-adaptacao-climatica-em-cidades-costeiras/,,"[""fundacao-boticario-editais""]",fundacao-boticario-editais,,2026-08-26T04:38:59Z,2026-08-26T03:39:09Z,2026-08-26T04:38:59Z,0.72
opportunity-ac0a1d5451e1d63c,Chamada de Projetos: Fortalecimento da Autonomia de Organizações Comunitárias,"O Fundo Casa Socioambiental abre em 15 de fevereiro de 2020 a Chamada de Projetos Fortalecimento da Autonomia de Organizações Comunitárias. A chamada irá apoiar projetos que ampliem a autonomia de organizações comunitárias, possibilitando que estas sejam protagonista em suas iniciativas socioambientais.",Fundo Casa Socioambiental,grant,"[""financing"", ""sustainability""]","[""climate"", ""communities"", ""conservation"", ""sustainability"", ""territory""]","[""Brasil"", ""Amazônia""]",[],"{""amount"": 33000.0, ""currency"": ""BRL"", ""raw"": ""R$ 33.000,00""}",,CANDIDATE,SIGNAL,SIGNAL,False,UNCHANGED,https://casa.org.br/chamada-de-projetos-fortalecimento-da-autonomia-de-organizacoes-comunitarias/,,"[""fundo-casa-editais""]",fundo-casa-editais,,2026-08-26T04:38:59Z,2026-08-26T03:39:09Z,2026-08-26T04:38:59Z,0.55
opportunity-837d47eb61eeb91c,Fundo Casa abre duas chamadas de projetos com foco em organizações comunitárias do Nordeste,"O Fundo Casa Socioambiental abre em 10 de fevereiro de 2022 duas novas chamadas de projetos: Fortalecendo Comunidades em seus Direitos Territoriais – Energias Renováveis e Fortalecimento de Projetos de Desenvolvimento Verde e Inclusivo na Bacia do São Francisco . As duas chamadas possuem foco em apoiar organizações locais comunitárias da região Nordeste do Brasil, mas possuem diferenças nas temáticas que serão apoiadas.",Fundo Casa Socioambiental,grant,"[""energy"", ""financing"", ""social_impact"", ""sustainability"", ""territory"", ""water""]","[""climate"", ""communities"", ""conservation"", ""sustainability"", ""territory""]","[""Brasil"", ""Amazônia""]",[],"{""amount"": 40000.0, ""currency"": ""BRL"", ""raw"": ""R$ 40.000,00""}",,CANDIDATE,SIGNAL,SIGNAL,False,UNCHANGED,https://casa.org.br/fundo-casa-abre-duas-chamadas-de-projetos-com-foco-em-organizacoes-comunitarias-do-nordeste/,,"[""fundo-casa-editais""]",fundo-casa-editais,,2026-08-26T04:38:59Z,2026-08-26T03:39:09Z,2026-08-26T04:38:59Z,0.55
opportunity-499c09b48435715c,RESULTADO – CHAMADA RECUPERAÇÃO PÓS INCÊNDIOS – CERRADO E PANTANAL,Notícias,Fundação Grupo Boticário,grant,"[""financing""]","[""biodiversity"", ""climate"", ""conservation"", ""ocean"", ""sustainability"", ""water""]","[""Brasil"", ""Pantanal""]",[],"{""amount"": 4.2, ""currency"": ""BRL"", ""raw"": ""R$ 4,2""}",,CANDIDATE,SIGNAL,SIGNAL,False,UNCHANGED,https://fundacaogrupoboticario.org.br/resultado-chamada-recuperacao-pos-incendios-cerrado-e-pantanal/,,"[""fundacao-boticario-editais""]",fundacao-boticario-editais,,2026-08-26T04:38:59Z,2026-08-26T03:39:09Z,2026-08-26T04:38:59Z,0.55
opportunity-d0ce17a9035b451b,Teia de Soluções destina mais de R$ 11 milhões a 16 projetos de reconstrução e resiliência climática no Rio Grande do Sul,Notícias,Fundação Grupo Boticário,grant,"[""climate"", ""financing""]","[""biodiversity"", ""climate"", ""conservation"", ""ocean"", ""sustainability"", ""water""]","[""Brasil""]",[],"{""amount"": 11.0, ""currency"": ""BRL"", ""raw"": ""R$ 11""}",,CANDIDATE,SIGNAL,SIGNAL,False,UNCHANGED,https://fundacaogrupoboticario.org.br/teia-de-solucoes-destina-mais-de-r-11-milhoes-a-16-projetos-de-reconstrucao-e-resiliencia-climatica-no-rio-grande-do-sul/,,"[""fundacao-boticario-editais""]",fundacao-boticario-editais,,2026-08-26T04:38:59Z,2026-08-26T03:39:09Z,2026-08-26T04:38:59Z,0.55
opportunity-cd08026a10108842,Projetos selecionados: chamada Juventudes e Justiça Climática,"O Fundo Casa Socioambiental anuncia o resultado da chamada Juventudes e Justiça Climática – Apoio a Soluções Lideradas por Juventudes Periféricas e de Comunidades Tradicionais, que selecionou 32 projetos voltados ao fortalecimento de organizações lideradas por jovens de periferias urbanas, rurais e de comunidades tradicionais em todo o Brasil.",Fundo Casa Socioambiental,grant,"[""financing"", ""sustainability"", ""territory""]","[""climate"", ""communities"", ""conservation"", ""sustainability"", ""territory""]","[""Bahia"", ""Brasil"", ""Amazônia"", ""Amazon""]",[],"{""amount"": 60.0, ""currency"": ""BRL"", ""raw"": ""R$ 60""}",,CANDIDATE,SIGNAL,SIGNAL,False,UNCHANGED,https://casa.org.br/projetos-selecionados-chamada-juventudes-e-justica-climatica/,,"[""fundo-casa-editais""]",fundo-casa-editais,,2026-08-26T04:38:59Z,2026-08-26T03:39:09Z,2026-08-26T04:38:59Z,0.55
opportunity-cedbfd8fa8a14fa0,Edital Fundo Sustentabilidade 01/2025 – Recuperação Ambiental e Uso Sustentável do Bioma Caatinga,"Recuperação Ambiental e Uso Sustentável do Bioma Caatinga Vigência: 04 jul, 2025 a 08 dez, 2026 Inscrições Encerradas Divulgação O Banco do Nordeste do Brasil S.A. torna público o lançamento.... Acesse informações sobre os editais de seleção de projetos de Pesquisa, Desenvolvimento e Inovação do Fundeci.",Banco do Nordeste,grant,"[""financing"", ""innovation"", ""research"", ""sustainability""]","[""climate"", ""energy"", ""financing"", ""innovation"", ""sustainability"", ""territory"", ""water""]","[""Brasil""]",[],"{""amount"": 15.0, ""currency"": ""BRL"", ""raw"": ""R$ 15,0""}",2025-07-04T23:59:59Z,CLOSED,HISTORICAL,HISTORICAL,False,UNCHANGED,https://bnb.gov.br/web/guest/fundeci/editais/-/asset_publisher/L4rFxMc5NhCW/content/edital-fundo-sustentabilidade-01-2025-recupera%25C3%25A7%25C3%25A3o-ambiental-e-uso-sustent%25C3%25A1vel-do-bioma-caatinga/45887?_com_liferay_asset_publisher_web_portlet_AssetPublisherPortlet_INSTANCE_L4rFxMc5NhCW_assetEntryId=8139179&_com_liferay_asset_publisher_web_portlet_AssetPublisherPortlet_INSTANCE_L4rFxMc5NhCW_redirect=https%3A%2F%2Fbnb.gov.br%2Fweb%2Fguest%2Ffundeci%2Feditais%3Fp_p_id%3Dcom_liferay_asset_publisher_web_portlet_AssetPublisherPortlet_INSTANCE_L4rFxMc5NhCW%26p_p_lifecycle%3D0%26p_p_state%3Dnormal%26p_p_mode%3Dview%26_com_liferay_asset_publisher_web_portlet_AssetPublisherPortlet_INSTANCE_L4rFxMc5NhCW_cur%3D0%26p_r_p_resetCur%3Dfalse%26_com_liferay_asset_publisher_web_portlet_AssetPublisherPortlet_INSTANCE_L4rFxMc5NhCW_assetEntryId%3D8139179,,"[""bnb-fundeci""]",bnb-fundeci,,2026-08-26T04:38:59Z,2026-08-26T03:39:09Z,2026-08-26T04:38:59Z,0.55
opportunity-1e0d335c761a653b,Edital Fundeci 01/2025 – Gestão de Resíduos Sólidos,"Gestão de Resíduos Sólidos Vigência: 15 dez, 2025 a 01 out, 2027 Inscrições Encerradas Divulgação O Banco do Nordeste do Brasil S.A. anuncia o lançamento do Edital Fundeci 01/2025 – Gestão de.... Acesse informações sobre os editais de seleção de projetos de Pesquisa, Desenvolvimento e Inovação do Fundeci.",Banco do Nordeste,grant,"[""circular_economy"", ""financing"", ""innovation"", ""research""]","[""climate"", ""energy"", ""financing"", ""innovation"", ""sustainability"", ""territory"", ""water""]","[""Brasil""]",[],"{""amount"": 30.0, ""currency"": ""BRL"", ""raw"": ""R$ 30,0""}",2025-12-15T23:59:59Z,CLOSED,HISTORICAL,HISTORICAL,False,UNCHANGED,https://bnb.gov.br/web/guest/fundeci/editais/-/asset_publisher/L4rFxMc5NhCW/content/edital-fundeci-01-2025-gest%25C3%25A3o-de-res%25C3%25ADduos-s%25C3%25B3lidos-3/45887?_com_liferay_asset_publisher_web_portlet_AssetPublisherPortlet_INSTANCE_L4rFxMc5NhCW_assetEntryId=8979402&_com_liferay_asset_publisher_web_portlet_AssetPublisherPortlet_INSTANCE_L4rFxMc5NhCW_redirect=https%3A%2F%2Fbnb.gov.br%2Fweb%2Fguest%2Ffundeci%2Feditais%3Fp_p_id%3Dcom_liferay_asset_publisher_web_portlet_AssetPublisherPortlet_INSTANCE_L4rFxMc5NhCW%26p_p_lifecycle%3D0%26p_p_state%3Dnormal%26p_p_mode%3Dview%26_com_liferay_asset_publisher_web_portlet_AssetPublisherPortlet_INSTANCE_L4rFxMc5NhCW_cur%3D0%26p_r_p_resetCur%3Dfalse%26_com_liferay_asset_publisher_web_portlet_AssetPublisherPortlet_INSTANCE_L4rFxMc5NhCW_assetEntryId%3D8979402,,"[""bnb-fundeci""]",bnb-fundeci,,2026-08-26T04:38:59Z,2026-08-26T03:39:09Z,2026-08-26T04:38:59Z,0.55
opportunity-263f7d94d8809e3c,"Edital Fundeci 01/2023 - Energias Renováveis – Pesquisa, Desenvolvimento e Inovação","Energias Renováveis – Pesquisa, Desenvolvimento e Inovação Vigência: 29 ago, 2023 a 01 fev, 2025 Inscrições Encerradas Divulgação O Banco do Nordeste do Brasil S.A. torna público o lançamento.... Acesse informações sobre os editais de seleção de projetos de Pesquisa, Desenvolvimento e Inovação do Fundeci.",Banco do Nordeste,grant,"[""energy"", ""financing"", ""innovation"", ""research""]","[""climate"", ""energy"", ""financing"", ""innovation"", ""sustainability"", ""territory"", ""water""]","[""Brasil""]",[],"{""amount"": 20.0, ""currency"": ""BRL"", ""raw"": ""R$ 20""}",2023-08-29T23:59:59Z,CLOSED,HISTORICAL,HISTORICAL,False,UNCHANGED,https://bnb.gov.br/web/guest/fundeci/editais/-/asset_publisher/L4rFxMc5NhCW/content/edital-fundeci-01-2023/45887?_com_liferay_asset_publisher_web_portlet_AssetPublisherPortlet_INSTANCE_L4rFxMc5NhCW_assetEntryId=4938142&_com_liferay_asset_publisher_web_portlet_AssetPublisherPortlet_INSTANCE_L4rFxMc5NhCW_redirect=https%3A%2F%2Fbnb.gov.br%2Fweb%2Fguest%2Ffundeci%2Feditais%3Fp_p_id%3Dcom_liferay_asset_publisher_web_portlet_AssetPublisherPortlet_INSTANCE_L4rFxMc5NhCW%26p_p_lifecycle%3D0%26p_p_state%3Dnormal%26p_p_mode%3Dview%26_com_liferay_asset_publisher_web_portlet_AssetPublisherPortlet_INSTANCE_L4rFxMc5NhCW_cur%3D0%26p_r_p_resetCur%3Dfalse%26_com_liferay_asset_publisher_web_portlet_AssetPublisherPortlet_INSTANCE_L4rFxMc5NhCW_assetEntryId%3D4938142,,"[""bnb-fundeci""]",bnb-fundeci,,2026-08-26T04:38:59Z,2026-08-26T03:39:09Z,2026-08-26T04:38:59Z,0.55
opportunity-8e68e63cd7253b74,Edital Fundeci 02/2022 - Programa de Aceleração da Agricultura Familiar,"Programa de Aceleração da Agricultura Familiar Vigência: 27 dez, 2022 a 11 out, 2024 Inscrições Encerradas Divulgação O Banco do Nordeste do Brasil S.A. torna público o lançamento do Edital.... Acesse informações sobre os editais de seleção de projetos de Pesquisa, Desenvolvimento e Inovação do Fundeci.",Banco do Nordeste,grant,"[""culture"", ""financing"", ""innovation"", ""research""]","[""climate"", ""energy"", ""financing"", ""innovation"", ""sustainability"", ""territory"", ""water""]","[""Brasil""]",[],"{""amount"": 14.0, ""currency"": ""BRL"", ""raw"": ""R$ 14""}",2022-12-27T23:59:59Z,CLOSED,HISTORICAL,HISTORICAL,False,UNCHANGED,https://bnb.gov.br/web/guest/fundeci/editais/-/asset_publisher/L4rFxMc5NhCW/content/edital-fundeci-02-2022-1/45887?_com_liferay_asset_publisher_web_portlet_AssetPublisherPortlet_INSTANCE_L4rFxMc5NhCW_assetEntryId=3186616&_com_liferay_asset_publisher_web_portlet_AssetPublisherPortlet_INSTANCE_L4rFxMc5NhCW_redirect=https%3A%2F%2Fbnb.gov.br%2Fweb%2Fguest%2Ffundeci%2Feditais%3Fp_p_id%3Dcom_liferay_asset_publisher_web_portlet_AssetPublisherPortlet_INSTANCE_L4rFxMc5NhCW%26p_p_lifecycle%3D0%26p_p_state%3Dnormal%26p_p_mode%3Dview%26_com_liferay_asset_publisher_web_portlet_AssetPublisherPortlet_INSTANCE_L4rFxMc5NhCW_cur%3D0%26p_r_p_resetCur%3Dfalse%26_com_liferay_asset_publisher_web_portlet_AssetPublisherPortlet_INSTANCE_L4rFxMc5NhCW_assetEntryId%3D3186616,,"[""bnb-fundeci""]",bnb-fundeci,,2026-08-26T04:38:59Z,2026-08-26T03:39:09Z,2026-08-26T04:38:59Z,0.55
opportunity-9f5e6683939de104,Edital Fundeci 01/2024 - Desenvolvimento Territorial Sustentável e Regenerativo,"Desenvolvimento Territorial Sustentável e Regenerativo Vigência: 04 set, 2024 a 30 jun, 2026 Inscrições Encerradas Divulgação O Banco do Nordeste do Brasil S.A. torna público o lançamento do.... Acesse informações sobre os editais de seleção de projetos de Pesquisa, Desenvolvimento e Inovação do Fundeci.",Banco do Nordeste,grant,"[""financing"", ""innovation"", ""research"", ""territorial_development"", ""territory""]","[""climate"", ""energy"", ""financing"", ""innovation"", ""sustainability"", ""territory"", ""water""]","[""Brasil""]",[],"{""amount"": 25.0, ""currency"": ""BRL"", ""raw"": ""R$ 25""}",2024-09-04T23:59:59Z,CLOSED,HISTORICAL,HISTORICAL,False,UNCHANGED,https://bnb.gov.br/web/guest/fundeci/editais/-/asset_publisher/L4rFxMc5NhCW/content/edital-fundeci-01-2024-desenvolvimento-territorial-sustent%25C3%25A1vel-e-regenerativo-pdid/45887?_com_liferay_asset_publisher_web_portlet_AssetPublisherPortlet_INSTANCE_L4rFxMc5NhCW_assetEntryId=6649585&_com_liferay_asset_publisher_web_portlet_AssetPublisherPortlet_INSTANCE_L4rFxMc5NhCW_redirect=https%3A%2F%2Fbnb.gov.br%2Fweb%2Fguest%2Ffundeci%2Feditais%3Fp_p_id%3Dcom_liferay_asset_publisher_web_portlet_AssetPublisherPortlet_INSTANCE_L4rFxMc5NhCW%26p_p_lifecycle%3D0%26p_p_state%3Dnormal%26p_p_mode%3Dview%26_com_liferay_asset_publisher_web_portlet_AssetPublisherPortlet_INSTANCE_L4rFxMc5NhCW_cur%3D0%26p_r_p_resetCur%3Dfalse%26_com_liferay_asset_publisher_web_portlet_AssetPublisherPortlet_INSTANCE_L4rFxMc5NhCW_assetEntryId%3D6649585,,"[""bnb-fundeci""]",bnb-fundeci,,2026-08-26T04:38:59Z,2026-08-26T03:39:09Z,2026-08-26T04:38:59Z,0.55
opportunity-993c78f72f68b5fd,Edital Fundeci 01/2022 - Desenvolvimento Territorial - Difusão Tecnológica,"Desenvolvimento Territorial - Difusão Tecnológica Vigência: 19 jul, 2022 a 31 jan, 2025 Inscrições Encerradas Divulgação O Banco do Nordeste torna público o lançamento do Edital Fundeci.... Acesse informações sobre os editais de seleção de projetos de Pesquisa, Desenvolvimento e Inovação do Fundeci.",Banco do Nordeste,grant,"[""financing"", ""innovation"", ""research"", ""territorial_development"", ""territory""]","[""climate"", ""energy"", ""financing"", ""innovation"", ""sustainability"", ""territory"", ""water""]","[""Brasil""]",[],"{""amount"": 8.0, ""currency"": ""BRL"", ""raw"": ""R$ 8""}",2022-07-19T23:59:59Z,CLOSED,HISTORICAL,HISTORICAL,False,UNCHANGED,https://bnb.gov.br/web/guest/fundeci/editais/-/asset_publisher/L4rFxMc5NhCW/content/edital-fundeci-01-2022/45887?_com_liferay_asset_publisher_web_portlet_AssetPublisherPortlet_INSTANCE_L4rFxMc5NhCW_assetEntryId=2019715&_com_liferay_asset_publisher_web_portlet_AssetPublisherPortlet_INSTANCE_L4rFxMc5NhCW_redirect=https%3A%2F%2Fbnb.gov.br%2Fweb%2Fguest%2Ffundeci%2Feditais%3Fp_p_id%3Dcom_liferay_asset_publisher_web_portlet_AssetPublisherPortlet_INSTANCE_L4rFxMc5NhCW%26p_p_lifecycle%3D0%26p_p_state%3Dnormal%26p_p_mode%3Dview%26_com_liferay_asset_publisher_web_portlet_AssetPublisherPortlet_INSTANCE_L4rFxMc5NhCW_cur%3D0%26p_r_p_resetCur%3Dfalse%26_com_liferay_asset_publisher_web_portlet_AssetPublisherPortlet_INSTANCE_L4rFxMc5NhCW_assetEntryId%3D2019715,,"[""bnb-fundeci""]",bnb-fundeci,,2026-08-26T04:38:59Z,2026-08-26T03:39:09Z,2026-08-26T04:38:59Z,0.55
opportunity-048a17b320e6d102,Edital Fundeci 02/2021 - Subvenção Econômica - Programa de Educação Empreendedora,"Subvenção Econômica - Programa de Educação Empreendedora Vigência: 24 dez, 2021 a 13 jun, 2024 Inscrições Encerradas Divulgação O Banco do Nordeste torna público o lançamento do Edital Fundeci.... Acesse informações sobre os editais de seleção de projetos de Pesquisa, Desenvolvimento e Inovação do Fundeci.",Banco do Nordeste,grant,"[""economy"", ""education"", ""financing"", ""innovation"", ""research""]","[""climate"", ""energy"", ""financing"", ""innovation"", ""sustainability"", ""territory"", ""water""]","[""Brasil""]",[],"{""amount"": 8.0, ""currency"": ""BRL"", ""raw"": ""R$ 8""}",2021-12-24T23:59:59Z,CLOSED,HISTORICAL,HISTORICAL,False,UNCHANGED,https://bnb.gov.br/web/guest/fundeci/editais/-/asset_publisher/L4rFxMc5NhCW/content/edital-fundeci-02-2021/45887?_com_liferay_asset_publisher_web_portlet_AssetPublisherPortlet_INSTANCE_L4rFxMc5NhCW_assetEntryId=938015&_com_liferay_asset_publisher_web_portlet_AssetPublisherPortlet_INSTANCE_L4rFxMc5NhCW_redirect=https%3A%2F%2Fbnb.gov.br%2Fweb%2Fguest%2Ffundeci%2Feditais%3Fp_p_id%3Dcom_liferay_asset_publisher_web_portlet_AssetPublisherPortlet_INSTANCE_L4rFxMc5NhCW%26p_p_lifecycle%3D0%26p_p_state%3Dnormal%26p_p_mode%3Dview%26_com_liferay_asset_publisher_web_portlet_AssetPublisherPortlet_INSTANCE_L4rFxMc5NhCW_cur%3D0%26p_r_p_resetCur%3Dfalse%26_com_liferay_asset_publisher_web_portlet_AssetPublisherPortlet_INSTANCE_L4rFxMc5NhCW_assetEntryId%3D938015,,"[""bnb-fundeci""]",bnb-fundeci,,2026-08-26T04:38:59Z,2026-08-26T03:39:09Z,2026-08-26T04:38:59Z,0.55
opportunity-4de3ad00262cc6d5,Edital Fundeci 01/2021 - Subvenção Econômica - Subvenção Econômica para Inovação em Empresas,"Subvenção Econômica - Subvenção Econômica para Inovação em Empresas Vigência: 16 jul, 2021 a 24 jun, 2023 Inscrições Encerradas Divulgação O Banco do Nordeste torna público em 16/07/2021 o.... Acesse informações sobre os editais de seleção de projetos de Pesquisa, Desenvolvimento e Inovação do Fundeci.",Banco do Nordeste,grant,"[""economy"", ""financing"", ""innovation"", ""research""]","[""climate"", ""energy"", ""financing"", ""innovation"", ""sustainability"", ""territory"", ""water""]","[""Brasil""]",[],{},2021-08-29T23:59:59Z,CLOSED,HISTORICAL,HISTORICAL,False,UNCHANGED,https://bnb.gov.br/web/guest/fundeci/editais/-/asset_publisher/L4rFxMc5NhCW/content/edital-fundeci-01-2021/45887?_com_liferay_asset_publisher_web_portlet_AssetPublisherPortlet_INSTANCE_L4rFxMc5NhCW_assetEntryId=445884&_com_liferay_asset_publisher_web_portlet_AssetPublisherPortlet_INSTANCE_L4rFxMc5NhCW_redirect=https%3A%2F%2Fbnb.gov.br%2Fweb%2Fguest%2Ffundeci%2Feditais%3Fp_p_id%3Dcom_liferay_asset_publisher_web_portlet_AssetPublisherPortlet_INSTANCE_L4rFxMc5NhCW%26p_p_lifecycle%3D0%26p_p_state%3Dnormal%26p_p_mode%3Dview%26_com_liferay_asset_publisher_web_portlet_AssetPublisherPortlet_INSTANCE_L4rFxMc5NhCW_cur%3D0%26p_r_p_resetCur%3Dfalse%26_com_liferay_asset_publisher_web_portlet_AssetPublisherPortlet_INSTANCE_L4rFxMc5NhCW_assetEntryId%3D445884,,"[""bnb-fundeci""]",bnb-fundeci,,2026-08-26T04:38:59Z,2026-08-26T03:39:09Z,2026-08-26T04:38:59Z,0.55
opportunity-e4938a881463420f,Conceitos de projetos de incentivos fiscais para a Sudene,"Confira as definições utilizadas pela legislação de incentivos fiscais para definir o que são projetos de implantação, diversificação, modernização e ampliação.",SUDENE,grant,"[""education"", ""financing""]","[""climate"", ""financing"", ""innovation"", ""sustainability"", ""territory""]","[""BR""]","[""público alvo Cidadãos Empresas Órgãos e Entidades Públicas Demais segmentos (ONGs, organizações sociais, etc) Servidor Público Temas em Destaque Orçamento Nacional Redes de Atendimento da Administração Pública Federal Proteção de Dados Pessoais Serviços para Imigrantes Política e Orçamento Educacionais Educação""]",{},,INSUFFICIENT_EVIDENCE,SIGNAL,SIGNAL,False,UNCHANGED,https://www.gov.br/sudene/pt-br/assuntos/incentivos-fiscais/conceitos-de-projetos,,"[""sudene-editais""]",sudene-editais,,2026-08-26T04:38:59Z,2026-08-26T03:39:09Z,2026-08-26T04:38:59Z,0.72
opportunity-aca56d05c234ed80,Critérios para admissibilidade de projetos,Vai apresentar um pleito de incentivo fiscal à Sudene? Então confira quais critérios seu projeto precisa atender.,SUDENE,grant,"[""education"", ""financing""]","[""climate"", ""financing"", ""innovation"", ""sustainability"", ""territory""]","[""BR""]","[""público alvo Cidadãos Empresas Órgãos e Entidades Públicas Demais segmentos (ONGs, organizações sociais, etc) Servidor Público Temas em Destaque Orçamento Nacional Redes de Atendimento da Administração Pública Federal Proteção de Dados Pessoais Serviços para Imigrantes Política e Orçamento Educacionais Educação""]",{},,INSUFFICIENT_EVIDENCE,SIGNAL,SIGNAL,False,UNCHANGED,https://www.gov.br/sudene/pt-br/assuntos/incentivos-fiscais/criterios,,"[""sudene-editais""]",sudene-editais,,2026-08-26T04:38:59Z,2026-08-26T03:39:09Z,2026-08-26T04:38:59Z,0.72
opportunity-e9215657d444effb,Portfólio de projetos 2024,Atualmente não existem itens nessa pasta.,SUDENE,grant,"[""education"", ""financing""]","[""climate"", ""financing"", ""innovation"", ""sustainability"", ""territory""]","[""BR""]","[""público alvo Cidadãos Empresas Órgãos e Entidades Públicas Demais segmentos (ONGs, organizações sociais, etc) Servidor Público Temas em Destaque Orçamento Nacional Redes de Atendimento da Administração Pública Federal Proteção de Dados Pessoais Serviços para Imigrantes Política e Orçamento Educacionais Educação""]",{},,INSUFFICIENT_EVIDENCE,SIGNAL,SIGNAL,False,UNCHANGED,https://www.gov.br/sudene/pt-br/assuntos/inovamulher/portfolio-de-projetos-2024,,"[""sudene-editais""]",sudene-editais,,2026-08-26T04:38:59Z,2026-08-26T03:39:09Z,2026-08-26T04:38:59Z,0.72
opportunity-9b2e9bb3ebdd8873,SUDENE — Editais e chamamentos,Candidate observed on an official source page; detail verification pending.,SUDENE,call,[],"[""climate"", ""financing"", ""innovation"", ""sustainability"", ""territory""]",[],[],{},,CANDIDATE,SIGNAL,SIGNAL,False,UPDATED,https://www.gov.br/sudene/pt-br/assuntos/projetos-e-iniciativas/planos-sub-regionais,,"[""sudene-editais""]",sudene-editais,,2026-08-26T04:38:59Z,2026-08-26T03:39:09Z,2026-08-26T04:38:59Z,0.55
opportunity-8989978b8c71b5d2,Projetos e iniciativas,Candidate observed on an official source page; detail verification pending.,SUDENE,grant,"[""education"", ""financing""]","[""climate"", ""financing"", ""innovation"", ""sustainability"", ""territory""]","[""BR""]","[""público alvo Cidadãos Empresas Órgãos e Entidades Públicas Demais segmentos (ONGs, organizações sociais, etc) Servidor Público Temas em Destaque Orçamento Nacional Redes de Atendimento da Administração Pública Federal Proteção de Dados Pessoais Serviços para Imigrantes Política e Orçamento Educacionais Educação""]",{},,INSUFFICIENT_EVIDENCE,SIGNAL,SIGNAL,False,UNCHANGED,https://www.gov.br/sudene/pt-br/assuntos/projetos-e-iniciativas,,"[""sudene-editais""]",sudene-editais,,2026-08-26T04:38:59Z,2026-08-26T03:39:09Z,2026-08-26T04:38:59Z,0.72
opportunity-c6667b4db5aaa2eb,Inova Cultura,Sudene e Ministério da Cultura apoiam inovação e economia criativa no Nordeste,SUDENE,grant,"[""culture"", ""economy"", ""education"", ""financing"", ""innovation"", ""technology""]","[""climate"", ""financing"", ""innovation"", ""sustainability"", ""territory""]","[""Bahia"", ""Brasil"", ""Parnaíba""]","[""público alvo Cidadãos Empresas Órgãos e Entidades Públicas Demais segmentos (ONGs, organizações sociais, etc) Servidor Público Temas em Destaque Orçamento Nacional Redes de Atendimento da Administração Pública Federal Proteção de Dados Pessoais Serviços para Imigrantes Política e Orçamento Educacionais Educação"", ""destinado a apoiar startups e organizações inovadoras que desenvolvam soluções voltadas para: Modernização e digitalização de espaços e pontos de cultura; Exposições e experiências culturais virtuais; Performances digitais, concertos online e instalações interativas; Realidade aumentada e tecnologias imersivas""]","{""amount"": 200.0, ""currency"": ""BRL"", ""raw"": ""R$ 200""}",2026-11-24T23:59:59Z,CLOSED,HISTORICAL,HISTORICAL,False,UNCHANGED,https://www.gov.br/sudene/pt-br/assuntos/inova-cultura,https://www.gov.br/sudene/pt-br/assuntos/inova-cultura/PUBLICACAO_DO_EXTRATO_E_DO_CHAMAMENTO_PUBLICO_N__07_DE_10_11_2025.pdf,"[""sudene-editais""]",sudene-editais,,2026-08-26T04:38:59Z,2026-08-26T03:39:09Z,2026-08-26T04:38:59Z,0.55
opportunity-f86fa262b842d55e,Fundação Grupo Boticário abre inscrições para o Sprint Prevenção ao Fogo no Cerrado goiano,Notícias,Fundação Grupo Boticário,grant,"[""financing""]","[""biodiversity"", ""climate"", ""conservation"", ""ocean"", ""sustainability"", ""water""]","[""Brasil""]","[""Quem pode participar""]","{""amount"": 800.0, ""currency"": ""BRL"", ""raw"": ""R$ 800""}",2026-03-03T23:59:59Z,CLOSED,HISTORICAL,HISTORICAL,False,UNCHANGED,https://fundacaogrupoboticario.org.br/sprint-prevencao-ao-fogo-no-cerrado/,https://fundacaogrupoboticario.org.br/wp-content/uploads/2026/03/Regulamento-SPRINT-PREVENCAO-AO-FOGO-2026.1-1.pdf,"[""fundacao-boticario-editais""]",fundacao-boticario-editais,,2026-08-26T04:38:59Z,2026-08-26T03:39:09Z,2026-08-26T04:38:59Z,0.55
opportunity-afe66d4fd0a14569,Embratur — Agência Brasileira de Promoção Internacional do Turismo,"Site oficial da Embratur — Agência Brasileira de Promoção Internacional do Turismo. Notícias, eventos, ferramentas e inteligência de dados para o trade turístico.",Embratur,call,"[""tourism""]","[""communities"", ""innovation"", ""sustainability"", ""territory"", ""tourism""]","[""Brasil""]",[],{},,CANDIDATE,SIGNAL,SIGNAL,False,UNCHANGED,https://embratur.com.br/wp-content/uploads/2025/12/SEI_EMBRATUR-1293936-Edital.pdf,,"[""embratur-editais""]",embratur-editais,,2026-08-26T04:38:59Z,2026-08-26T03:39:09Z,2026-08-26T04:38:59Z,0.55
opportunity-7387d3bb74c18b0a,Capta — Oportunidades e editais abertos,Candidate observed on an official source page; detail verification pending.,Capta / ISPN,call,[],"[""biodiversity"", ""climate"", ""communities"", ""financing"", ""sustainability"", ""territory""]",[],[],{},,CANDIDATE,SIGNAL,SIGNAL,False,UNCHANGED,https://www.lamsa.com.br/www.lamsa.com.br/pages/edital.html,,"[""capta-editais""]",capta-editais,,2026-08-26T04:38:59Z,2026-08-26T03:39:09Z,2026-08-26T04:38:59Z,0.55
opportunity-74315ff9cfb5a2c6,Chamada Nordeste,Oportunidades para sua empresa ser protagonista dos próximos investimentos no Nordeste.,SUDENE,grant,"[""economy"", ""education"", ""financing""]","[""climate"", ""financing"", ""innovation"", ""sustainability"", ""territory""]","[""Bahia"", ""Brasil"", ""Brazil""]","[""público alvo Cidadãos Empresas Órgãos e Entidades Públicas Demais segmentos (ONGs, organizações sociais, etc) Servidor Público Temas em Destaque Orçamento Nacional Redes de Atendimento da Administração Pública Federal Proteção de Dados Pessoais Serviços para Imigrantes Política e Orçamento Educacionais Educação"", ""Podem participar do Processo de Seleção de Planos de Negócios as empresas brasileiras e cooperativas que realizam ou planejam realizar investimentos nos estados do Nordeste brasileiro, nas temáticas previstas na Chamada""]",{},,INSUFFICIENT_EVIDENCE,SIGNAL,SIGNAL,False,UNCHANGED,https://www.gov.br/sudene/pt-br/assuntos/chamada-nordeste,https://www.gov.br/sudene/pt-br/assuntos/chamada-nordeste/arquivos/20251128NEPSC.pdf,"[""sudene-editais""]",sudene-editais,,2026-08-26T04:38:59Z,2026-08-26T03:39:09Z,2026-08-26T04:38:59Z,0.72
opportunity-de580217a05eab17,Chamada para ações urgentes destina até R$ 600 mil para resgate e reabilitação de fauna e reestruturação pós incêndios no Cerrado e Pantanal,A Fundação Grupo Boticário lança a Chamada Recuperação Pós-Incêndios 2025 para apoiar ações emergenciais de resgate de fauna e reestruturação ambiental nos biomas Cerrado e Pantanal. Inscrições até 04/11/2025.,Fundação Grupo Boticário,grant,"[""biodiversity"", ""financing"", ""sustainability""]","[""biodiversity"", ""climate"", ""conservation"", ""ocean"", ""sustainability"", ""water""]","[""Brasil"", ""Pantanal""]","[""elegibilidade daquelas não contempladas acima""]","{""amount"": 600.0, ""currency"": ""BRL"", ""raw"": ""R$ 600""}",2025-11-04T23:59:59Z,CLOSED,HISTORICAL,HISTORICAL,False,UNCHANGED,https://fundacaogrupoboticario.org.br/chamada-para-acoes-urgentes-destina-ate-r-600-mil-para-resgate-e-reabilitacao-de-fauna-e-reestruturacao-pos-incendios-no-cerrado-e-pantanal/,https://fundacaogrupoboticario.org.br/wp-content/uploads/2025/11/Regulamento-Chamada-Recuperacao-Pos-Incendios-Prorrogacao-divulgacao.pdf,"[""fundacao-boticario-editais""]",fundacao-boticario-editais,,2026-08-26T04:38:59Z,2026-08-26T03:39:09Z,2026-08-26T04:38:59Z,0.55
opportunity-09eaf4b0b321b799,Edital iCS – Comunicação para Ação Climática no Brasil,Candidate observed on an official source page; detail verification pending.,Capta / ISPN,call,[],"[""biodiversity"", ""climate"", ""communities"", ""financing"", ""sustainability"", ""territory""]","[""BR""]",[],{},,CANDIDATE,SIGNAL,SIGNAL,False,UNCHANGED,https://climaesociedade.org/edital/comunicacao-para-acao-climatica-no-brasil/,,"[""capta-editais""]",capta-editais,,2026-08-26T04:38:59Z,2026-08-26T03:39:09Z,2026-08-26T04:38:59Z,0.55
opportunity-17c6436bb59625ac,Impactarte - Instituto de Impacto Social,"Instituto Impactarte apoia organizações que transformam vidas em educação, cultura e causas sociais. Conheça nossa atuação.",Capta / ISPN,call,"[""culture"", ""education"", ""social_impact""]","[""biodiversity"", ""climate"", ""communities"", ""financing"", ""sustainability"", ""territory""]","[""BR""]",[],{},,CANDIDATE,SIGNAL,SIGNAL,False,UNCHANGED,https://www.impactarte.org.br/,,"[""capta-editais""]",capta-editais,,2026-08-26T04:38:59Z,2026-08-26T03:39:09Z,2026-08-26T04:38:59Z,0.55
opportunity-0de12731dedb4323,Programa BNDES Periferias Fortes Norte,"Programa que apoia organizações periféricas do Norte e Maranhão com capacitação, mentorias e recursos de até R$ 300 mil.",Capta / ISPN,innovation_program,"[""innovation""]","[""biodiversity"", ""climate"", ""communities"", ""financing"", ""sustainability"", ""territory""]","[""Amazon""]","[""quem pode participar Por que devo me inscrever"", ""podem participar""]","{""amount"": 100.0, ""currency"": ""BRL"", ""raw"": ""R$ 100""}",2027-01-31T23:59:59Z,VERIFIED,UPCOMING,OPPORTUNITY,True,UNCHANGED,https://periferiasfortes.phi.org.br/,,"[""capta-editais""]",capta-editais,,2026-08-26T04:38:59Z,2026-08-26T03:39:09Z,2026-08-26T04:38:59Z,0.92
opportunity-c829b970a1b87898,Prefeitura Municipal de Campinas: Portal da Prefeitura,"Prefeitura Municipal de Campinas: Portal da Prefeitura. Conteúdo de Secretarias: Administração; Assistência Social, Pessoa com Deficiência e Direitos Humanos; Chefia de Gabinete do Prefeito; Comunicação; Cultura e Turismo; Desenvolvimento Econômico, Tecnologia e Inovação; Educação; Esporte e Lazer; Finanças; Gestão e Controle; Gestão e Desenvolvimento de Pessoas; Governo; Habitação; Infraestrutura; Justiça; Ouvidoria Geral do Município; Planejamento e Desenvolvimento Urbano; Relações Institucionais; Saúde; Segurança Pública; Serviços Públicos; Trabalho e Renda; Transportes; Urbanismo; Verde, Meio Ambiente e Desenvolvimento Sustentável",Capta / ISPN,research_call,"[""culture"", ""economy"", ""education"", ""innovation"", ""research"", ""social_impact"", ""sport"", ""sustainability"", ""technology"", ""tourism""]","[""biodiversity"", ""climate"", ""communities"", ""financing"", ""sustainability"", ""territory""]","[""BR""]",[],{},,CANDIDATE,SIGNAL,SIGNAL,False,UNCHANGED,https://campinas.sp.gov.br/sites/portaldoclima/juventude-e-acao-climatica-campinas-2026-2027,,"[""capta-editais""]",capta-editais,,2026-08-26T04:38:59Z,2026-08-26T03:39:09Z,2026-08-26T04:38:59Z,0.55
opportunity-a53c379ce7967d79,Edital Fundo Ecos ISPN 2026: R$ 150 mil na Amazônia,Organizações sem fins lucrativos podem captar até R$ 150 mil no edital Fundo Ecos e ISPN na Amazônia Legal até agosto de 2026. Descubra requisitos agora.,Capitaai,grant,"[""financing"", ""sustainability""]","[""biodiversity"", ""climate"", ""conservation"", ""financing"", ""sustainability""]","[""Bahia"", ""Brasil"", ""Amazônia""]","[""elegibilidade para participar desta chamada pública de subvenção socioambiental"", ""podem participar desta seleção""]","{""amount"": 150.0, ""currency"": ""BRL"", ""raw"": ""R$ 150""}",,INSUFFICIENT_EVIDENCE,SIGNAL,SIGNAL,False,UNCHANGED,https://capitaai.com.br/captacao/edital-32026-apoio-organizacoes-amazonia-legal-fundo-ecos-aek5fi,,"[""capitaai-meio-ambiente""]",capitaai-meio-ambiente,,2026-08-26T04:38:59Z,2026-08-26T03:39:09Z,2026-08-26T04:38:59Z,0.72
opportunity-7b34ce9ef268f7d2,Edital Biodiversidade Paraná 2026: Capte R$ 600 mil,Pesquisadores doutores e ONGs podem captar R$ 600 mil no 8º Edital Biodiversidade do Paraná com inscrições até 31 de agosto de 2026. Evite reprovações.,Capitaai,grant,"[""biodiversity"", ""financing"", ""research""]","[""biodiversity"", ""climate"", ""conservation"", ""financing"", ""sustainability""]","[""Bahia"", ""Brasil""]","[""público-alvo principal desta chamada"", ""destinado a esta chamada é de aproximadamente R$ 600 mil, distribuídos entre os projetos aprovados de acordo com a avaliação de mérito e a adequação orçamentária analisada pelo comitê gestor da Fundação Grupo Boticário e da Fundação Araucária, variando conforme a complexidade da proposta""]","{""amount"": 600.0, ""currency"": ""BRL"", ""raw"": ""R$ 600""}",,INSUFFICIENT_EVIDENCE,SIGNAL,SIGNAL,False,UNCHANGED,https://capitaai.com.br/captacao/edital-biodiversidade-parana-apoio-projetos-ambientais-inovacao-fundac-lr1p1c,,"[""capitaai-meio-ambiente""]",capitaai-meio-ambiente,,2026-08-26T04:38:59Z,2026-08-26T03:39:09Z,2026-08-26T04:38:59Z,0.72
opportunity-99fa1c57a7e6d90c,Edital Desafios da Amazônia 2026: R$ 10 Milhões,"Pesquisadores e ICTs podem captar até R$ 10 milhões no edital Desafios da Amazônia do CONFAP e Fundo Amazônia, com inscrições até 01/09/2026. Saiba como",Capitaai,grant,"[""financing"", ""research""]","[""biodiversity"", ""climate"", ""conservation"", ""financing"", ""sustainability""]","[""Bahia"", ""Brasil"", ""Amazônia"", ""Amazon""]","[""elegibilidade, o passo a passo para submissão e os erros que tiram boas propostas da disputa antes mesmo da análise de mérito"", ""podem participar, desde que em regime de consórcio obrigatório com instituições científicas, garantindo a ponte efetiva entre a pesquisa acadêmica e a aplicação mercadológica na região amazônica""]","{""amount"": 10.0, ""currency"": ""BRL"", ""raw"": ""R$ 10""}",2026-09-01T23:59:59Z,INSUFFICIENT_EVIDENCE,SIGNAL,SIGNAL,False,UNCHANGED,https://capitaai.com.br/captacao/chamada-programa-desafios-amazonia-iniciativa-amazonia10-confap-fundo-mw0jgp,,"[""capitaai-meio-ambiente""]",capitaai-meio-ambiente,,2026-08-26T04:38:59Z,2026-08-26T03:39:09Z,2026-08-26T04:38:59Z,0.72
opportunity-3b98b834b37ddfe3,Edital iCS Comunicação Climática 2026: Guia Completo,"ONGs e institutos podem captar até R$ 500 mil no edital iCS de Comunicação para Ação Climática, com inscrições até 31/08/2026. Descubra como ser aprovado.",Capitaai,grant,"[""financing""]","[""biodiversity"", ""climate"", ""conservation"", ""financing"", ""sustainability""]","[""Bahia"", ""Brasil""]","[""elegibilidade jurídica e técnica estipulados pelo iCS""]","{""amount"": 500.0, ""currency"": ""BRL"", ""raw"": ""R$ 500""}",2026-08-31T23:59:59Z,INSUFFICIENT_EVIDENCE,SIGNAL,SIGNAL,False,UNCHANGED,https://capitaai.com.br/captacao/edital-ics-comunicacao-acao-climatica-brasil-instituto-clima-vihe1f,,"[""capitaai-meio-ambiente""]",capitaai-meio-ambiente,,2026-08-26T04:38:59Z,2026-08-26T03:39:09Z,2026-08-26T04:38:59Z,0.72
opportunity-bf02ceb62253ec8e,Edital Amazônia+10 2026: Como Captar Recursos de P&D,"ICTs e parceiros podem captar R$ 10 milhões no edital Amazônia+10 do Fundo Amazônia, CONFAP e Faperr, com inscrições até 01 de setembro de 2026. Saiba mais.",Capitaai,grant,"[""financing""]","[""biodiversity"", ""climate"", ""conservation"", ""financing"", ""sustainability""]","[""Bahia"", ""Brasil"", ""Amazônia"", ""Amazon""]","[""elegibilidade principal desta chamada específica""]","{""amount"": 10.0, ""currency"": ""BRL"", ""raw"": ""R$ 10""}",,INSUFFICIENT_EVIDENCE,SIGNAL,SIGNAL,False,UNCHANGED,https://capitaai.com.br/captacao/chamada-programa-desafios-amazonia-amazonia10-fundo-amazonia-confap-h97amx,,"[""capitaai-meio-ambiente""]",capitaai-meio-ambiente,,2026-08-26T04:38:59Z,2026-08-26T03:39:09Z,2026-08-26T04:38:59Z,0.72
opportunity-2e4a0ee35c4f4593,49º Edital Fundo Ecos ISPN: Guia e Inscrições 2026,"Organizações da Amazônia Legal podem captar R$ 150 mil no 49º Edital Fundo Ecos do ISPN, com inscrições até 31/08/2026. Veja quem pode e como aprovar.",Capitaai,grant,"[""financing""]","[""biodiversity"", ""climate"", ""conservation"", ""financing"", ""sustainability""]","[""Bahia"", ""Brasil"", ""Amazônia"", ""Amazon""]","[""elegibilidade impecável desde o minuto zero""]","{""amount"": 150.0, ""currency"": ""BRL"", ""raw"": ""R$ 150""}",2026-08-31T23:59:59Z,INSUFFICIENT_EVIDENCE,SIGNAL,SIGNAL,False,UNCHANGED,https://capitaai.com.br/captacao/edital-fundo-ecos-organizacoes-amazonia-legal-instituto-sociedade-krnj5g,,"[""capitaai-meio-ambiente""]",capitaai-meio-ambiente,,2026-08-26T04:38:59Z,2026-08-26T03:39:09Z,2026-08-26T04:38:59Z,0.72
opportunity-f7af6e6a56818deb,Edital Juventude e Ação Climática Campinas 2026,ONGs e instituições podem captar até R$ 25 mil no edital Juventude e Ação Climática da Prefeitura de Campinas até 04/09/2026. Veja como aplicar.,Capitaai,grant,"[""financing""]","[""biodiversity"", ""climate"", ""conservation"", ""financing"", ""sustainability""]","[""Bahia"", ""Brasil""]","[""elegibilidade O que esse edital realmente financia Áreas temáticas elegíveis Faixas de valor por categoria O que entra e o que não entra no orçamento Como aplicar passo a passo Os 5 erros que mais reprovam projetos similares Como aumentar suas chances de aprovação Antes de começar a escrever Durante a escrita do""]","{""amount"": 25.0, ""currency"": ""BRL"", ""raw"": ""R$ 25""}",2026-09-04T23:59:59Z,INSUFFICIENT_EVIDENCE,SIGNAL,SIGNAL,False,UNCHANGED,https://capitaai.com.br/captacao/edital-juventude-acao-climatica-campinas-20262027-prefeitura-campinas-6i3yy9,,"[""capitaai-meio-ambiente""]",capitaai-meio-ambiente,,2026-08-26T04:38:59Z,2026-08-26T03:39:09Z,2026-08-26T04:38:59Z,0.72
opportunity-19db214ba561b87b,Edital LAMSA 2026: R$ 300 mil para Projetos Socioambientais,Organizações com CNPJ podem captar R$ 300 mil no Edital LAMSA 2026 para projetos socioambientais no RJ até 03/09. Descubra os critérios de seleção e vença.,Capitaai,grant,"[""financing""]","[""biodiversity"", ""climate"", ""conservation"", ""financing"", ""sustainability""]","[""Bahia"", ""Brasil"", ""Amazônia""]",[],"{""amount"": 300.0, ""currency"": ""BRL"", ""raw"": ""R$ 300""}",,CANDIDATE,SIGNAL,SIGNAL,False,UNCHANGED,https://capitaai.com.br/captacao/edital-selecao-projetos-socioambientais-2026-linha-amarela-lamsa-ys0xn1,,"[""capitaai-meio-ambiente""]",capitaai-meio-ambiente,,2026-08-26T04:38:59Z,2026-08-26T03:39:09Z,2026-08-26T04:38:59Z,0.55
opportunity-802caeeeda7744bc,Prêmio ABDE-BID - ABDE,"O Prêmio ABDE-BID de Artigos de Desenvolvimento, promovido pela Associação Brasileira de Desenvolvimento (ABDE) e pelo Banco Interamericano de Desenvolvimento",Capta / ISPN,grant,"[""financing""]","[""biodiversity"", ""climate"", ""communities"", ""financing"", ""sustainability"", ""territory""]","[""Brasil"", ""Amazônia"", ""Brazil""]",[],"{""amount"": 8000.0, ""currency"": ""BRL"", ""raw"": ""R$ 8.000,00""}",2026-09-13T23:59:59Z,INSUFFICIENT_EVIDENCE,SIGNAL,SIGNAL,False,UNCHANGED,https://abde.org.br/premio-abde-bid/,https://abde.org.br/wp-content/uploads/2026/07/Regulamento-Premio-ABDE-BID-12a-Edicao-retificado.pdf,"[""capta-editais""]",capta-editais,,2026-08-26T04:38:59Z,2026-08-26T03:39:09Z,2026-08-26T04:38:59Z,0.72
opportunity-51943bce55bbbb06,Inscrições abertas para o Prêmio LED Globo 2027,"Educadores, estudantes e empreendedores de todo o país podem se inscrever gratuitamente e concorrer a R$1,2 milhão em premiação",Prosas,award,[],"[""communities"", ""financing"", ""innovation"", ""sustainability"", ""territory""]","[""Brasil""]",[],"{""amount"": 1.2, ""currency"": ""BRL"", ""raw"": ""R$1,2""}",,CANDIDATE,SIGNAL,SIGNAL,False,UNCHANGED,https://somos.globo.com/movimento-led/premio-led/noticia/inscricoes-abertas-para-o-premio-led-globo-2027.ghtml,https://s3.glbimg.com/v1/AUTH_181ecc4c353545aaa3c24808d6e5977d/somos-globo/Guia%20de%20Inscri%C3%A7%C3%A3o%20Pr%C3%AAmio%20LED%202027.pdf,"[""prosas-editais""]",prosas-editais,,2026-08-26T04:38:59Z,2026-08-26T03:39:09Z,2026-08-26T04:38:59Z,0.55
opportunity-a0514411806aa7b7,Prêmio iCS-Anpec de Economia e Clima - Hub de Economia e Clima,Reconhecer estudos que analisem os impactos das mudanças climáticas na economia brasileira.,Capta / ISPN,research_call,"[""climate"", ""economy"", ""research""]","[""biodiversity"", ""climate"", ""communities"", ""financing"", ""sustainability"", ""territory""]","[""Brasil""]","[""Quem pode participar Pesquisadores(as) brasileiros(as) com título de doutor e estudos publicados em periódicos nacionais ou internacionais de destaque, focados na interseção entre economia e clima""]","{""amount"": 20000.0, ""currency"": ""BRL"", ""raw"": ""R$ 20.000,00""}",2026-11-23T23:59:59Z,UNKNOWN,SIGNAL,SIGNAL,False,UPDATED,https://hubdeeconomiaeclima.org.br/premio-ics-anpec-de-economia-e-clima/,https://hubdeeconomiaeclima.org.br/wp-content/uploads/2026/07/Premio-iCS-ANPEC_2026_Regulamento-2.pdf,"[""capta-editais""]",capta-editais,,2026-08-26T04:38:59Z,2026-08-26T03:39:09Z,2026-08-26T04:34:45Z,0.92
opportunity-66bcc60d031056a7,Planos subregionais de desenvolvimento,"Os Planos de Desenvolvimento são estratégias de gestão pública das quais a Sudene participa que têm por objetivo oferecer diagnósticos situacionais sobre uma determinada área, levantamentos sobre as potencialidades econômicas e desafios a serem superados dentro de um horizonte temporal.",SUDENE,grant,"[""economy"", ""education"", ""financing""]","[""climate"", ""financing"", ""innovation"", ""sustainability"", ""territory""]","[""Bahia"", ""Brasil"", ""Parnaíba""]","[""público alvo Cidadãos Empresas Órgãos e Entidades Públicas Demais segmentos (ONGs, organizações sociais, etc) Servidor Público Temas em Destaque Orçamento Nacional Redes de Atendimento da Administração Pública Federal Proteção de Dados Pessoais Serviços para Imigrantes Política e Orçamento Educacionais Educação""]",{},,UNKNOWN,SIGNAL,SIGNAL,False,UPDATED,https://www.gov.br/sudene/pt-br/assuntos/projetos-e-iniciativas/planos-sub-regionais,https://www.gov.br/sudene/pt-br/assuntos/projetos-e-iniciativas/documentos/FichaP7_Estado_27_Alagoas.pdf,"[""sudene-editais""]",sudene-editais,,2026-08-26T04:38:59Z,2026-08-26T03:39:09Z,2026-08-26T04:34:45Z,0.72
candidate-0841ed0bfb46631c,Formulário Online,Candidate observed on an official source page; detail verification pending.,FAPESB,opportunity_candidate,[],"[""innovation"", ""research"", ""sustainability""]",[],[],{},,UNKNOWN,SIGNAL,SIGNAL,False,UPDATED,http://siga.fapesb.ba.gov.br/edital_10_2026/login.wsp,,"[""fapesb-editais""]",fapesb-editais,,2026-08-26T04:38:59Z,2026-08-26T00:12:06Z,2026-08-26T01:24:29Z,0.55
candidate-00d46a2cf2aae83a,Formulário Online,Candidate observed on an official source page; detail verification pending.,FAPESB,opportunity_candidate,[],"[""innovation"", ""research"", ""sustainability""]",[],[],{},,UNKNOWN,SIGNAL,SIGNAL,False,UPDATED,http://siga.fapesb.ba.gov.br/edital_9_2026/login.wsp,,"[""fapesb-editais""]",fapesb-editais,,2026-08-26T04:38:59Z,2026-08-26T00:12:06Z,2026-08-26T01:24:29Z,0.55
candidate-909eb07883e647df,clique Aqui.,Candidate observed on an official source page; detail verification pending.,FAPESB,opportunity_candidate,[],"[""innovation"", ""research"", ""sustainability""]",[],[],{},,UNKNOWN,SIGNAL,SIGNAL,False,UPDATED,https://www.fapesb.ba.gov.br/edital-fapesb-no-0042023-ppp/,,"[""fapesb-editais""]",fapesb-editais,,2026-08-26T04:38:59Z,2026-08-26T00:12:06Z,2026-08-26T01:24:29Z,0.55
candidate-1d65ce0e3240c5a6,clique aqui.,Candidate observed on an official source page; detail verification pending.,FAPESB,opportunity_candidate,[],"[""innovation"", ""research"", ""sustainability""]",[],[],{},,UNKNOWN,SIGNAL,SIGNAL,False,UPDATED,https://www.fapesb.ba.gov.br/wp-content/uploads/2019/08/ERRATA_1__Edital_IEL-04.2026.pdf,,"[""fapesb-editais""]",fapesb-editais,,2026-08-26T04:38:59Z,2026-08-26T00:12:06Z,2026-08-26T01:24:29Z,0.55
candidate-4d388fc6485670f5,clique aqui.,Candidate observed on an official source page; detail verification pending.,FAPESB,opportunity_candidate,[],"[""innovation"", ""research"", ""sustainability""]",[],[],{},,UNKNOWN,SIGNAL,SIGNAL,False,UPDATED,https://www.fapesb.ba.gov.br/wp-content/uploads/2019/08/ERRATA_06___EDITAL_FAPESB_027_2025__1_-1.pdf,,"[""fapesb-editais""]",fapesb-editais,,2026-08-26T04:38:59Z,2026-08-26T00:12:06Z,2026-08-26T01:24:29Z,0.55
candidate-f24098ccbf3d80a1,clique aqui.,Candidate observed on an official source page; detail verification pending.,FAPESB,opportunity_candidate,[],"[""innovation"", ""research"", ""sustainability""]",[],[],{},,UNKNOWN,SIGNAL,SIGNAL,False,UPDATED,https://www.fapesb.ba.gov.br/wp-content/uploads/2019/08/PROJETO-COMPLEMENTAR-OBRIGATORIO.docx,,"[""fapesb-editais""]",fapesb-editais,,2026-08-26T04:38:59Z,2026-08-26T00:12:06Z,2026-08-26T01:24:29Z,0.55
candidate-228396b05a233163,clique aqui.,Candidate observed on an official source page; detail verification pending.,FAPESB,opportunity_candidate,[],"[""innovation"", ""research"", ""sustainability""]",[],[],{},,UNKNOWN,SIGNAL,SIGNAL,False,UPDATED,https://www.fapesb.ba.gov.br/edital-no-0202023-ciencia-na-mesa-2-incubadoras-para-cooperativas-e-associacoes-populares-e-empreendimentos-economicos-solidarios-de-base-tecnologica/,,"[""fapesb-editais""]",fapesb-editais,,2026-08-26T04:38:59Z,2026-08-26T00:12:06Z,2026-08-26T01:24:29Z,0.55
candidate-e9b359f7bbb5bb6d,página da Chamada Pública no site do Funbio,Candidate observed on an official source page; detail verification pending.,BNDES,opportunity_candidate,[],"[""biodiversity"", ""sustainability"", ""water""]",[],[],{},,UNKNOWN,SIGNAL,SIGNAL,False,UPDATED,https://chamadas.funbio.org.br/floresta-viva-terras-indigenas,,"[""bndes-floresta-viva""]",bndes-floresta-viva,,2026-08-26T04:38:59Z,2026-08-26T00:12:06Z,2026-08-26T01:24:29Z,0.55
candidate-a27bd85b135125dd,página da Chamada Pública no site do Funbio,Candidate observed on an official source page; detail verification pending.,BNDES,opportunity_candidate,[],"[""biodiversity"", ""sustainability"", ""water""]",[],[],{},,UNKNOWN,SIGNAL,SIGNAL,False,UPDATED,https://chamadas.funbio.org.br/florestas-do-rio-2,,"[""bndes-floresta-viva""]",bndes-floresta-viva,,2026-08-26T04:38:59Z,2026-08-26T00:12:06Z,2026-08-26T01:24:29Z,0.55
candidate-958d78692a595b69,página da Chamada Pública no site do Funbio,Candidate observed on an official source page; detail verification pending.,BNDES,opportunity_candidate,[],"[""biodiversity"", ""sustainability"", ""water""]",[],[],{},,UNKNOWN,SIGNAL,SIGNAL,False,UPDATED,https://chamadas.funbio.org.br/conectando-paisagens-2,,"[""bndes-floresta-viva""]",bndes-floresta-viva,,2026-08-26T04:38:59Z,2026-08-26T00:12:06Z,2026-08-26T01:24:29Z,0.55
candidate-dd9d051703754e1f,página da Chamada Pública no site do Funbio,Candidate observed on an official source page; detail verification pending.,BNDES,opportunity_candidate,[],"[""biodiversity"", ""sustainability"", ""water""]",[],[],{},,UNKNOWN,SIGNAL,SIGNAL,False,UPDATED,https://chamadas.funbio.org.br/florestas-do-rio,,"[""bndes-floresta-viva""]",bndes-floresta-viva,,2026-08-26T04:38:59Z,2026-08-26T00:12:06Z,2026-08-26T01:24:29Z,0.55
candidate-fde0194a802404ca,página da Chamada Pública no site do Funbio,Candidate observed on an official source page; detail verification pending.,BNDES,opportunity_candidate,[],"[""biodiversity"", ""sustainability"", ""water""]",[],[],{},,UNKNOWN,SIGNAL,SIGNAL,False,UPDATED,https://chamadas.funbio.org.br/floresta-viva-caatinga,,"[""bndes-floresta-viva""]",bndes-floresta-viva,,2026-08-26T04:38:59Z,2026-08-26T00:12:06Z,2026-08-26T01:24:29Z,0.55
candidate-25ac00c2d0359ca3,página da Chamada Pública no site do Funbio,Candidate observed on an official source page; detail verification pending.,BNDES,opportunity_candidate,[],"[""biodiversity"", ""sustainability"", ""water""]",[],[],{},,UNKNOWN,SIGNAL,SIGNAL,False,UPDATED,https://chamadas.funbio.org.br/restauracao-ecologica-no-sudeste-paranaense,,"[""bndes-floresta-viva""]",bndes-floresta-viva,,2026-08-26T04:38:59Z,2026-08-26T00:12:06Z,2026-08-26T01:24:29Z,0.55
candidate-793972eca7105485,página da Chamada Pública no site do Funbio,Candidate observed on an official source page; detail verification pending.,BNDES,opportunity_candidate,[],"[""biodiversity"", ""sustainability"", ""water""]",[],[],{},,UNKNOWN,SIGNAL,SIGNAL,False,UPDATED,https://chamadas.funbio.org.br/floresta-viva-conectando-paisagens,,"[""bndes-floresta-viva""]",bndes-floresta-viva,,2026-08-26T04:38:59Z,2026-08-26T00:12:06Z,2026-08-26T01:24:29Z,0.55
candidate-c2dd62f361770eb6,página da Chamada Pública no site do Funbio,Candidate observed on an official source page; detail verification pending.,BNDES,opportunity_candidate,[],"[""biodiversity"", ""sustainability"", ""water""]",[],[],{},,UNKNOWN,SIGNAL,SIGNAL,False,UPDATED,https://chamadas.funbio.org.br/floresta-viva-corredores-de-biodiversidade,,"[""bndes-floresta-viva""]",bndes-floresta-viva,,2026-08-26T04:38:59Z,2026-08-26T00:12:06Z,2026-08-26T01:24:29Z,0.55
candidate-734e734a90617ecd,página da Chamada Pública no site do Funbio,Candidate observed on an official source page; detail verification pending.,BNDES,opportunity_candidate,[],"[""biodiversity"", ""sustainability"", ""water""]",[],[],{},,UNKNOWN,SIGNAL,SIGNAL,False,UPDATED,https://chamadas.funbio.org.br/floresta-viva-restauracao-bacia-do-rio-xingu,,"[""bndes-floresta-viva""]",bndes-floresta-viva,,2026-08-26T04:38:59Z,2026-08-26T00:12:06Z,2026-08-26T01:24:29Z,0.55
candidate-182e2aff4155e9a3,"EDITAL DE SELEÇÃO PÚBLICA Nº 017/ 2026 Subvenção Econômica à Pesquisa,Desenvolvimento e Inovação (P,D&I) Soluções de Sistemas Inteligentes para a Administração Estadual – Rodada 2 -",Candidate observed on an official source page; detail verification pending.,FAPESB,opportunity_candidate,"[""economy"", ""financing"", ""innovation"", ""research""]","[""innovation"", ""research"", ""sustainability""]",[],[],{},,UNKNOWN,SIGNAL,SIGNAL,False,UPDATED,https://www.fapesb.ba.gov.br/edital-de-selecao-publica-no-017-2026-subvencao-economica-a-pesquisadesenvolvimento-e-inovacao-pdi-solucoes-de-sistemas-inteligentes-para-a-administracao-estadual-rodada-2/,,"[""fapesb-editais""]",fapesb-editais,,2026-08-26T04:38:59Z,2026-08-26T00:12:06Z,2026-08-26T00:17:46Z,0.55
candidate-68d37597c0e0f517,EDITAL FAPESB/SECTI/IEL nº 004/2026 – Chamada Estratégica FAPESB/SECTI/IEL -,Candidate observed on an official source page; detail verification pending.,FAPESB,opportunity_candidate,[],"[""innovation"", ""research"", ""sustainability""]",[],[],{},,UNKNOWN,SIGNAL,SIGNAL,False,UPDATED,https://www.fapesb.ba.gov.br/edital-fapesbsectiiel-no-0042026-chamada-estrategica-fapesbsectiiel/,,"[""fapesb-editais""]",fapesb-editais,,2026-08-26T04:38:59Z,2026-08-26T00:12:06Z,2026-08-26T00:17:46Z,0.55
candidate-68d58b4a827648f7,Programa de Bolsas,Candidate observed on an official source page; detail verification pending.,FAPESB,opportunity_candidate,[],"[""innovation"", ""research"", ""sustainability""]",[],[],{},,UNKNOWN,SIGNAL,SIGNAL,False,UPDATED,https://www.fapesb.ba.gov.br/programa-de-bolsas,,"[""fapesb-editais""]",fapesb-editais,,2026-08-26T04:38:59Z,2026-08-26T00:12:06Z,2026-08-26T00:17:46Z,0.55
candidate-5310244f5ac5b702,página da Chamada Pública no site do Funbio,Candidate observed on an official source page; detail verification pending.,BNDES,opportunity_candidate,[],"[""biodiversity"", ""sustainability"", ""water""]",[],[],{},,UNKNOWN,SIGNAL,SIGNAL,False,UPDATED,https://www.funbio.org.br/programas_e_projetos/florestaviva/eneva-edital-amazonas/?id=44248&subproject=1,,"[""bndes-floresta-viva""]",bndes-floresta-viva,,2026-08-26T04:38:59Z,2026-08-26T00:12:06Z,2026-08-26T00:17:46Z,0.55
candidate-ea97d3c76436c5e9,Chamadas e editais 2014,Candidate observed on an official source page; detail verification pending.,Ministério do Meio Ambiente,opportunity_candidate,[],"[""climate"", ""financing"", ""sustainability""]",[],[],{},,UNKNOWN,SIGNAL,SIGNAL,False,UPDATED,https://www.gov.br/mma/pt-br/composicao/secex/dfre/fundo-nacional-sobre-mudanca-do-clima/chamadas-editais-1/chamadas-e-editais-2014,,"[""mma-fundo-clima""]",mma-fundo-clima,,2026-08-26T04:38:59Z,2026-08-26T00:12:06Z,2026-08-26T00:17:46Z,0.55
candidate-6642c8e3af7ae1ac,Chamamento Público CNPq/FNDCT/MCTI Nº 01/2026 Para Participação no Programa de Apoio à Popularização da Ciência nas Unidades da Federação,Candidate observed on an official source page; detail verification pending.,CNPq,opportunity_candidate,"[""research""]","[""innovation"", ""research"", ""sustainability""]",[],[],{},,UNKNOWN,SIGNAL,SIGNAL,False,UPDATED,https://www.gov.br/cnpq/pt-br/chamadas/todas-as-chamadas/chamadas-2026/chamamento-no-01-2026/chamamento-publico-01-2026,,"[""cnpq-chamadas""]",cnpq-chamadas,,2026-08-26T04:38:59Z,2026-08-26T00:12:06Z,2026-08-26T00:17:46Z,0.55
candidate-a960be1c45dcd1d1,Ações e Programas,Candidate observed on an official source page; detail verification pending.,CNPq,opportunity_candidate,[],"[""innovation"", ""research"", ""sustainability""]",[],[],{},,UNKNOWN,SIGNAL,SIGNAL,False,UPDATED,https://www.gov.br/cnpq/pt-br/acesso-a-informacao/acoes-e-programas,,"[""cnpq-chamadas""]",cnpq-chamadas,,2026-08-26T04:38:59Z,2026-08-26T00:12:06Z,2026-08-26T00:17:46Z,0.55
candidate-565ef4c85c0b55a5,Apoio a projetos produtivos sustentáveis (2012),Candidate observed on an official source page; detail verification pending.,BNDES / Fundo Amazônia,opportunity_candidate,[],"[""communities"", ""forest"", ""sustainability""]",[],[],{},,UNKNOWN,SIGNAL,SIGNAL,False,UPDATED,https://www.fundoamazonia.gov.br/pt/como-apresentar-projetos/chamadas-publicas/projetos-produtivos-sustentaveis/,,"[""fundo-amazonia""]",fundo-amazonia,,2026-08-26T04:38:59Z,2026-08-26T00:12:06Z,2026-08-26T00:17:46Z,0.55
candidate-b5e542a159463cce,Conab: Florestas e Comunidades: Amazônia Viva (2026) - Novo!,Candidate observed on an official source page; detail verification pending.,BNDES / Fundo Amazônia,opportunity_candidate,"[""territory""]","[""communities"", ""forest"", ""sustainability""]",[],[],{},,UNKNOWN,SIGNAL,SIGNAL,False,UPDATED,https://www.fundoamazonia.gov.br/pt/como-apresentar-projetos/chamadas-publicas/amazonia-viva/,,"[""fundo-amazonia""]",fundo-amazonia,,2026-08-26T04:38:59Z,2026-08-26T00:12:06Z,2026-08-26T00:17:46Z,0.55
candidate-84a789058ecc4545,Naturezas Quilombolas (2024),Candidate observed on an official source page; detail verification pending.,BNDES / Fundo Amazônia,opportunity_candidate,"[""sustainability""]","[""communities"", ""forest"", ""sustainability""]",[],[],{},,UNKNOWN,SIGNAL,SIGNAL,False,UPDATED,https://www.fundoamazonia.gov.br/pt/como-apresentar-projetos/chamadas-publicas/naturezas-quilombolas/,,"[""fundo-amazonia""]",fundo-amazonia,,2026-08-26T04:38:59Z,2026-08-26T00:12:06Z,2026-08-26T00:17:46Z,0.55
candidate-79e2721a453935b7,Regulamento Seleção Pública 2023.1 – Projetos Não Incentivados,Candidate observed on an official source page; detail verification pending.,Petrobras,opportunity_candidate,[],"[""communities"", ""conservation"", ""sustainability""]",[],[],{},,UNKNOWN,SIGNAL,SIGNAL,False,UPDATED,https://petrobras.com.br/documents/2677942/7444258/SP+2023.1+-+Regulamento+Nao+Incentivados.pdf/04e566d0-35dc-f269-ee71-bdaed0b5b0ff?version=1.0&t=1694537432000&download=true,,"[""petrobras-socioambiental""]",petrobras-socioambiental,,2026-08-26T04:38:59Z,2026-08-26T00:16:25Z,2026-08-26T00:17:46Z,0.55
candidate-b9d57f608c8f6dc7,Regulamento Seleção Pública 2023.2 - Projetos Incentivados,Candidate observed on an official source page; detail verification pending.,Petrobras,opportunity_candidate,[],"[""communities"", ""conservation"", ""sustainability""]",[],[],{},,UNKNOWN,SIGNAL,SIGNAL,False,UPDATED,https://petrobras.com.br/documents/2677942/3356916/Regulamento+Sele%C3%A7%C3%A3o+P%C3%BAblica+2023.2+-+Projetos+Incentivados.pdf/28305898-7221-ad7b-610b-99c32e08b96e?version=1.0&t=1699376898000&download=true,,"[""petrobras-socioambiental""]",petrobras-socioambiental,,2026-08-26T04:38:59Z,2026-08-26T00:16:25Z,2026-08-26T00:17:46Z,0.55
candidate-24553a50a7b5a189,Regulamento Seleção Pública 2023.2 - Projetos Nao Incentivados,Candidate observed on an official source page; detail verification pending.,Petrobras,opportunity_candidate,[],"[""communities"", ""conservation"", ""sustainability""]",[],[],{},,UNKNOWN,SIGNAL,SIGNAL,False,UPDATED,https://petrobras.com.br/documents/2677942/3356916/Regulamento+Sele%C3%A7%C3%A3o+P%C3%BAblica+2023.2+-+Projetos+Nao+Incentivados.pdf/af45b992-2e9d-b0f1-f40a-f5e0eb9d48d8?version=1.0&t=1699376882000&download=true,,"[""petrobras-socioambiental""]",petrobras-socioambiental,,2026-08-26T04:38:59Z,2026-08-26T00:16:25Z,2026-08-26T00:17:46Z,0.55
candidate-2c60342bfcf5c033,Seleção Pública 2023.1 - Projetos Não Incentivados,Candidate observed on an official source page; detail verification pending.,Petrobras,opportunity_candidate,[],"[""communities"", ""conservation"", ""sustainability""]",[],[],{},,UNKNOWN,SIGNAL,SIGNAL,False,UPDATED,https://investidor.bussolasocial.com.br/petrobras/editais/naoincentivados2023,,"[""petrobras-socioambiental""]",petrobras-socioambiental,,2026-08-26T04:38:59Z,2026-08-26T00:16:25Z,2026-08-26T00:17:46Z,0.55
candidate-d9da065c76fa3686,Inscrições Projetos Não Incentivados,Candidate observed on an official source page; detail verification pending.,Petrobras,opportunity_candidate,[],"[""communities"", ""conservation"", ""sustainability""]",[],[],{},,UNKNOWN,SIGNAL,SIGNAL,False,UPDATED,http://investidor.bussolasocial.com.br/petrobras/editais/naoincentivados2023.2,,"[""petrobras-socioambiental""]",petrobras-socioambiental,,2026-08-26T04:38:59Z,2026-08-26T00:16:25Z,2026-08-26T00:17:46Z,0.55
candidate-8b0270f99474a78b,Inscrições Projetos incentivados,Candidate observed on an official source page; detail verification pending.,Petrobras,opportunity_candidate,[],"[""communities"", ""conservation"", ""sustainability""]",[],[],{},,UNKNOWN,SIGNAL,SIGNAL,False,UPDATED,http://investidor.bussolasocial.com.br/petrobras/editais/incentivados2023.2,,"[""petrobras-socioambiental""]",petrobras-socioambiental,,2026-08-26T04:38:59Z,2026-08-26T00:16:25Z,2026-08-26T00:17:46Z,0.55
candidate-ad536dce0f4089a3,Projetos Incentivados - retificação 3​​,Candidate observed on an official source page; detail verification pending.,Petrobras,opportunity_candidate,[],"[""communities"", ""conservation"", ""sustainability""]",[],[],{},,UNKNOWN,SIGNAL,SIGNAL,False,UPDATED,https://petrobras.com.br/documents/2677942/7444258/SP+2023.1+-+Regulamento+Incentivados+-+Retificacao+3.pdf/bc14b850-002f-8726-70d2-4f4f796cb233?version=1.0&t=1694537047000&download=true,,"[""petrobras-socioambiental""]",petrobras-socioambiental,,2026-08-26T04:38:59Z,2026-08-26T00:16:25Z,2026-08-26T00:17:46Z,0.55
candidate-841b010704b598a5,Projetos Incentivados – retificação 1,Candidate observed on an official source page; detail verification pending.,Petrobras,opportunity_candidate,[],"[""communities"", ""conservation"", ""sustainability""]",[],[],{},,UNKNOWN,SIGNAL,SIGNAL,False,UPDATED,https://petrobras.com.br/documents/2677942/7444258/SP+2023.1+-+Regulamento+Incentivados+-+Retificacao+1.pdf/3afc274f-c7af-59f9-02e0-da5266866316?version=1.0&t=1694195355000&download=true,,"[""petrobras-socioambiental""]",petrobras-socioambiental,,2026-08-26T04:38:59Z,2026-08-26T00:16:25Z,2026-08-26T00:17:46Z,0.55
candidate-023c68a42bf6ab14,Projetos Não Incentivados - Retificação 01,Candidate observed on an official source page; detail verification pending.,Petrobras,opportunity_candidate,[],"[""communities"", ""conservation"", ""sustainability""]",[],[],{},,UNKNOWN,SIGNAL,SIGNAL,False,UPDATED,https://petrobras.com.br/documents/2677942/3356916/Retifica%C3%A7%C3%A3o+n+1+-+Regulamento_Sele%C3%A7%C3%A3o+P%C3%BAblica+N%C3%A3o+Incentivados+2023.2+%281%29.pdf/b125cfb4-2c1f-f8a5-d2f2-d36bc2d529a5?version=1.0&t=1703267114000&download=true,,"[""petrobras-socioambiental""]",petrobras-socioambiental,,2026-08-26T04:38:59Z,2026-08-26T00:16:25Z,2026-08-26T00:17:46Z,0.55
candidate-6995a4de76882f45,Projetos Não Incentivados - Retificação 02,Candidate observed on an official source page; detail verification pending.,Petrobras,opportunity_candidate,[],"[""communities"", ""conservation"", ""sustainability""]",[],[],{},,UNKNOWN,SIGNAL,SIGNAL,False,UPDATED,https://petrobras.com.br/documents/2677942/7444258/Retifica%C3%A7%C3%A3o+n+2+-+Regulamento_Sele%C3%A7%C3%A3o+P%C3%BAblica+N%C3%A3o+Incentivados+2023.2+%281%29.pdf/90b6fb06-adb2-9f5b-d399-a16a0d395fe3?version=1.0&t=1705336078000&download=true,,"[""petrobras-socioambiental""]",petrobras-socioambiental,,2026-08-26T04:38:59Z,2026-08-26T00:16:25Z,2026-08-26T00:17:46Z,0.55
candidate-5b0bd0dddb0d100d,Projetos Não Incentivados - Retificação 03,Candidate observed on an official source page; detail verification pending.,Petrobras,opportunity_candidate,[],"[""communities"", ""conservation"", ""sustainability""]",[],[],{},,UNKNOWN,SIGNAL,SIGNAL,False,UPDATED,https://petrobras.com.br/documents/2677942/7444258/Projetos+N%C3%A3o+Incentivados_Retifica%C3%A7%C3%A3o+3.pdf/73d759d9-7ad1-a062-a6ff-cfc8acd5e556?version=1.0&t=1717445336000&download=true,,"[""petrobras-socioambiental""]",petrobras-socioambiental,,2026-08-26T04:38:59Z,2026-08-26T00:16:25Z,2026-08-26T00:17:46Z,0.55
candidate-8696ad2ab0e16300,Projetos não Incentivados – retificação 1,Candidate observed on an official source page; detail verification pending.,Petrobras,opportunity_candidate,[],"[""communities"", ""conservation"", ""sustainability""]",[],[],{},,UNKNOWN,SIGNAL,SIGNAL,False,UPDATED,https://petrobras.com.br/documents/2677942/7444258/SP+2023.1+-+Regulamento+Nao+Incentivados+-+Prorrogacao+de+prazo-1.pdf/d7c76855-8b6f-ad31-b0bf-db45b239e265?version=1.0&t=1694537714000&download=true,,"[""petrobras-socioambiental""]",petrobras-socioambiental,,2026-08-26T04:38:59Z,2026-08-26T00:16:25Z,2026-08-26T00:17:46Z,0.55
candidate-2605bc6660723698,2020 calls for project proposals,Candidate observed on an official source page; detail verification pending.,European Commission / CINEA,opportunity_candidate,[],"[""biodiversity"", ""circular_economy"", ""climate"", ""energy"", ""nature""]",[],[],{},,UNKNOWN,SIGNAL,SIGNAL,False,UPDATED,https://cinea.ec.europa.eu/programmes/life/life-calls-proposals/2020-life-calls-proposals_en,,"[""cinea-life""]",cinea-life,,2026-08-26T04:38:59Z,2026-08-26T00:12:06Z,2026-08-26T00:17:46Z,0.55
candidate-bcc8ad446c223790,2022 calls for proposals,Candidate observed on an official source page; detail verification pending.,European Commission / CINEA,opportunity_candidate,[],"[""biodiversity"", ""circular_economy"", ""climate"", ""energy"", ""nature""]",[],[],{},,UNKNOWN,SIGNAL,SIGNAL,False,UPDATED,https://cinea.ec.europa.eu/programmes/life/2022-calls-proposals_en,,"[""cinea-life""]",cinea-life,,2026-08-26T04:38:59Z,2026-08-26T00:12:06Z,2026-08-26T00:17:46Z,0.55
candidate-25c493c3cac7782d,2023 calls for proposals,Candidate observed on an official source page; detail verification pending.,European Commission / CINEA,opportunity_candidate,[],"[""biodiversity"", ""circular_economy"", ""climate"", ""energy"", ""nature""]",[],[],{},,UNKNOWN,SIGNAL,SIGNAL,False,UPDATED,https://cinea.ec.europa.eu/programmes/life/life-calls-proposals-2023_en,,"[""cinea-life""]",cinea-life,,2026-08-26T04:38:59Z,2026-08-26T00:12:06Z,2026-08-26T00:17:46Z,0.55
candidate-1d84c42fb22f21a0,LIFE Calls for proposals 2025,Candidate observed on an official source page; detail verification pending.,European Commission / CINEA,opportunity_candidate,[],"[""biodiversity"", ""circular_economy"", ""climate"", ""energy"", ""nature""]",[],[],{},,UNKNOWN,SIGNAL,SIGNAL,False,UPDATED,https://cinea.ec.europa.eu/life-calls-proposals-2025_en,,"[""cinea-life""]",cinea-life,,2026-08-26T04:38:59Z,2026-08-26T00:12:06Z,2026-08-26T00:17:46Z,0.55
