opportunity_id,title,description,organization,type,domains,territories,eligibility,funding,deadline,status,official_url,source_id,published_at,updated_at,first_seen_at,last_seen_at,confidence
candidate-44358da29baf9522,DIRETRIZES ESPECÍFICAS DA FAPESB – Chamada para submissão de propostas do programa de Intercâmbio de Pessoal (MSCA SE) em coordenação com o Horizonte Europa -,Candidate observed on an official source page; detail verification pending.,FAPESB,opportunity_candidate,"[""sustainability"", ""research"", ""innovation""]",[],[],{},,UNKNOWN,https://www.fapesb.ba.gov.br/diretrizes-especificas-da-fapesb-chamada-para-submissao-de-propostas-do-programa-de-intercambio-de-pessoal-msca-se-em-coordenacao-com-o-horizonte-europa-2/,fapesb-editais,,2026-08-26T00:17:46Z,2026-08-26T00:12:06Z,2026-08-26T00:17:46Z,0.55
candidate-9ac12a4de1a80b2c,CHAMADA 2026- PROGRAMA DE AUXILIO PARA DOUTORANDOS COM BOLSA NACIONAL – DAAD -,Candidate observed on an official source page; detail verification pending.,FAPESB,opportunity_candidate,"[""sustainability"", ""research"", ""innovation""]",[],[],{},,UNKNOWN,https://www.fapesb.ba.gov.br/chamada-2026-programa-de-auxilio-para-doutorandos-com-bolsa-nacional-daad/,fapesb-editais,,2026-08-26T00:17:46Z,2026-08-26T00:12:06Z,2026-08-26T00:17:46Z,0.55
candidate-51dbb2ad8227ce7b,CHAMADA CONFAP/ERC 2026 – CALL RESEARCH OPPORTUNITIES IN EUROPE FOR ACTIVE PHD RESEARCHERS FROM BRAZIL -,Candidate observed on an official source page; detail verification pending.,FAPESB,opportunity_candidate,"[""sustainability"", ""research"", ""innovation""]",[],[],{},,UNKNOWN,https://www.fapesb.ba.gov.br/chamada-confaperc-2026-call-research-opportunities-in-europe-for-active-phd-researchers-from-brazil/,fapesb-editais,,2026-08-26T00:17:46Z,2026-08-26T00:12:06Z,2026-08-26T00:17:46Z,0.55
candidate-358966b9c0fc12b0,CHAMADA GCUB – MOB Nº 2026/2027 – PROGRAMA DE MOBILIDADE INTERNACIONAL DO GCUB (GCUB-MOB) -,Candidate observed on an official source page; detail verification pending.,FAPESB,opportunity_candidate,"[""sustainability"", ""research"", ""innovation""]",[],[],{},,UNKNOWN,https://www.fapesb.ba.gov.br/chamada-gcub-mob-no-20262027-programa-de-mobilidade-internacional-do-gcub-gcub-mob/,fapesb-editais,,2026-08-26T00:17:46Z,2026-08-26T00:12:06Z,2026-08-26T00:17:46Z,0.55
candidate-182e2aff4155e9a3,"EDITAL DE SELEÇÃO PÚBLICA Nº 017/ 2026 Subvenção Econômica à Pesquisa,Desenvolvimento e Inovação (P,D&I) Soluções de Sistemas Inteligentes para a Administração Estadual – Rodada 2 -",Candidate observed on an official source page; detail verification pending.,FAPESB,opportunity_candidate,"[""sustainability"", ""research"", ""innovation""]",[],[],{},,UNKNOWN,https://www.fapesb.ba.gov.br/edital-de-selecao-publica-no-017-2026-subvencao-economica-a-pesquisadesenvolvimento-e-inovacao-pdi-solucoes-de-sistemas-inteligentes-para-a-administracao-estadual-rodada-2/,fapesb-editais,,2026-08-26T00:17:46Z,2026-08-26T00:12:06Z,2026-08-26T00:17:46Z,0.55
candidate-68d37597c0e0f517,EDITAL FAPESB/SECTI/IEL nº 004/2026 – Chamada Estratégica FAPESB/SECTI/IEL -,Candidate observed on an official source page; detail verification pending.,FAPESB,opportunity_candidate,"[""sustainability"", ""research"", ""innovation""]",[],[],{},,UNKNOWN,https://www.fapesb.ba.gov.br/edital-fapesbsectiiel-no-0042026-chamada-estrategica-fapesbsectiiel/,fapesb-editais,,2026-08-26T00:17:46Z,2026-08-26T00:12:06Z,2026-08-26T00:17:46Z,0.55
candidate-68d58b4a827648f7,Programa de Bolsas,Candidate observed on an official source page; detail verification pending.,FAPESB,opportunity_candidate,"[""sustainability"", ""research"", ""innovation""]",[],[],{},,UNKNOWN,https://www.fapesb.ba.gov.br/programa-de-bolsas,fapesb-editais,,2026-08-26T00:17:46Z,2026-08-26T00:12:06Z,2026-08-26T00:17:46Z,0.55
candidate-b4dad927afaddd36,A FAPESB,Candidate observed on an official source page; detail verification pending.,FAPESB,opportunity_candidate,"[""sustainability"", ""research"", ""innovation""]",[],[],{},,UNKNOWN,https://www.fapesb.ba.gov.br/category/edital/,fapesb-editais,,2026-08-26T00:17:46Z,2026-08-26T00:12:06Z,2026-08-26T00:17:46Z,0.55
candidate-ac0d0e259285f0e1,CHAMADA CDTI ESPANHA (2026-2027) – DIRETRIZES ESPECÍFICAS DA FAPESB -,Candidate observed on an official source page; detail verification pending.,FAPESB,opportunity_candidate,"[""sustainability"", ""research"", ""innovation""]",[],[],{},,UNKNOWN,https://www.fapesb.ba.gov.br/chamada-cdti-espanha-2026-2027-diretrizes-especificas-da-fapesb/,fapesb-editais,,2026-08-26T00:17:46Z,2026-08-26T00:12:06Z,2026-08-26T00:17:46Z,0.55
candidate-a25322805a24e280,Chamada Fundação de Amparo à Pesquisa da Bahia/SECTI/SEMA/FGB nº 01/2026 -,Candidate observed on an official source page; detail verification pending.,FAPESB,opportunity_candidate,"[""sustainability"", ""research"", ""innovation""]",[],[],{},,UNKNOWN,https://www.fapesb.ba.gov.br/chamada-fundacao-de-amparo-a-pesquisa-da-bahiasectisemafgb-no-012026/,fapesb-editais,,2026-08-26T00:17:46Z,2026-08-26T00:12:06Z,2026-08-26T00:17:46Z,0.55
candidate-719783d5a2365ec1,Clique aqui.,Candidate observed on an official source page; detail verification pending.,FAPESB,opportunity_candidate,"[""sustainability"", ""research"", ""innovation""]",[],[],{},,UNKNOWN,https://www.fapesb.ba.gov.br/edital-fapesbsectisdr-no-152023,fapesb-editais,,2026-08-26T00:17:46Z,2026-08-26T00:12:06Z,2026-08-26T00:17:46Z,0.55
candidate-354965e8537b2a44,DIRETRIZES ESPECÍFICAS DA FAPESB – 1ª CHAMADA DA PARCERIA DE MATÉRIAS- PRIMAS PARA A TRANSIÇÃO VERDE E DIGITAL (RAMP) 2026-2027 -,Candidate observed on an official source page; detail verification pending.,FAPESB,opportunity_candidate,"[""sustainability"", ""research"", ""innovation""]",[],[],{},,UNKNOWN,https://www.fapesb.ba.gov.br/diretrizes-especificas-da-fapesb-1a-chamada-da-parceria-de-materias-primas-para-a-transicao-verde-e-digital-ramp-2026-2027/,fapesb-editais,,2026-08-26T00:17:46Z,2026-08-26T00:12:06Z,2026-08-26T00:17:46Z,0.55
candidate-03d6667b1fc0a76a,DIRETRIZES ESPECÍFICAS DA FAPESB – CHAMADA 2026 CONFAP – BRASILLINOIS -,Candidate observed on an official source page; detail verification pending.,FAPESB,opportunity_candidate,"[""sustainability"", ""research"", ""innovation""]",[],[],{},,UNKNOWN,https://www.fapesb.ba.gov.br/diretrizes-especificas-da-fapesb-chamada-2026-confap-brasillinois/,fapesb-editais,,2026-08-26T00:17:46Z,2026-08-26T00:12:06Z,2026-08-26T00:17:46Z,0.55
candidate-7e844135d11c6422,DIRETRIZES ESPECÍFICAS DA FAPESB – CHAMADA MOBILITY CONFAP ITALY 2026 -,Candidate observed on an official source page; detail verification pending.,FAPESB,opportunity_candidate,"[""sustainability"", ""research"", ""innovation""]",[],[],{},,UNKNOWN,https://www.fapesb.ba.gov.br/diretrizes-especificas-da-fapesb-chamada-mobility-confap-italy-2026/,fapesb-editais,,2026-08-26T00:17:46Z,2026-08-26T00:12:06Z,2026-08-26T00:17:46Z,0.55
candidate-dd49c46e8eb2444c,"EDITAL FAPESB No 018/2026 – APOIO À PUBLICAÇÃO CIENTÍFICA, TECNOLÓGICA OU DE POPULARIZAÇÃO DAS CIÊNCIAS -",Candidate observed on an official source page; detail verification pending.,FAPESB,opportunity_candidate,"[""sustainability"", ""research"", ""innovation""]",[],[],{},,UNKNOWN,https://www.fapesb.ba.gov.br/edital-fapesb-no-0182026-apoio-a-publicacao-cientifica-tecnologica-ou-de-popularizacao-das-ciencias/,fapesb-editais,,2026-08-26T00:17:46Z,2026-08-26T00:12:06Z,2026-08-26T00:17:46Z,0.55
candidate-f5da940f6fb93fd1,EDITAL FAPESB N° 05/2026 MOVE 2026 – PARTICIPAÇÃO DE PESQUISADORES EM EVENTOS NO EXTERIOR -,Candidate observed on an official source page; detail verification pending.,FAPESB,opportunity_candidate,"[""sustainability"", ""research"", ""innovation""]",[],[],{},,UNKNOWN,https://www.fapesb.ba.gov.br/edital-fapesb-n-052026-move-2026-participacao-de-pesquisadores-em-eventos-no-exterior/,fapesb-editais,,2026-08-26T00:17:46Z,2026-08-26T00:12:06Z,2026-08-26T00:17:46Z,0.55
candidate-951c8598df26ae3d,EDITAL FAPESB/SECTI nº 003/2026 – Apoio a Pesquisas e Inovações para a Defesa Nacional e a Segurança Pública -,Candidate observed on an official source page; detail verification pending.,FAPESB,opportunity_candidate,"[""sustainability"", ""research"", ""innovation""]",[],[],{},,UNKNOWN,https://www.fapesb.ba.gov.br/edital-fapesbsecti-no-0032026-apoio-a-pesquisas-e-inovacoes-para-a-defesa-nacional-e-a-seguranca-publica/,fapesb-editais,,2026-08-26T00:17:46Z,2026-08-26T00:12:06Z,2026-08-26T00:17:46Z,0.55
candidate-921a190dccaf3a05,EDITAL FAPESB/SECTI – Nº 010/2026 – UNIVERSAL -,Candidate observed on an official source page; detail verification pending.,FAPESB,opportunity_candidate,"[""sustainability"", ""research"", ""innovation""]",[],[],{},,UNKNOWN,https://www.fapesb.ba.gov.br/edital-fapesbsecti-no-0102026-universal/,fapesb-editais,,2026-08-26T00:17:46Z,2026-08-26T00:12:06Z,2026-08-26T00:17:46Z,0.55
candidate-d36b1aafc6953c85,EDITAL FAPESB/SECTI/CNPq/CAPES – No 11/2026 – PROFIX-CB -,Candidate observed on an official source page; detail verification pending.,FAPESB,opportunity_candidate,"[""sustainability"", ""research"", ""innovation""]",[],[],{},,UNKNOWN,https://www.fapesb.ba.gov.br/edital-fapesbsecticnpqcapes-no-112026-profix-cb/,fapesb-editais,,2026-08-26T00:17:46Z,2026-08-26T00:12:06Z,2026-08-26T00:17:46Z,0.55
candidate-0d06858638a5099a,EDITAL Nº 019/2026 – CIÊNCIA NA MESA 5: BASE DE DADOS E SISTEMAS DE INFORMAÇÕES PARA TOMADA DE DECISÃO EM SOBERANIA ALIMENTAR E NUTRICIONAL -,Candidate observed on an official source page; detail verification pending.,FAPESB,opportunity_candidate,"[""sustainability"", ""research"", ""innovation""]",[],[],{},,UNKNOWN,https://www.fapesb.ba.gov.br/edital-no-0192026-ciencia-na-mesa-5-base-de-dados-e-sistemas-de-informacoes-para-tomada-de-decisao-em-soberania-alimentar-e-nutricional/,fapesb-editais,,2026-08-26T00:17:46Z,2026-08-26T00:12:06Z,2026-08-26T00:17:46Z,0.55
candidate-8904a5dcda593775,Edital 009/2026 – Apoio a Organização de Eventos -,Candidate observed on an official source page; detail verification pending.,FAPESB,opportunity_candidate,"[""sustainability"", ""research"", ""innovation""]",[],[],{},,UNKNOWN,https://www.fapesb.ba.gov.br/edital-0092026-apoio-a-organizacao-de-eventos/,fapesb-editais,,2026-08-26T00:17:46Z,2026-08-26T00:12:06Z,2026-08-26T00:17:46Z,0.55
candidate-af5c3e86f01b1f22,Formulário Online,Candidate observed on an official source page; detail verification pending.,FAPESB,opportunity_candidate,"[""sustainability"", ""research"", ""innovation""]",[],[],{},,UNKNOWN,http://siga.fapesb.ba.gov.br/edital_19_2026/login.wsp,fapesb-editais,,2026-08-26T00:17:46Z,2026-08-26T00:12:06Z,2026-08-26T00:17:46Z,0.55
candidate-0841ed0bfb46631c,Formulário Online,Candidate observed on an official source page; detail verification pending.,FAPESB,opportunity_candidate,"[""sustainability"", ""research"", ""innovation""]",[],[],{},,UNKNOWN,http://siga.fapesb.ba.gov.br/edital_10_2026/login.wsp,fapesb-editais,,2026-08-26T00:17:46Z,2026-08-26T00:12:06Z,2026-08-26T00:17:46Z,0.55
candidate-00d46a2cf2aae83a,Formulário Online,Candidate observed on an official source page; detail verification pending.,FAPESB,opportunity_candidate,"[""sustainability"", ""research"", ""innovation""]",[],[],{},,UNKNOWN,http://siga.fapesb.ba.gov.br/edital_9_2026/login.wsp,fapesb-editais,,2026-08-26T00:17:46Z,2026-08-26T00:12:06Z,2026-08-26T00:17:46Z,0.55
candidate-909eb07883e647df,clique Aqui.,Candidate observed on an official source page; detail verification pending.,FAPESB,opportunity_candidate,"[""sustainability"", ""research"", ""innovation""]",[],[],{},,UNKNOWN,https://www.fapesb.ba.gov.br/edital-fapesb-no-0042023-ppp/,fapesb-editais,,2026-08-26T00:17:46Z,2026-08-26T00:12:06Z,2026-08-26T00:17:46Z,0.55
candidate-1d65ce0e3240c5a6,clique aqui.,Candidate observed on an official source page; detail verification pending.,FAPESB,opportunity_candidate,"[""sustainability"", ""research"", ""innovation""]",[],[],{},,UNKNOWN,https://www.fapesb.ba.gov.br/wp-content/uploads/2019/08/ERRATA_1__Edital_IEL-04.2026.pdf,fapesb-editais,,2026-08-26T00:17:46Z,2026-08-26T00:12:06Z,2026-08-26T00:17:46Z,0.55
candidate-4d388fc6485670f5,clique aqui.,Candidate observed on an official source page; detail verification pending.,FAPESB,opportunity_candidate,"[""sustainability"", ""research"", ""innovation""]",[],[],{},,UNKNOWN,https://www.fapesb.ba.gov.br/wp-content/uploads/2019/08/ERRATA_06___EDITAL_FAPESB_027_2025__1_-1.pdf,fapesb-editais,,2026-08-26T00:17:46Z,2026-08-26T00:12:06Z,2026-08-26T00:17:46Z,0.55
candidate-f24098ccbf3d80a1,clique aqui.,Candidate observed on an official source page; detail verification pending.,FAPESB,opportunity_candidate,"[""sustainability"", ""research"", ""innovation""]",[],[],{},,UNKNOWN,https://www.fapesb.ba.gov.br/wp-content/uploads/2019/08/PROJETO-COMPLEMENTAR-OBRIGATORIO.docx,fapesb-editais,,2026-08-26T00:17:46Z,2026-08-26T00:12:06Z,2026-08-26T00:17:46Z,0.55
candidate-228396b05a233163,clique aqui.,Candidate observed on an official source page; detail verification pending.,FAPESB,opportunity_candidate,"[""sustainability"", ""research"", ""innovation""]",[],[],{},,UNKNOWN,https://www.fapesb.ba.gov.br/edital-no-0202023-ciencia-na-mesa-2-incubadoras-para-cooperativas-e-associacoes-populares-e-empreendimentos-economicos-solidarios-de-base-tecnologica/,fapesb-editais,,2026-08-26T00:17:46Z,2026-08-26T00:12:06Z,2026-08-26T00:17:46Z,0.55
candidate-71a5f56ddca2506e,• Bolsas Projeto,Candidate observed on an official source page; detail verification pending.,FAPESB,opportunity_candidate,"[""sustainability"", ""research"", ""innovation""]",[],[],{},,UNKNOWN,https://www.fapesb.ba.gov.br/category/bolsa/,fapesb-editais,,2026-08-26T00:17:46Z,2026-08-26T00:12:06Z,2026-08-26T00:17:46Z,0.55
candidate-5310244f5ac5b702,página da Chamada Pública no site do Funbio,Candidate observed on an official source page; detail verification pending.,BNDES,opportunity_candidate,"[""sustainability"", ""biodiversity"", ""water""]",[],[],{},,UNKNOWN,https://www.funbio.org.br/programas_e_projetos/florestaviva/eneva-edital-amazonas/?id=44248&subproject=1,bndes-floresta-viva,,2026-08-26T00:17:46Z,2026-08-26T00:12:06Z,2026-08-26T00:17:46Z,0.55
candidate-58e78b66476fb75c,página da Chamada Pública no site do Funbio,Candidate observed on an official source page; detail verification pending.,BNDES,opportunity_candidate,"[""sustainability"", ""biodiversity"", ""water""]",[],[],{},,UNKNOWN,https://www.funbio.org.br/programas_e_projetos/manguezaisdobrasil,bndes-floresta-viva,,2026-08-26T00:17:46Z,2026-08-26T00:12:06Z,2026-08-26T00:17:46Z,0.55
candidate-b250a8418672ea4c,Chamada Pública,Candidate observed on an official source page; detail verification pending.,BNDES,opportunity_candidate,"[""sustainability"", ""biodiversity"", ""water""]",[],[],{},,UNKNOWN,https://www.bndes.gov.br/wps/portal/site/home/desenvolvimento-sustentavel/parcerias/floresta-viva/floresta-viva/!ut/p/z1/xVVNl5owFP0rblzGhBAgdEc9VsePY52xVdl4AgRJK4SBiNN_3-hMW4eOOLadUzYkeTeX93LvC9CHS-hnrBIbpoTM2FbPV769dmb97sAjxphO5xay6fBjj1ILkxmGn6EP_TBTuUrgKsgiXq5FViqhduGRoY0SmfI20gGeVXJbiZRnSoJyVyo9YBXXkJwVIS8EK1t6xFqyVUO3nqHjrSx4qVirEhX7NQWH6SGbPBQRXDksciNsE8AJiwBxqA0YdRkIuRHHdmBwzjBc1MqjExvNbm0DWdhBtGtD_zTc_2ASHZ7334-m2KDYedqPzjweet3-BoDffPqLS_L4zektDud1oYIjYOyOegMyRePpjdlD3qA7tkhvZPRd8wnQcIYrnaRzFnBnw0Ul-B5-ymSRasvdnWgYcBySiADCQ0triEPgGowBy7VMMwpwZBICBwgOL6WgbSy-3N_7nvaqzBR_UHD5p2atBdcnwcN3cDHpTja6AqYSILJYwmXTDp36ZiuDx1bzssCkem_BY17worMr9HKiVF6-a6M22u_3nWPWnY2sOkGhV_JSd48s1CH3Uij-WMFLXIksddF1iro4NQfeOOfFITjAjCICzCAwAMFuDGioR5zREMWIRUbo1JX53eD_UpnrrpFr0GeEvYqi3ga1XjUb2uA1V1kzvY3flt56U_oJ-Uv64aWL9P_ZsPFv9rLtnmPyNKXmNyEE-HpL9_M42VbjeKKswNqk65_vnvnjpcPedzYOzGg!/dz/d5/L2dBISEvZ0FBIS9nQSEh/?1dmy&urile=wcm%3apath%3a%2Fbndes_institucional%2Fhome%2Fdesenvolvimento-sustentavel%2Fparcerias%2Bpara%2Bo%2Bdesenvolvimento%2Bsustentavel%2Ffloresta%2Bviva%2Ffloresta-viva-selecao-publica,bndes-floresta-viva,,2026-08-26T00:17:46Z,2026-08-26T00:12:06Z,2026-08-26T00:17:46Z,0.55
candidate-65814632955ca208,Floresta Viva – Bacia do Rio Xingu 2,Candidate observed on an official source page; detail verification pending.,BNDES,opportunity_candidate,"[""sustainability"", ""biodiversity"", ""water""]",[],[],{},,UNKNOWN,https://chamadas.funbio.org.br/bacia-do-rio-xingu-2,bndes-floresta-viva,,2026-08-26T00:17:46Z,2026-08-26T00:12:06Z,2026-08-26T00:17:46Z,0.55
candidate-1ba61f999517c01f,a página da chamada pública no site do Funbio,Candidate observed on an official source page; detail verification pending.,BNDES,opportunity_candidate,"[""sustainability"", ""biodiversity"", ""water""]",[],[],{},,UNKNOWN,https://chamadas.funbio.org.br/floresta-viva-piaui,bndes-floresta-viva,,2026-08-26T00:17:46Z,2026-08-26T00:12:06Z,2026-08-26T00:17:46Z,0.55
candidate-21f1995630704b62,https://chamadas.funbio.org.br/floresta-viva-beberibe,Candidate observed on an official source page; detail verification pending.,BNDES,opportunity_candidate,"[""sustainability"", ""biodiversity"", ""water""]",[],[],{},,UNKNOWN,https://chamadas.funbio.org.br/floresta-viva-beberibe,bndes-floresta-viva,,2026-08-26T00:17:46Z,2026-08-26T00:12:06Z,2026-08-26T00:17:46Z,0.55
candidate-83a988f745ab850b,https://chamadas.funbio.org.br/floresta-viva-pantanal,Candidate observed on an official source page; detail verification pending.,BNDES,opportunity_candidate,"[""sustainability"", ""biodiversity"", ""water""]",[],[],{},,UNKNOWN,https://chamadas.funbio.org.br/floresta-viva-pantanal,bndes-floresta-viva,,2026-08-26T00:17:46Z,2026-08-26T00:12:06Z,2026-08-26T00:17:46Z,0.55
candidate-e7807e0e73e7ecd3,https://chamadas.funbio.org.br/floresta-viva-paranaiba,Candidate observed on an official source page; detail verification pending.,BNDES,opportunity_candidate,"[""sustainability"", ""biodiversity"", ""water""]",[],[],{},,UNKNOWN,https://chamadas.funbio.org.br/floresta-viva-paranaiba,bndes-floresta-viva,,2026-08-26T00:17:46Z,2026-08-26T00:12:06Z,2026-08-26T00:17:46Z,0.55
candidate-e9b359f7bbb5bb6d,página da Chamada Pública no site do Funbio,Candidate observed on an official source page; detail verification pending.,BNDES,opportunity_candidate,"[""sustainability"", ""biodiversity"", ""water""]",[],[],{},,UNKNOWN,https://chamadas.funbio.org.br/floresta-viva-terras-indigenas,bndes-floresta-viva,,2026-08-26T00:17:46Z,2026-08-26T00:12:06Z,2026-08-26T00:17:46Z,0.55
candidate-a27bd85b135125dd,página da Chamada Pública no site do Funbio,Candidate observed on an official source page; detail verification pending.,BNDES,opportunity_candidate,"[""sustainability"", ""biodiversity"", ""water""]",[],[],{},,UNKNOWN,https://chamadas.funbio.org.br/florestas-do-rio-2,bndes-floresta-viva,,2026-08-26T00:17:46Z,2026-08-26T00:12:06Z,2026-08-26T00:17:46Z,0.55
candidate-958d78692a595b69,página da Chamada Pública no site do Funbio,Candidate observed on an official source page; detail verification pending.,BNDES,opportunity_candidate,"[""sustainability"", ""biodiversity"", ""water""]",[],[],{},,UNKNOWN,https://chamadas.funbio.org.br/conectando-paisagens-2,bndes-floresta-viva,,2026-08-26T00:17:46Z,2026-08-26T00:12:06Z,2026-08-26T00:17:46Z,0.55
candidate-dd9d051703754e1f,página da Chamada Pública no site do Funbio,Candidate observed on an official source page; detail verification pending.,BNDES,opportunity_candidate,"[""sustainability"", ""biodiversity"", ""water""]",[],[],{},,UNKNOWN,https://chamadas.funbio.org.br/florestas-do-rio,bndes-floresta-viva,,2026-08-26T00:17:46Z,2026-08-26T00:12:06Z,2026-08-26T00:17:46Z,0.55
candidate-fde0194a802404ca,página da Chamada Pública no site do Funbio,Candidate observed on an official source page; detail verification pending.,BNDES,opportunity_candidate,"[""sustainability"", ""biodiversity"", ""water""]",[],[],{},,UNKNOWN,https://chamadas.funbio.org.br/floresta-viva-caatinga,bndes-floresta-viva,,2026-08-26T00:17:46Z,2026-08-26T00:12:06Z,2026-08-26T00:17:46Z,0.55
candidate-25ac00c2d0359ca3,página da Chamada Pública no site do Funbio,Candidate observed on an official source page; detail verification pending.,BNDES,opportunity_candidate,"[""sustainability"", ""biodiversity"", ""water""]",[],[],{},,UNKNOWN,https://chamadas.funbio.org.br/restauracao-ecologica-no-sudeste-paranaense,bndes-floresta-viva,,2026-08-26T00:17:46Z,2026-08-26T00:12:06Z,2026-08-26T00:17:46Z,0.55
candidate-793972eca7105485,página da Chamada Pública no site do Funbio,Candidate observed on an official source page; detail verification pending.,BNDES,opportunity_candidate,"[""sustainability"", ""biodiversity"", ""water""]",[],[],{},,UNKNOWN,https://chamadas.funbio.org.br/floresta-viva-conectando-paisagens,bndes-floresta-viva,,2026-08-26T00:17:46Z,2026-08-26T00:12:06Z,2026-08-26T00:17:46Z,0.55
candidate-c2dd62f361770eb6,página da Chamada Pública no site do Funbio,Candidate observed on an official source page; detail verification pending.,BNDES,opportunity_candidate,"[""sustainability"", ""biodiversity"", ""water""]",[],[],{},,UNKNOWN,https://chamadas.funbio.org.br/floresta-viva-corredores-de-biodiversidade,bndes-floresta-viva,,2026-08-26T00:17:46Z,2026-08-26T00:12:06Z,2026-08-26T00:17:46Z,0.55
candidate-734e734a90617ecd,página da Chamada Pública no site do Funbio,Candidate observed on an official source page; detail verification pending.,BNDES,opportunity_candidate,"[""sustainability"", ""biodiversity"", ""water""]",[],[],{},,UNKNOWN,https://chamadas.funbio.org.br/floresta-viva-restauracao-bacia-do-rio-xingu,bndes-floresta-viva,,2026-08-26T00:17:46Z,2026-08-26T00:12:06Z,2026-08-26T00:17:46Z,0.55
candidate-8ebbbe132bcdb8c8,12.2 Disponibilização das Bases de Dados Programadas para Abertura no PDA do Órgão,Candidate observed on an official source page; detail verification pending.,Ministério do Meio Ambiente,opportunity_candidate,"[""sustainability"", ""conservation"", ""biodiversity""]",[],[],{},,UNKNOWN,https://www.gov.br/mma/pt-br/acesso-a-informacao/dados-abertos/12-2-disponibilizacao-das-bases-de-dados-programadas-para-abertura-no-pda-do-orgao,mma-fnma,,2026-08-26T00:17:46Z,2026-08-26T00:12:06Z,2026-08-26T00:17:46Z,0.55
candidate-5218eaa14698b67d,2. Ações e Programas,Candidate observed on an official source page; detail verification pending.,Ministério do Meio Ambiente,opportunity_candidate,"[""sustainability"", ""conservation"", ""biodiversity""]",[],[],{},,UNKNOWN,https://www.gov.br/mma/pt-br/acesso-a-informacao/acoes-e-programas,mma-fnma,,2026-08-26T00:17:46Z,2026-08-26T00:12:06Z,2026-08-26T00:17:46Z,0.55
candidate-997bfd66cf62d427,2.2 Carta de Serviços,Candidate observed on an official source page; detail verification pending.,Ministério do Meio Ambiente,opportunity_candidate,"[""sustainability"", ""conservation"", ""biodiversity""]",[],[],{},,UNKNOWN,https://www.gov.br/mma/pt-br/acesso-a-informacao/acoes-e-programas/carta-de-servicos,mma-fnma,,2026-08-26T00:17:46Z,2026-08-26T00:12:06Z,2026-08-26T00:17:46Z,0.55
candidate-990c99b0c3938904,2.3. Concessões de Recurso Financeiros ou Renúncias de Receitas,Candidate observed on an official source page; detail verification pending.,Ministério do Meio Ambiente,opportunity_candidate,"[""sustainability"", ""conservation"", ""biodiversity""]",[],[],{},,UNKNOWN,https://www.gov.br/mma/pt-br/acesso-a-informacao/acoes-e-programas/2-3-concessoes-de-recurso-financeiros-ou-renuncias-de-receitas,mma-fnma,,2026-08-26T00:17:46Z,2026-08-26T00:12:06Z,2026-08-26T00:17:46Z,0.55
candidate-0ee1e864e736da40,2.4 Governança,Candidate observed on an official source page; detail verification pending.,Ministério do Meio Ambiente,opportunity_candidate,"[""sustainability"", ""conservation"", ""biodiversity""]",[],[],{},,UNKNOWN,https://www.gov.br/mma/pt-br/acesso-a-informacao/acoes-e-programas/governanca,mma-fnma,,2026-08-26T00:17:46Z,2026-08-26T00:12:06Z,2026-08-26T00:17:46Z,0.55
candidate-05e4b131a0b63fc9,2.5 Unidades Responsáveis,Candidate observed on an official source page; detail verification pending.,Ministério do Meio Ambiente,opportunity_candidate,"[""sustainability"", ""conservation"", ""biodiversity""]",[],[],{},,UNKNOWN,https://www.gov.br/mma/pt-br/acesso-a-informacao/acoes-e-programas/unidades-responsaveis,mma-fnma,,2026-08-26T00:17:46Z,2026-08-26T00:12:06Z,2026-08-26T00:17:46Z,0.55
candidate-0cff674ac5e5d81f,Acompanhamento do Programa de Gestão e Desempenho no MMA,Candidate observed on an official source page; detail verification pending.,Ministério do Meio Ambiente,opportunity_candidate,"[""sustainability"", ""conservation"", ""biodiversity""]",[],[],{},,UNKNOWN,https://www.gov.br/mma/pt-br/acesso-a-informacao/8-servidores-ou-empregados-publicos/copy_of_acompanhamento-de-trabalho-remoto-e-presencial-do-mma,mma-fnma,,2026-08-26T00:17:46Z,2026-08-26T00:12:06Z,2026-08-26T00:17:46Z,0.55
candidate-45497c2a28369a4a,Conheça o Programa de Gestão e Desempenho do MMA,Candidate observed on an official source page; detail verification pending.,Ministério do Meio Ambiente,opportunity_candidate,"[""sustainability"", ""conservation"", ""biodiversity""]",[],[],{},,UNKNOWN,https://www.gov.br/mma/pt-br/acesso-a-informacao/programa-de-gestao-e-desempenho-pgd/conheca-o-programa-de-gestao-e-desempenho-do-mma,mma-fnma,,2026-08-26T00:17:46Z,2026-08-26T00:12:06Z,2026-08-26T00:17:46Z,0.55
candidate-2fedc34ea6081b57,Normativos,Candidate observed on an official source page; detail verification pending.,Ministério do Meio Ambiente,opportunity_candidate,"[""sustainability"", ""conservation"", ""biodiversity""]",[],[],{},,UNKNOWN,https://www.gov.br/mma/pt-br/acesso-a-informacao/programa-de-gestao-e-desempenho-pgd/normativos,mma-fnma,,2026-08-26T00:17:46Z,2026-08-26T00:12:06Z,2026-08-26T00:17:46Z,0.55
candidate-ae295ef4c94b211b,O que temos para você,Candidate observed on an official source page; detail verification pending.,Ministério do Meio Ambiente,opportunity_candidate,"[""sustainability"", ""conservation"", ""biodiversity""]",[],[],{},,UNKNOWN,https://www.gov.br/mma/pt-br/acesso-a-informacao/programa-de-gestao-e-desempenho-pgd/o-que-temos-para-voce,mma-fnma,,2026-08-26T00:17:46Z,2026-08-26T00:12:06Z,2026-08-26T00:17:46Z,0.55
candidate-53c733899f898d38,Painel PGD,Candidate observed on an official source page; detail verification pending.,Ministério do Meio Ambiente,opportunity_candidate,"[""sustainability"", ""conservation"", ""biodiversity""]",[],[],{},,UNKNOWN,https://www.gov.br/mma/pt-br/acesso-a-informacao/programa-de-gestao-e-desempenho-pgd/painel-pgd,mma-fnma,,2026-08-26T00:17:46Z,2026-08-26T00:12:06Z,2026-08-26T00:17:46Z,0.55
candidate-bd4611b9131e22dc,Perguntas Frequentes,Candidate observed on an official source page; detail verification pending.,Ministério do Meio Ambiente,opportunity_candidate,"[""sustainability"", ""conservation"", ""biodiversity""]",[],[],{},,UNKNOWN,https://www.gov.br/mma/pt-br/acesso-a-informacao/programa-de-gestao-e-desempenho-pgd/perguntas-frequentes,mma-fnma,,2026-08-26T00:17:46Z,2026-08-26T00:12:06Z,2026-08-26T00:17:46Z,0.55
candidate-21eaec0730cd0ddb,Programa de Gestão e Desempenho (PGD),Candidate observed on an official source page; detail verification pending.,Ministério do Meio Ambiente,opportunity_candidate,"[""sustainability"", ""conservation"", ""biodiversity""]",[],[],{},,UNKNOWN,https://www.gov.br/mma/pt-br/acesso-a-informacao/programa-de-gestao-e-desempenho-pgd,mma-fnma,,2026-08-26T00:17:46Z,2026-08-26T00:12:06Z,2026-08-26T00:17:46Z,0.55
candidate-3b51adf8ef4a06b7,Comitê Gestor do Fundo Nacional sobre Mudança do Clima,Candidate observed on an official source page; detail verification pending.,Ministério do Meio Ambiente,opportunity_candidate,"[""sustainability"", ""conservation"", ""biodiversity""]",[],[],{},,UNKNOWN,https://www.gov.br/mma/pt-br/acesso-a-informacao/apoio-a-projetos/fundo-nacional-sobre-mudanca-do-clima,mma-fnma,,2026-08-26T00:17:46Z,2026-08-26T00:12:06Z,2026-08-26T00:17:46Z,0.55
candidate-e26fc3ae27d548e3,Conselho Nacional dos Povos e Comunidades Tradicionais - CNPCT,Candidate observed on an official source page; detail verification pending.,Ministério do Meio Ambiente,opportunity_candidate,"[""sustainability"", ""conservation"", ""biodiversity""]",[],[],{},,UNKNOWN,https://www.gov.br/mma/pt-br/composicao/snpct/dpct/edital-de-eleicoes-do-conselho-nacional-de-povos-e-comunidades-tradicionais,mma-fnma,,2026-08-26T00:17:46Z,2026-08-26T00:12:06Z,2026-08-26T00:17:46Z,0.55
candidate-a32e55088e512269,Edital FNMA 1/2026 – Iniciativa ArborizaCidades,Candidate observed on an official source page; detail verification pending.,Ministério do Meio Ambiente,opportunity_candidate,"[""sustainability"", ""conservation"", ""biodiversity""]",[],[],{},,UNKNOWN,https://www.gov.br/mma/pt-br/composicao/secex/dfre/fundo-nacional-do-meio-ambiente/editais-e-termos-de-referencia-1/edital-fnma-1-de-2026-iniciativa-arborizacidades.pdf,mma-fnma,,2026-08-26T00:17:46Z,2026-08-26T00:12:06Z,2026-08-26T00:17:46Z,0.55
candidate-c1760466445b37aa,Fundo Nacional do Meio Ambiente,Candidate observed on an official source page; detail verification pending.,Ministério do Meio Ambiente,opportunity_candidate,"[""sustainability"", ""conservation"", ""biodiversity""]",[],[],{},,UNKNOWN,https://www.gov.br/mma/pt-br/acesso-a-informacao/apoio-a-projetos/fundo-nacional-do-meio-ambiente/conselho-deliberativo,mma-fnma,,2026-08-26T00:17:46Z,2026-08-26T00:12:06Z,2026-08-26T00:17:46Z,0.55
candidate-262e840e264f7f70,Oportunidades de Estágio,Candidate observed on an official source page; detail verification pending.,Ministério do Meio Ambiente,opportunity_candidate,"[""sustainability"", ""conservation"", ""biodiversity""]",[],[],{},,UNKNOWN,https://www.gov.br/mma/pt-br/acesso-a-informacao/oportunidades-de-estagio,mma-fnma,,2026-08-26T00:17:46Z,2026-08-26T00:12:06Z,2026-08-26T00:17:46Z,0.55
candidate-395d81bc02345e69,Oportunidades de estágio 2026,Candidate observed on an official source page; detail verification pending.,Ministério do Meio Ambiente,opportunity_candidate,"[""sustainability"", ""conservation"", ""biodiversity""]",[],[],{},,UNKNOWN,https://www.gov.br/mma/pt-br/acesso-a-informacao/oportunidades-de-estagio/oportunidade-de-estagio-2026,mma-fnma,,2026-08-26T00:17:46Z,2026-08-26T00:12:06Z,2026-08-26T00:17:46Z,0.55
candidate-dadea4c898328953,Retificação,Candidate observed on an official source page; detail verification pending.,Ministério do Meio Ambiente,opportunity_candidate,"[""sustainability"", ""conservation"", ""biodiversity""]",[],[],{},,UNKNOWN,https://www.gov.br/mma/pt-br/composicao/secex/dfre/fundo-nacional-do-meio-ambiente/editais-e-termos-de-referencia-1/RetificaodoEditaln01de2026IniciativaArborizaCidades.pdf,mma-fnma,,2026-08-26T00:17:46Z,2026-08-26T00:12:06Z,2026-08-26T00:17:46Z,0.55
candidate-4da80baf71310e3b,Serviços para Imigrantes,Candidate observed on an official source page; detail verification pending.,Ministério do Meio Ambiente,opportunity_candidate,"[""sustainability"", ""conservation"", ""biodiversity""]",[],[],{},,UNKNOWN,https://www.gov.br/pt-br/temas/servicos-para-imigrantes,mma-fnma,,2026-08-26T00:17:46Z,2026-08-26T00:12:06Z,2026-08-26T00:17:46Z,0.55
candidate-2d2619f885d1c121,Edital 2015,Candidate observed on an official source page; detail verification pending.,Ministério do Meio Ambiente,opportunity_candidate,"[""sustainability"", ""climate"", ""financing""]",[],[],{},,UNKNOWN,https://www.gov.br/mma/pt-br/composicao/secex/dfre/fundo-nacional-sobre-mudanca-do-clima/chamadas-editais-1/edital-2015,mma-fundo-clima,,2026-08-26T00:17:46Z,2026-08-26T00:12:06Z,2026-08-26T00:17:46Z,0.55
candidate-2251215bc55ba438,Edital 2018,Candidate observed on an official source page; detail verification pending.,Ministério do Meio Ambiente,opportunity_candidate,"[""sustainability"", ""climate"", ""financing""]",[],[],{},,UNKNOWN,https://www.gov.br/mma/pt-br/composicao/secex/dfre/fundo-nacional-sobre-mudanca-do-clima/chamadas-editais-1/edital-2018,mma-fundo-clima,,2026-08-26T00:17:46Z,2026-08-26T00:12:06Z,2026-08-26T00:17:46Z,0.55
candidate-22ea6a43eb0f785c,Edital 2022,Candidate observed on an official source page; detail verification pending.,Ministério do Meio Ambiente,opportunity_candidate,"[""sustainability"", ""climate"", ""financing""]",[],[],{},,UNKNOWN,https://www.gov.br/mma/pt-br/composicao/secex/dfre/fundo-nacional-sobre-mudanca-do-clima/chamadas-editais-1/edital-2022,mma-fundo-clima,,2026-08-26T00:17:46Z,2026-08-26T00:12:06Z,2026-08-26T00:17:46Z,0.55
candidate-7f5e420424a84536,Edital 2023,Candidate observed on an official source page; detail verification pending.,Ministério do Meio Ambiente,opportunity_candidate,"[""sustainability"", ""climate"", ""financing""]",[],[],{},,UNKNOWN,https://www.gov.br/mma/pt-br/composicao/secex/dfre/fundo-nacional-sobre-mudanca-do-clima/chamadas-editais-1/edital-2023,mma-fundo-clima,,2026-08-26T00:17:46Z,2026-08-26T00:12:06Z,2026-08-26T00:17:46Z,0.55
candidate-cc9bd1ac763cb01f,Edital 2025,Candidate observed on an official source page; detail verification pending.,Ministério do Meio Ambiente,opportunity_candidate,"[""sustainability"", ""climate"", ""financing""]",[],[],{},,UNKNOWN,https://www.gov.br/mma/pt-br/composicao/secex/dfre/fundo-nacional-sobre-mudanca-do-clima/chamadas-editais-1/edital-2024,mma-fundo-clima,,2026-08-26T00:17:46Z,2026-08-26T00:12:06Z,2026-08-26T00:17:46Z,0.55
candidate-546aa4003fe3eb20,Abrir menu principal de navegação,Candidate observed on an official source page; detail verification pending.,Ministério do Meio Ambiente,opportunity_candidate,"[""sustainability"", ""climate"", ""financing""]",[],[],{},,UNKNOWN,https://www.gov.br/mma/pt-br/composicao/secex/dfre/fundo-nacional-sobre-mudanca-do-clima/chamadas-editais-1,mma-fundo-clima,,2026-08-26T00:17:46Z,2026-08-26T00:12:06Z,2026-08-26T00:17:46Z,0.55
candidate-d9a14b0e6fb7f40d,Chamadas e editais 2013,Candidate observed on an official source page; detail verification pending.,Ministério do Meio Ambiente,opportunity_candidate,"[""sustainability"", ""climate"", ""financing""]",[],[],{},,UNKNOWN,https://www.gov.br/mma/pt-br/composicao/secex/dfre/fundo-nacional-sobre-mudanca-do-clima/chamadas-editais-1/chamadas-e-editais-2013,mma-fundo-clima,,2026-08-26T00:17:46Z,2026-08-26T00:12:06Z,2026-08-26T00:17:46Z,0.55
candidate-ea97d3c76436c5e9,Chamadas e editais 2014,Candidate observed on an official source page; detail verification pending.,Ministério do Meio Ambiente,opportunity_candidate,"[""sustainability"", ""climate"", ""financing""]",[],[],{},,UNKNOWN,https://www.gov.br/mma/pt-br/composicao/secex/dfre/fundo-nacional-sobre-mudanca-do-clima/chamadas-editais-1/chamadas-e-editais-2014,mma-fundo-clima,,2026-08-26T00:17:46Z,2026-08-26T00:12:06Z,2026-08-26T00:17:46Z,0.55
candidate-8808ec9fac0018f3,"Chamada CNPq/Decit-SCTIE-MS Nº 18/2026 - Avaliações de Políticas, Programas, Projetos e Ações em Saúde",Candidate observed on an official source page; detail verification pending.,CNPq,opportunity_candidate,"[""research"", ""innovation"", ""sustainability""]",[],[],{},,UNKNOWN,https://www.gov.br/cnpq/pt-br/chamadas/todas-as-chamadas/chamadas-2026/chamada-no-18-2026/chamada-publica-cnpq-N-18-2026,cnpq-chamadas,,2026-08-26T00:17:46Z,2026-08-26T00:12:06Z,2026-08-26T00:17:46Z,0.55
candidate-67649f26066e2f56,Chamada Pública CNPq N° 07/2026 - Programa Institucional de Bolsas de Pós-Graduação (PIBPG),Candidate observed on an official source page; detail verification pending.,CNPq,opportunity_candidate,"[""research"", ""innovation"", ""sustainability""]",[],[],{},,UNKNOWN,https://www.gov.br/cnpq/pt-br/chamadas/todas-as-chamadas/chamadas-2026/chamada-no-07-2026/chamada-publica-cnpq-N-07-2026,cnpq-chamadas,,2026-08-26T00:17:46Z,2026-08-26T00:12:06Z,2026-08-26T00:17:46Z,0.55
candidate-52327a124c1c1897,Chamada Pública CNPq/CAPES/MRE N° 16/2026 - Programa de Estudantes-Convênio de Pós-Graduação (PEC-PG),Candidate observed on an official source page; detail verification pending.,CNPq,opportunity_candidate,"[""research"", ""innovation"", ""sustainability""]",[],[],{},,UNKNOWN,https://www.gov.br/cnpq/pt-br/chamadas/todas-as-chamadas/chamadas-2026/chamada-no-16-2026/chamada-publica-cnpq-N-16-2026,cnpq-chamadas,,2026-08-26T00:17:46Z,2026-08-26T00:12:06Z,2026-08-26T00:17:46Z,0.55
candidate-8c13c225616e8c06,Chamada Pública CNPq/MCTI nº 15/2026 - Programa de Cooperação Afro-Brasileira em Ciência e Tecnologia - PROAFRICA,Candidate observed on an official source page; detail verification pending.,CNPq,opportunity_candidate,"[""research"", ""innovation"", ""sustainability""]",[],[],{},,UNKNOWN,https://www.gov.br/cnpq/pt-br/chamadas/todas-as-chamadas/chamadas-2026/chamada-no-15-2026/chamada-publica-cnpq-N-15-2026,cnpq-chamadas,,2026-08-26T00:17:46Z,2026-08-26T00:12:06Z,2026-08-26T00:17:46Z,0.55
candidate-9df5ecf2f99c8119,Chamada Pública CNPq/MMULHERES Nº 19/2026 PROGRAMA ASAS PARA O FUTURO,Candidate observed on an official source page; detail verification pending.,CNPq,opportunity_candidate,"[""research"", ""innovation"", ""sustainability""]",[],[],{},,UNKNOWN,https://www.gov.br/cnpq/pt-br/chamadas/todas-as-chamadas/chamadas-2026/chamada-no-19-2026/chamada-publica-cnpq-N-19-2026,cnpq-chamadas,,2026-08-26T00:17:46Z,2026-08-26T00:12:06Z,2026-08-26T00:17:46Z,0.55
candidate-494e0e7007371e2a,Chamada Pública MCTI/CNPq/MIR/MMulheres/MPI Nº 20/2026 Atlânticas - Programa Beatriz Nascimento de Mulheres na Ciência,Candidate observed on an official source page; detail verification pending.,CNPq,opportunity_candidate,"[""research"", ""innovation"", ""sustainability""]",[],[],{},,UNKNOWN,https://www.gov.br/cnpq/pt-br/chamadas/todas-as-chamadas/chamadas-2026/chamada-no-20-2026/chamada-publica-cnpq-N-20-2026,cnpq-chamadas,,2026-08-26T00:17:46Z,2026-08-26T00:12:06Z,2026-08-26T00:17:46Z,0.55
candidate-6642c8e3af7ae1ac,Chamamento Público CNPq/FNDCT/MCTI Nº 01/2026 Para Participação no Programa de Apoio à Popularização da Ciência nas Unidades da Federação,Candidate observed on an official source page; detail verification pending.,CNPq,opportunity_candidate,"[""research"", ""innovation"", ""sustainability""]",[],[],{},,UNKNOWN,https://www.gov.br/cnpq/pt-br/chamadas/todas-as-chamadas/chamadas-2026/chamamento-no-01-2026/chamamento-publico-01-2026,cnpq-chamadas,,2026-08-26T00:17:46Z,2026-08-26T00:12:06Z,2026-08-26T00:17:46Z,0.55
candidate-a960be1c45dcd1d1,Ações e Programas,Candidate observed on an official source page; detail verification pending.,CNPq,opportunity_candidate,"[""research"", ""innovation"", ""sustainability""]",[],[],{},,UNKNOWN,https://www.gov.br/cnpq/pt-br/acesso-a-informacao/acoes-e-programas,cnpq-chamadas,,2026-08-26T00:17:46Z,2026-08-26T00:12:06Z,2026-08-26T00:17:46Z,0.55
candidate-36501a2d802296aa,Carta de Serviços,Candidate observed on an official source page; detail verification pending.,CNPq,opportunity_candidate,"[""research"", ""innovation"", ""sustainability""]",[],[],{},,UNKNOWN,https://www.gov.br/cnpq/pt-br/acesso-a-informacao/acoes-e-programas/carta-de-servicos-06-25.pdf,cnpq-chamadas,,2026-08-26T00:17:46Z,2026-08-26T00:12:06Z,2026-08-26T00:17:46Z,0.55
candidate-c685382478fae984,Compartilhe por LinkedIn,Candidate observed on an official source page; detail verification pending.,CNPq,opportunity_candidate,"[""research"", ""innovation"", ""sustainability""]",[],[],{},,UNKNOWN,https://www.linkedin.com/shareArticle?mini=true&url=https://www.gov.br/cnpq/pt-br/assuntos/defeso-eleitoral/copy_of_veja-as-chamadas-com-inscricoes-abertas-no-cnpq&title=Veja%20as%20chamadas%20p%C3%BAblicas%20do%20CNPq%20com%20prazo%20aberto%20%C3%A0%20submiss%C3%A3o%20de%20propostas,cnpq-chamadas,,2026-08-26T00:17:46Z,2026-08-26T00:12:06Z,2026-08-26T00:17:46Z,0.55
candidate-7a86b20ed3444b82,Compartilhe por Twitter,Candidate observed on an official source page; detail verification pending.,CNPq,opportunity_candidate,"[""research"", ""innovation"", ""sustainability""]",[],[],{},,UNKNOWN,https://twitter.com/share?text=Veja%20as%20chamadas%20p%C3%BAblicas%20do%20CNPq%20com%20prazo%20aberto%20%C3%A0%20submiss%C3%A3o%20de%20propostas&url=https://www.gov.br/cnpq/resolveuid/c22d2c691d024c60bd605255a204f050,cnpq-chamadas,,2026-08-26T00:17:46Z,2026-08-26T00:12:06Z,2026-08-26T00:17:46Z,0.55
candidate-6f27a212962e9197,Governança,Candidate observed on an official source page; detail verification pending.,CNPq,opportunity_candidate,"[""research"", ""innovation"", ""sustainability""]",[],[],{},,UNKNOWN,https://www.gov.br/cnpq/pt-br/acesso-a-informacao/acoes-e-programas/governanca,cnpq-chamadas,,2026-08-26T00:17:46Z,2026-08-26T00:12:06Z,2026-08-26T00:17:46Z,0.55
candidate-e25f127678a2663c,Parcerias,Candidate observed on an official source page; detail verification pending.,CNPq,opportunity_candidate,"[""research"", ""innovation"", ""sustainability""]",[],[],{},,UNKNOWN,https://www.gov.br/cnpq/pt-br/acesso-a-informacao/acoes-e-programas/parcerias,cnpq-chamadas,,2026-08-26T00:17:46Z,2026-08-26T00:12:06Z,2026-08-26T00:17:46Z,0.55
candidate-688dabcd5a03cd26,Pioneiras da Ciência,Candidate observed on an official source page; detail verification pending.,CNPq,opportunity_candidate,"[""research"", ""innovation"", ""sustainability""]",[],[],{},,UNKNOWN,https://www.gov.br/cnpq/pt-br/acesso-a-informacao/acoes-e-programas/programas/mulher-e-ciencia/pioneiras-da-ciencia-1,cnpq-chamadas,,2026-08-26T00:17:46Z,2026-08-26T00:12:06Z,2026-08-26T00:17:46Z,0.55
candidate-877a06fd0b6882c6,Plataforma Lattes,Candidate observed on an official source page; detail verification pending.,CNPq,opportunity_candidate,"[""research"", ""innovation"", ""sustainability""]",[],[],{},,UNKNOWN,https://www.gov.br/cnpq/pt-br/acesso-a-informacao/acoes-e-programas/plataforma-lattes,cnpq-chamadas,,2026-08-26T00:17:46Z,2026-08-26T00:12:06Z,2026-08-26T00:17:46Z,0.55
candidate-b55cceaad2b5aedd,Programas,Candidate observed on an official source page; detail verification pending.,CNPq,opportunity_candidate,"[""research"", ""innovation"", ""sustainability""]",[],[],{},,UNKNOWN,https://www.gov.br/cnpq/pt-br/acesso-a-informacao/acoes-e-programas/programas,cnpq-chamadas,,2026-08-26T00:17:46Z,2026-08-26T00:12:06Z,2026-08-26T00:17:46Z,0.55
candidate-f4f0427b406169e7,Programas de Editorial,Candidate observed on an official source page; detail verification pending.,CNPq,opportunity_candidate,"[""research"", ""innovation"", ""sustainability""]",[],[],{},,UNKNOWN,https://www.gov.br/cnpq/pt-br/assuntos/popularizacao-da-ciencia/programa-editorial,cnpq-chamadas,,2026-08-26T00:17:46Z,2026-08-26T00:12:06Z,2026-08-26T00:17:46Z,0.55
candidate-ca2d84adeda026f2,Programas financiados pelo Fundo de Amparo ao Trabalhador,Candidate observed on an official source page; detail verification pending.,CNPq,opportunity_candidate,"[""research"", ""innovation"", ""sustainability""]",[],[],{},,UNKNOWN,https://www.gov.br/cnpq/pt-br/acesso-a-informacao/acoes-e-programas/programas-financiados-pelo-fundo-de-amparo-ao-trabalhador,cnpq-chamadas,,2026-08-26T00:17:46Z,2026-08-26T00:12:06Z,2026-08-26T00:17:46Z,0.55
candidate-16c8b1a786ff1818,Serviços,Candidate observed on an official source page; detail verification pending.,CNPq,opportunity_candidate,"[""research"", ""innovation"", ""sustainability""]",[],[],{},,UNKNOWN,https://www.gov.br/cnpq/pt-br/acesso-a-informacao/acoes-e-programas/servicos,cnpq-chamadas,,2026-08-26T00:17:46Z,2026-08-26T00:12:06Z,2026-08-26T00:17:46Z,0.55
candidate-8bae71ec4ec785d3,7ª Chamada pública MCTI/CNPq/BRICS-STI Nº 14/2026,Candidate observed on an official source page; detail verification pending.,CNPq,opportunity_candidate,"[""research"", ""innovation"", ""sustainability""]",[],[],{},,UNKNOWN,https://www.gov.br/cnpq/pt-br/chamadas/todas-as-chamadas/chamadas-2026/chamada-no-14-2026/chamada-publica-cnpq-N-14-2026,cnpq-chamadas,,2026-08-26T00:17:46Z,2026-08-26T00:12:06Z,2026-08-26T00:17:46Z,0.55
candidate-7e376d5554304bee,Abrir menu principal de navegação,Candidate observed on an official source page; detail verification pending.,CNPq,opportunity_candidate,"[""research"", ""innovation"", ""sustainability""]",[],[],{},,UNKNOWN,https://www.gov.br/cnpq/pt-br/assuntos/defeso-eleitoral/copy_of_veja-as-chamadas-com-inscricoes-abertas-no-cnpq,cnpq-chamadas,,2026-08-26T00:17:46Z,2026-08-26T00:12:06Z,2026-08-26T00:17:46Z,0.55
candidate-df98882d727b1d51,Chamada CNPq/FNDCT nº 06/2026 – UNIVERSAL,Candidate observed on an official source page; detail verification pending.,CNPq,opportunity_candidate,"[""research"", ""innovation"", ""sustainability""]",[],[],{},,UNKNOWN,https://www.gov.br/cnpq/pt-br/chamadas/todas-as-chamadas/chamadas-2026/chamada-no-06-2026/chamada-publica-cnpq-N-06-2026,cnpq-chamadas,,2026-08-26T00:17:46Z,2026-08-26T00:12:06Z,2026-08-26T00:17:46Z,0.55
candidate-dc09ae642fda3e7c,Chamada CNPq/MinC nº 17/2026 - Apoio ao funcionamento de incubadoras voltadas à Economia Criativa,Candidate observed on an official source page; detail verification pending.,CNPq,opportunity_candidate,"[""research"", ""innovation"", ""sustainability""]",[],[],{},,UNKNOWN,https://www.gov.br/cnpq/pt-br/chamadas/todas-as-chamadas/chamadas-2026/chamada-no-17-2026/chamada-publica-cnpq-N-17-2026,cnpq-chamadas,,2026-08-26T00:17:46Z,2026-08-26T00:12:06Z,2026-08-26T00:17:46Z,0.55
candidate-4c312115199511ce,Chamadas Abertas,Candidate observed on an official source page; detail verification pending.,CNPq,opportunity_candidate,"[""research"", ""innovation"", ""sustainability""]",[],[],{},,UNKNOWN,https://www.gov.br/cnpq/pt-br/chamadas/abertas-para-submissao,cnpq-chamadas,,2026-08-26T00:17:46Z,2026-08-26T00:12:06Z,2026-08-26T00:17:46Z,0.55
candidate-3f48513882e5b9a3,Chamadas em Análise,Candidate observed on an official source page; detail verification pending.,CNPq,opportunity_candidate,"[""research"", ""innovation"", ""sustainability""]",[],[],{},,UNKNOWN,https://www.gov.br/cnpq/pt-br/chamadas/analise-em-andamento,cnpq-chamadas,,2026-08-26T00:17:46Z,2026-08-26T00:12:06Z,2026-08-26T00:17:46Z,0.55
candidate-f69c924e3c7c6730,Compartilhe por Facebook,Candidate observed on an official source page; detail verification pending.,CNPq,opportunity_candidate,"[""research"", ""innovation"", ""sustainability""]",[],[],{},,UNKNOWN,http://www.facebook.com/sharer.php?u=https://www.gov.br/cnpq/pt-br/assuntos/defeso-eleitoral/copy_of_veja-as-chamadas-com-inscricoes-abertas-no-cnpq,cnpq-chamadas,,2026-08-26T00:17:46Z,2026-08-26T00:12:06Z,2026-08-26T00:17:46Z,0.55
candidate-9065d65ba70a7a2a,Compartilhe por WhatsApp,Candidate observed on an official source page; detail verification pending.,CNPq,opportunity_candidate,"[""research"", ""innovation"", ""sustainability""]",[],[],{},,UNKNOWN,https://api.whatsapp.com/send?text=https://www.gov.br/cnpq/pt-br/assuntos/defeso-eleitoral/copy_of_veja-as-chamadas-com-inscricoes-abertas-no-cnpq,cnpq-chamadas,,2026-08-26T00:17:46Z,2026-08-26T00:12:06Z,2026-08-26T00:17:46Z,0.55
candidate-8a7c6f8556c864f3,"Mapa de Fomento em Ciência, Tecnologia e Inovação - Bolsas e Projetos Vigentes",Candidate observed on an official source page; detail verification pending.,CNPq,opportunity_candidate,"[""research"", ""innovation"", ""sustainability""]",[],[],{},,UNKNOWN,https://www.gov.br/cnpq/pt-br/acesso-a-informacao/bolsas-e-auxilios/mapa-de-fomento-em-ciencia-tecnologia-e-inovacao,cnpq-chamadas,,2026-08-26T00:17:46Z,2026-08-26T00:12:06Z,2026-08-26T00:17:46Z,0.55
candidate-31d32e5ac90fc7f1,Resultados,Candidate observed on an official source page; detail verification pending.,CNPq,opportunity_candidate,"[""research"", ""innovation"", ""sustainability""]",[],[],{},,UNKNOWN,https://www.gov.br/cnpq/pt-br/chamadas/resultados-publicados,cnpq-chamadas,,2026-08-26T00:17:46Z,2026-08-26T00:12:06Z,2026-08-26T00:17:46Z,0.55
candidate-7f9057cba96257f6,Chamada Pública para Envio de Proposta de Curso Novo - Edital nº 20/2026,Candidate observed on an official source page; detail verification pending.,CAPES,opportunity_candidate,"[""research"", ""education"", ""innovation""]",[],[],{},,UNKNOWN,https://www.gov.br/capes/pt-br/centrais-de-conteudo/editais/edital_2844920.pdf/@@display-file/file,capes-editais,,2026-08-26T00:17:46Z,2026-08-26T00:12:06Z,2026-08-26T00:17:46Z,0.55
candidate-eff97b8786bdf420,Programa CAPES/Purdue para Projetos Conjuntos de Pesquisa,Candidate observed on an official source page; detail verification pending.,CAPES,opportunity_candidate,"[""research"", ""education"", ""innovation""]",[],[],{},,UNKNOWN,https://www.gov.br/capes/pt-br/acesso-a-informacao/acoes-e-programas/bolsas/bolsas-e-auxilios-internacionais/encontre-aqui/paises/estados-unidos/programa-capes-purdue-para-projetos-conjuntos-de-pesquisa,capes-editais,,2026-08-26T00:17:46Z,2026-08-26T00:12:06Z,2026-08-26T00:17:46Z,0.55
candidate-38ffcc5c9d88ba5c,Programa Capes/MES-Cuba - Projetos,Candidate observed on an official source page; detail verification pending.,CAPES,opportunity_candidate,"[""research"", ""education"", ""innovation""]",[],[],{},,UNKNOWN,https://www.gov.br/capes/pt-br/acesso-a-informacao/acoes-e-programas/bolsas/bolsas-e-auxilios-internacionais/encontre-aqui/paises/cuba/mes-projetos,capes-editais,,2026-08-26T00:17:46Z,2026-08-26T00:12:06Z,2026-08-26T00:17:46Z,0.55
candidate-6ecd945e76b129ca,"Programas, Projetos, Ações, Obras e Atividades",Candidate observed on an official source page; detail verification pending.,CAPES,opportunity_candidate,"[""research"", ""education"", ""innovation""]",[],[],{},,UNKNOWN,https://www.gov.br/capes/pt-br/acesso-a-informacao/programas-projetos-acoes-obras-e-atividades,capes-editais,,2026-08-26T00:17:46Z,2026-08-26T00:12:06Z,2026-08-26T00:17:46Z,0.55
candidate-35affdbdcc58d735,Projetos de Cooperação entre Instituições para Qualificação de Profissionais de Nível Superior (PCI),Candidate observed on an official source page; detail verification pending.,CAPES,opportunity_candidate,"[""research"", ""education"", ""innovation""]",[],[],{},,UNKNOWN,https://www.gov.br/capes/pt-br/acesso-a-informacao/acoes-e-programas/avaliacao/sistema-nacional-de-pos-graduacao-snpg/pci,capes-editais,,2026-08-26T00:17:46Z,2026-08-26T00:12:06Z,2026-08-26T00:17:46Z,0.55
candidate-77332c5e57c50bb0,Ações e Programas,Candidate observed on an official source page; detail verification pending.,CAPES,opportunity_candidate,"[""research"", ""education"", ""innovation""]",[],[],{},,UNKNOWN,https://www.gov.br/capes/pt-br/acesso-a-informacao/acoes-e-programas,capes-editais,,2026-08-26T00:17:46Z,2026-08-26T00:12:06Z,2026-08-26T00:17:46Z,0.55
candidate-f3c33cb3bc85841b,CAPES/CNJ - Apoio a Pesquisas Judiciárias Constitucionais,Candidate observed on an official source page; detail verification pending.,CAPES,opportunity_candidate,"[""research"", ""education"", ""innovation""]",[],[],{},,UNKNOWN,https://www.gov.br/capes/pt-br/acesso-a-informacao/acoes-e-programas/bolsas/programas-estrategicos/formacao-de-recursos-humanos-em-areas-estrategicas/capes-cnj-apoio-a-pesquisas-judiciarias-constitucionais,capes-editais,,2026-08-26T00:17:46Z,2026-08-26T00:12:06Z,2026-08-26T00:17:46Z,0.55
candidate-2208b06f333631e3,Plano Nacional de Formação de Professores da Educação Básica (Parfor),Candidate observed on an official source page; detail verification pending.,CAPES,opportunity_candidate,"[""research"", ""education"", ""innovation""]",[],[],{},,UNKNOWN,https://www.gov.br/capes/pt-br/acesso-a-informacao/acoes-e-programas/educacao-basica/parfor/parfor,capes-editais,,2026-08-26T00:17:46Z,2026-08-26T00:12:06Z,2026-08-26T00:17:46Z,0.55
candidate-f9a739dd14ad3e4b,Política de Novação para Bolsistas e Ex-bolsistas no Exterior,Candidate observed on an official source page; detail verification pending.,CAPES,opportunity_candidate,"[""research"", ""education"", ""innovation""]",[],[],{},,UNKNOWN,https://www.gov.br/capes/pt-br/acesso-a-informacao/acoes-e-programas/bolsas/bolsas-e-auxilios-internacionais/encontre-aqui/paises/multinacional/politica-de-novacao-para-bolsistas-e-ex-bolsistas-no-exterior,capes-editais,,2026-08-26T00:17:46Z,2026-08-26T00:12:06Z,2026-08-26T00:17:46Z,0.55
candidate-7c03a6ebac87d0e5,Programa AURORA - Continuidade da Trajetória de Mães Cientistas,Candidate observed on an official source page; detail verification pending.,CAPES,opportunity_candidate,"[""research"", ""education"", ""innovation""]",[],[],{},,UNKNOWN,https://www.gov.br/capes/pt-br/acesso-a-informacao/acoes-e-programas/bolsas/programas-estrategicos/programa-aurora,capes-editais,,2026-08-26T00:17:46Z,2026-08-26T00:12:06Z,2026-08-26T00:17:46Z,0.55
candidate-cba2a67a12ca8b23,Programa Bolsas para Pesquisa CAPES/Humboldt,Candidate observed on an official source page; detail verification pending.,CAPES,opportunity_candidate,"[""research"", ""education"", ""innovation""]",[],[],{},,UNKNOWN,https://www.gov.br/capes/pt-br/acesso-a-informacao/acoes-e-programas/bolsas/bolsas-e-auxilios-internacionais/encontre-aqui/paises/alemanha/programa-bolsas-para-pesquisa-capeshumboldt,capes-editais,,2026-08-26T00:17:46Z,2026-08-26T00:12:06Z,2026-08-26T00:17:46Z,0.55
candidate-097e197933625884,Programa CAPES/AUGM,Candidate observed on an official source page; detail verification pending.,CAPES,opportunity_candidate,"[""research"", ""education"", ""innovation""]",[],[],{},,UNKNOWN,https://www.gov.br/capes/pt-br/acesso-a-informacao/acoes-e-programas/bolsas/bolsas-e-auxilios-internacionais/encontre-aqui/paises/multinacional/programa-capes-augm,capes-editais,,2026-08-26T00:17:46Z,2026-08-26T00:12:06Z,2026-08-26T00:17:46Z,0.55
candidate-29b381538e0433a3,Programa CAPES/Brafitec,Candidate observed on an official source page; detail verification pending.,CAPES,opportunity_candidate,"[""research"", ""education"", ""innovation""]",[],[],{},,UNKNOWN,https://www.gov.br/capes/pt-br/acesso-a-informacao/acoes-e-programas/bolsas/bolsas-e-auxilios-internacionais/encontre-aqui/paises/franca/programa-capes-brafitec,capes-editais,,2026-08-26T00:17:46Z,2026-08-26T00:12:06Z,2026-08-26T00:17:46Z,0.55
candidate-ef65b6d40447a986,Programa CAPES/CLIMAT-AMSUD,Candidate observed on an official source page; detail verification pending.,CAPES,opportunity_candidate,"[""research"", ""education"", ""innovation""]",[],[],{},,UNKNOWN,https://www.gov.br/capes/pt-br/acesso-a-informacao/acoes-e-programas/bolsas/bolsas-e-auxilios-internacionais/encontre-aqui/paises/multinacional/programa-climat-amsud,capes-editais,,2026-08-26T00:17:46Z,2026-08-26T00:12:06Z,2026-08-26T00:17:46Z,0.55
candidate-7aad2c1d5f8d4406,Programa CAPES/Cofecub,Candidate observed on an official source page; detail verification pending.,CAPES,opportunity_candidate,"[""research"", ""education"", ""innovation""]",[],[],{},,UNKNOWN,https://www.gov.br/capes/pt-br/acesso-a-informacao/acoes-e-programas/bolsas/bolsas-e-auxilios-internacionais/encontre-aqui/paises/franca/cofecub,capes-editais,,2026-08-26T00:17:46Z,2026-08-26T00:12:06Z,2026-08-26T00:17:46Z,0.55
candidate-b0f23c0fdfe902e6,Programa CAPES/MATH-AMSUD,Candidate observed on an official source page; detail verification pending.,CAPES,opportunity_candidate,"[""research"", ""education"", ""innovation""]",[],[],{},,UNKNOWN,https://www.gov.br/capes/pt-br/acesso-a-informacao/acoes-e-programas/bolsas/bolsas-e-auxilios-internacionais/encontre-aqui/paises/multinacional/programa-math-amsud,capes-editais,,2026-08-26T00:17:46Z,2026-08-26T00:12:06Z,2026-08-26T00:17:46Z,0.55
candidate-6da7c5d3d4b4e1e5,Programa CAPES/MES-CUBA - Docentes,Candidate observed on an official source page; detail verification pending.,CAPES,opportunity_candidate,"[""research"", ""education"", ""innovation""]",[],[],{},,UNKNOWN,https://www.gov.br/capes/pt-br/acesso-a-informacao/acoes-e-programas/bolsas/bolsas-e-auxilios-internacionais/encontre-aqui/paises/cuba/mes-docentes,capes-editais,,2026-08-26T00:17:46Z,2026-08-26T00:12:06Z,2026-08-26T00:17:46Z,0.55
candidate-af5ce93fd9b14a9f,Programa CAPES/STIC-AMSUD,Candidate observed on an official source page; detail verification pending.,CAPES,opportunity_candidate,"[""research"", ""education"", ""innovation""]",[],[],{},,UNKNOWN,https://www.gov.br/capes/pt-br/acesso-a-informacao/acoes-e-programas/bolsas/bolsas-e-auxilios-internacionais/encontre-aqui/paises/multinacional/programa-stic-amsud-capes,capes-editais,,2026-08-26T00:17:46Z,2026-08-26T00:12:06Z,2026-08-26T00:17:46Z,0.55
candidate-bceaba6e490ba8c9,Programa CAPES/Universidade em Buffalo (CAPES/UB) - Professor Visitante,Candidate observed on an official source page; detail verification pending.,CAPES,opportunity_candidate,"[""research"", ""education"", ""innovation""]",[],[],{},,UNKNOWN,https://www.gov.br/capes/pt-br/acesso-a-informacao/acoes-e-programas/bolsas/bolsas-e-auxilios-internacionais/encontre-aqui/paises/estados-unidos/programa-capes-universidade-em-buffalo-capes-ub-professor-visitante,capes-editais,,2026-08-26T00:17:46Z,2026-08-26T00:12:06Z,2026-08-26T00:17:46Z,0.55
candidate-78e46626e0fa21cd,Programa Caminhos Amefricanos,Candidate observed on an official source page; detail verification pending.,CAPES,opportunity_candidate,"[""research"", ""education"", ""innovation""]",[],[],{},,UNKNOWN,https://www.gov.br/capes/pt-br/acesso-a-informacao/acoes-e-programas/bolsas/bolsas-e-auxilios-internacionais/encontre-aqui/paises/multinacional/programa-caminhos-amefricanos,capes-editais,,2026-08-26T00:17:46Z,2026-08-26T00:12:06Z,2026-08-26T00:17:46Z,0.55
candidate-95cabff25115187d,Programa Cátedra Jorge Amado,Candidate observed on an official source page; detail verification pending.,CAPES,opportunity_candidate,"[""research"", ""education"", ""innovation""]",[],[],{},,UNKNOWN,https://www.gov.br/capes/pt-br/acesso-a-informacao/acoes-e-programas/bolsas/bolsas-e-auxilios-internacionais/encontre-aqui/paises/cuba/programa-catedra-jorge-amado,capes-editais,,2026-08-26T00:17:46Z,2026-08-26T00:12:06Z,2026-08-26T00:17:46Z,0.55
candidate-5ec26c55a24c63b9,Programa Cátedra Maison du Brésil,Candidate observed on an official source page; detail verification pending.,CAPES,opportunity_candidate,"[""research"", ""education"", ""innovation""]",[],[],{},,UNKNOWN,https://www.gov.br/capes/pt-br/acesso-a-informacao/acoes-e-programas/bolsas/bolsas-e-auxilios-internacionais/encontre-aqui/paises/franca/programa-catedra-maison-du-bresil,capes-editais,,2026-08-26T00:17:46Z,2026-08-26T00:12:06Z,2026-08-26T00:17:46Z,0.55
candidate-974df32dd1ae1798,Programa OBEDUC-EI - Observatório da Educação Especial Inclusiva,Candidate observed on an official source page; detail verification pending.,CAPES,opportunity_candidate,"[""research"", ""education"", ""innovation""]",[],[],{},,UNKNOWN,https://www.gov.br/capes/pt-br/acesso-a-informacao/acoes-e-programas/educacao-basica/observatorio-da-educacao-especial-inclusiva-obeduc-ei,capes-editais,,2026-08-26T00:17:46Z,2026-08-26T00:12:06Z,2026-08-26T00:17:46Z,0.55
candidate-021ab30b3efcf531,Programa Rede de Pesquisa e Desenvolvimento da Amazônia Legal,Candidate observed on an official source page; detail verification pending.,CAPES,opportunity_candidate,"[""research"", ""education"", ""innovation""]",[],[],{},,UNKNOWN,https://www.gov.br/capes/pt-br/acesso-a-informacao/acoes-e-programas/bolsas/programas-estrategicos/desenvolvimento-regional/redes-de-pesquisa-e-desenvolvimento/programa-rede-de-pesquisa-e-desenvolvimento-da-amazonia-legal,capes-editais,,2026-08-26T00:17:46Z,2026-08-26T00:12:06Z,2026-08-26T00:17:46Z,0.55
candidate-90d7a6243e3b5233,Programa Rede de Pesquisa e Desenvolvimento da Região Nordeste,Candidate observed on an official source page; detail verification pending.,CAPES,opportunity_candidate,"[""research"", ""education"", ""innovation""]",[],[],{},,UNKNOWN,https://www.gov.br/capes/pt-br/acesso-a-informacao/acoes-e-programas/bolsas/programas-estrategicos/desenvolvimento-regional/redes-de-pesquisa-e-desenvolvimento/programa-rede-de-pesquisa-e-desenvolvimento-da-regiao-nordeste,capes-editais,,2026-08-26T00:17:46Z,2026-08-26T00:12:06Z,2026-08-26T00:17:46Z,0.55
candidate-e723a9803bf60810,Programa de Desenvolvimento Acadêmico Indígena (PDAI),Candidate observed on an official source page; detail verification pending.,CAPES,opportunity_candidate,"[""research"", ""education"", ""innovation""]",[],[],{},,UNKNOWN,https://www.gov.br/capes/pt-br/acesso-a-informacao/acoes-e-programas/bolsas/programas-estrategicos/desenvolvimento-regional/programa-de-desenvolvimento-academico-indigena-pdai,capes-editais,,2026-08-26T00:17:46Z,2026-08-26T00:12:06Z,2026-08-26T00:17:46Z,0.55
candidate-031ac19ab6a285bb,Programa de Desenvolvimento Profissional para Professores de Língua Inglesa nos Estados Unidos (PDPI),Candidate observed on an official source page; detail verification pending.,CAPES,opportunity_candidate,"[""research"", ""education"", ""innovation""]",[],[],{},,UNKNOWN,https://www.gov.br/capes/pt-br/acesso-a-informacao/acoes-e-programas/educacao-basica/programas-de-cooperacao-internacional-de-formacao-de-professores-da-educacao-basica/programa-de-desenvolvimento-profissional-para-professores-de-lingua-inglesa-nos-estados-unidos-pdpi,capes-editais,,2026-08-26T00:17:46Z,2026-08-26T00:12:06Z,2026-08-26T00:17:46Z,0.55
candidate-07827ed1c7e81eb2,Programa de Desenvolvimento da Pós-Graduação (PDPG) – Formação Profissional de Nutricionistas,Candidate observed on an official source page; detail verification pending.,CAPES,opportunity_candidate,"[""research"", ""education"", ""innovation""]",[],[],{},,UNKNOWN,https://www.gov.br/capes/pt-br/acesso-a-informacao/acoes-e-programas/bolsas/programas-estrategicos/formacao-de-recursos-humanos-em-areas-estrategicas/programa-de-desenvolvimento-da-pos-graduacao-pdpg-formacao-profissional-de-nutricionistas,capes-editais,,2026-08-26T00:17:46Z,2026-08-26T00:12:06Z,2026-08-26T00:17:46Z,0.55
candidate-d49ac07ae509e5fc,Programa de Doutorado-sanduíche no Exterior (PDSE),Candidate observed on an official source page; detail verification pending.,CAPES,opportunity_candidate,"[""research"", ""education"", ""innovation""]",[],[],{},,UNKNOWN,https://www.gov.br/capes/pt-br/acesso-a-informacao/acoes-e-programas/bolsas/bolsas-e-auxilios-internacionais/encontre-aqui/paises/multinacional/programa-de-doutorado-sanduiche-no-exterior-pdse,capes-editais,,2026-08-26T00:17:46Z,2026-08-26T00:12:06Z,2026-08-26T00:17:46Z,0.55
candidate-d8b267c8e7985550,Pé-de-meia Licenciaturas,Candidate observed on an official source page; detail verification pending.,CAPES,opportunity_candidate,"[""research"", ""education"", ""innovation""]",[],[],{},,UNKNOWN,https://www.gov.br/capes/pt-br/acesso-a-informacao/acoes-e-programas/educacao-basica/pe-de-meia-licenciaturas,capes-editais,,2026-08-26T00:17:46Z,2026-08-26T00:12:06Z,2026-08-26T00:17:46Z,0.55
candidate-c5a58fbbb176ff3e,Prêmio CAPES de Tese,Candidate observed on an official source page; detail verification pending.,CAPES,opportunity_candidate,"[""research"", ""education"", ""innovation""]",[],[],{},,UNKNOWN,https://www.gov.br/capes/pt-br/assuntos/premios/premio-capes-de-tese,capes-editais,,2026-08-26T00:17:46Z,2026-08-26T00:12:06Z,2026-08-26T00:17:46Z,0.55
candidate-9812bc1224b6540d,Programa Desafios da Amazônia (2026) - Novo!,Candidate observed on an official source page; detail verification pending.,BNDES / Fundo Amazônia,opportunity_candidate,"[""sustainability"", ""forest"", ""communities""]",[],[],{},,UNKNOWN,https://www.fundoamazonia.gov.br/pt/como-apresentar-projetos/chamadas-publicas/programa-desafios-da-amazonia/,fundo-amazonia,,2026-08-26T00:17:46Z,2026-08-26T00:12:06Z,2026-08-26T00:17:46Z,0.55
candidate-7e95d339dd8de285,Amazônia na Escola (2023),Candidate observed on an official source page; detail verification pending.,BNDES / Fundo Amazônia,opportunity_candidate,"[""sustainability"", ""forest"", ""communities""]",[],[],{},,UNKNOWN,https://www.fundoamazonia.gov.br/pt/como-apresentar-projetos/chamadas-publicas/amazonia-na-escola/,fundo-amazonia,,2026-08-26T00:17:46Z,2026-08-26T00:12:06Z,2026-08-26T00:17:46Z,0.55
candidate-565ef4c85c0b55a5,Apoio a projetos produtivos sustentáveis (2012),Candidate observed on an official source page; detail verification pending.,BNDES / Fundo Amazônia,opportunity_candidate,"[""sustainability"", ""forest"", ""communities""]",[],[],{},,UNKNOWN,https://www.fundoamazonia.gov.br/pt/como-apresentar-projetos/chamadas-publicas/projetos-produtivos-sustentaveis/,fundo-amazonia,,2026-08-26T00:17:46Z,2026-08-26T00:12:06Z,2026-08-26T00:17:46Z,0.55
candidate-25636fbb26d9c00d,Chamadas públicas,Candidate observed on an official source page; detail verification pending.,BNDES / Fundo Amazônia,opportunity_candidate,"[""sustainability"", ""forest"", ""communities""]",[],[],{},,UNKNOWN,https://www.fundoamazonia.gov.br/pt/como-apresentar-projetos/chamadas-publicas/,fundo-amazonia,,2026-08-26T00:17:46Z,2026-08-26T00:12:06Z,2026-08-26T00:17:46Z,0.55
candidate-488f6503c8b666f6,Chamadas públicas de projetos apoiados,Candidate observed on an official source page; detail verification pending.,BNDES / Fundo Amazônia,opportunity_candidate,"[""sustainability"", ""forest"", ""communities""]",[],[],{},,UNKNOWN,https://www.fundoamazonia.gov.br/pt/como-apresentar-projetos/chamadas-publicas/chamadas-publicas-de-projetos-apoiados/,fundo-amazonia,,2026-08-26T00:17:46Z,2026-08-26T00:12:06Z,2026-08-26T00:17:46Z,0.55
candidate-b5e542a159463cce,Conab: Florestas e Comunidades: Amazônia Viva (2026) - Novo!,Candidate observed on an official source page; detail verification pending.,BNDES / Fundo Amazônia,opportunity_candidate,"[""sustainability"", ""forest"", ""communities""]",[],[],{},,UNKNOWN,https://www.fundoamazonia.gov.br/pt/como-apresentar-projetos/chamadas-publicas/amazonia-viva/,fundo-amazonia,,2026-08-26T00:17:46Z,2026-08-26T00:12:06Z,2026-08-26T00:17:46Z,0.55
candidate-82f12a8c40ce4d95,Consolidação e fortalecimento de cadeias de valor sustentáveis e inclusivas (01/2017),Candidate observed on an official source page; detail verification pending.,BNDES / Fundo Amazônia,opportunity_candidate,"[""sustainability"", ""forest"", ""communities""]",[],[],{},,UNKNOWN,https://www.fundoamazonia.gov.br/pt/como-apresentar-projetos/chamadas-publicas/consolidacao-e-fortalecimento-de-cadeias-de-valor-sustentaveis-e-inclusivas/,fundo-amazonia,,2026-08-26T00:17:46Z,2026-08-26T00:12:06Z,2026-08-26T00:17:46Z,0.55
candidate-84a789058ecc4545,Naturezas Quilombolas (2024),Candidate observed on an official source page; detail verification pending.,BNDES / Fundo Amazônia,opportunity_candidate,"[""sustainability"", ""forest"", ""communities""]",[],[],{},,UNKNOWN,https://www.fundoamazonia.gov.br/pt/como-apresentar-projetos/chamadas-publicas/naturezas-quilombolas/,fundo-amazonia,,2026-08-26T00:17:46Z,2026-08-26T00:12:06Z,2026-08-26T00:17:46Z,0.55
candidate-41520981919f1904,Projetos voltados ao apoio a PGTAs (2014),Candidate observed on an official source page; detail verification pending.,BNDES / Fundo Amazônia,opportunity_candidate,"[""sustainability"", ""forest"", ""communities""]",[],[],{},,UNKNOWN,https://www.fundoamazonia.gov.br/pt/como-apresentar-projetos/chamadas-publicas/projetos-voltados-ao-apoio-a-PGTAs/,fundo-amazonia,,2026-08-26T00:17:46Z,2026-08-26T00:12:06Z,2026-08-26T00:17:46Z,0.55
candidate-7ca84ab16e12168e,Prospera Amazônia (2026) - Novo!,Candidate observed on an official source page; detail verification pending.,BNDES / Fundo Amazônia,opportunity_candidate,"[""sustainability"", ""forest"", ""communities""]",[],[],{},,UNKNOWN,https://www.fundoamazonia.gov.br/pt/como-apresentar-projetos/chamadas-publicas/prospera-amazonia/,fundo-amazonia,,2026-08-26T00:17:46Z,2026-08-26T00:12:06Z,2026-08-26T00:17:46Z,0.55
candidate-aa2ec49a79061cd9,Restaura Amazônia (2023),Candidate observed on an official source page; detail verification pending.,BNDES / Fundo Amazônia,opportunity_candidate,"[""sustainability"", ""forest"", ""communities""]",[],[],{},,UNKNOWN,https://www.fundoamazonia.gov.br/pt/como-apresentar-projetos/chamadas-publicas/restaura-amazonia/,fundo-amazonia,,2026-08-26T00:17:46Z,2026-08-26T00:12:06Z,2026-08-26T00:17:46Z,0.55
candidate-ae047fa023fa3f81,Sanear Amazônia – Água Potável para Comunidades da Amazônia (2024),Candidate observed on an official source page; detail verification pending.,BNDES / Fundo Amazônia,opportunity_candidate,"[""sustainability"", ""forest"", ""communities""]",[],[],{},,UNKNOWN,https://www.fundoamazonia.gov.br/pt/como-apresentar-projetos/chamadas-publicas/sanear-amazonia/,fundo-amazonia,,2026-08-26T00:17:46Z,2026-08-26T00:12:06Z,2026-08-26T00:17:46Z,0.55
candidate-ceb147ffdf0f654c,Sanear Indígena (2026) - Novo!,Candidate observed on an official source page; detail verification pending.,BNDES / Fundo Amazônia,opportunity_candidate,"[""sustainability"", ""forest"", ""communities""]",[],[],{},,UNKNOWN,https://www.fundoamazonia.gov.br/pt/como-apresentar-projetos/chamadas-publicas/sanear-amazonia-indigena/,fundo-amazonia,,2026-08-26T00:17:46Z,2026-08-26T00:12:06Z,2026-08-26T00:17:46Z,0.55
candidate-766aedd877592132,Como apresentar projetos,Candidate observed on an official source page; detail verification pending.,BNDES / Fundo Amazônia,opportunity_candidate,"[""sustainability"", ""forest"", ""communities""]",[],[],{},,UNKNOWN,https://www.fundoamazonia.gov.br/pt/como-apresentar-projetos/,fundo-amazonia,,2026-08-26T00:17:46Z,2026-08-26T00:12:06Z,2026-08-26T00:17:46Z,0.55
candidate-7ebe4c3680371550,Documentos de suporte,Candidate observed on an official source page; detail verification pending.,BNDES / Fundo Amazônia,opportunity_candidate,"[""sustainability"", ""forest"", ""communities""]",[],[],{},,UNKNOWN,https://www.fundoamazonia.gov.br/pt/como-apresentar-projetos/documentos-de-suporte/,fundo-amazonia,,2026-08-26T00:17:46Z,2026-08-26T00:12:06Z,2026-08-26T00:17:46Z,0.55
candidate-615f53f8ea7e44c9,Projetos,Candidate observed on an official source page; detail verification pending.,BNDES / Fundo Amazônia,opportunity_candidate,"[""sustainability"", ""forest"", ""communities""]",[],[],{},,UNKNOWN,https://www.fundoamazonia.gov.br/pt/biblioteca/projetos/,fundo-amazonia,,2026-08-26T00:17:46Z,2026-08-26T00:12:06Z,2026-08-26T00:17:46Z,0.55
candidate-c52834e7a3385c4c,Projetos apoiados,Candidate observed on an official source page; detail verification pending.,BNDES / Fundo Amazônia,opportunity_candidate,"[""sustainability"", ""forest"", ""communities""]",[],[],{},,UNKNOWN,https://www.fundoamazonia.gov.br/pt/projetos-apoiados/,fundo-amazonia,,2026-08-26T00:17:46Z,2026-08-26T00:12:06Z,2026-08-26T00:17:46Z,0.55
candidate-0f2c8114f6418299,Prêmio Fundo Amazônia,Candidate observed on an official source page; detail verification pending.,BNDES / Fundo Amazônia,opportunity_candidate,"[""sustainability"", ""forest"", ""communities""]",[],[],{},,UNKNOWN,https://www.fundoamazonia.gov.br/pt/premio-fundo-amazonia/,fundo-amazonia,,2026-08-26T00:17:46Z,2026-08-26T00:12:06Z,2026-08-26T00:17:46Z,0.55
candidate-111af0e688bc0c40,Buscar por oportunidades,Candidate observed on an official source page; detail verification pending.,Finep,opportunity_candidate,"[""innovation"", ""research"", ""sustainability"", ""financing""]",[],[],{},,UNKNOWN,https://www.finep.gov.br/oportunidades,finep-chamadas,,2026-08-26T00:17:46Z,2026-08-26T00:12:06Z,2026-08-26T00:17:46Z,0.55
candidate-5fb55a3267c570a3,Programa Petrobras Socioambiental,Candidate observed on an official source page; detail verification pending.,Petrobras,opportunity_candidate,"[""sustainability"", ""communities"", ""conservation""]",[],[],{},,UNKNOWN,https://petrobras.com.br/sustentabilidade/socioambiental,petrobras-socioambiental,,2026-08-26T00:17:46Z,2026-08-26T00:16:25Z,2026-08-26T00:17:46Z,0.55
candidate-c5aa9030686e54c7,Regulamento Seleção Pública 2023.1 – Projetos Incentivados,Candidate observed on an official source page; detail verification pending.,Petrobras,opportunity_candidate,"[""sustainability"", ""communities"", ""conservation""]",[],[],{},,UNKNOWN,https://petrobras.com.br/documents/2677942/7444258/SP+2023.1+-+Regulamento+Incentivados.pdf/c175c3b8-d4ca-a0f9-85ce-8a75d836a0ac?version=1.0&t=1694195358000&download=true,petrobras-socioambiental,,2026-08-26T00:17:46Z,2026-08-26T00:16:25Z,2026-08-26T00:17:46Z,0.55
candidate-79e2721a453935b7,Regulamento Seleção Pública 2023.1 – Projetos Não Incentivados,Candidate observed on an official source page; detail verification pending.,Petrobras,opportunity_candidate,"[""sustainability"", ""communities"", ""conservation""]",[],[],{},,UNKNOWN,https://petrobras.com.br/documents/2677942/7444258/SP+2023.1+-+Regulamento+Nao+Incentivados.pdf/04e566d0-35dc-f269-ee71-bdaed0b5b0ff?version=1.0&t=1694537432000&download=true,petrobras-socioambiental,,2026-08-26T00:17:46Z,2026-08-26T00:16:25Z,2026-08-26T00:17:46Z,0.55
candidate-b9d57f608c8f6dc7,Regulamento Seleção Pública 2023.2 - Projetos Incentivados,Candidate observed on an official source page; detail verification pending.,Petrobras,opportunity_candidate,"[""sustainability"", ""communities"", ""conservation""]",[],[],{},,UNKNOWN,https://petrobras.com.br/documents/2677942/3356916/Regulamento+Sele%C3%A7%C3%A3o+P%C3%BAblica+2023.2+-+Projetos+Incentivados.pdf/28305898-7221-ad7b-610b-99c32e08b96e?version=1.0&t=1699376898000&download=true,petrobras-socioambiental,,2026-08-26T00:17:46Z,2026-08-26T00:16:25Z,2026-08-26T00:17:46Z,0.55
candidate-24553a50a7b5a189,Regulamento Seleção Pública 2023.2 - Projetos Nao Incentivados,Candidate observed on an official source page; detail verification pending.,Petrobras,opportunity_candidate,"[""sustainability"", ""communities"", ""conservation""]",[],[],{},,UNKNOWN,https://petrobras.com.br/documents/2677942/3356916/Regulamento+Sele%C3%A7%C3%A3o+P%C3%BAblica+2023.2+-+Projetos+Nao+Incentivados.pdf/af45b992-2e9d-b0f1-f40a-f5e0eb9d48d8?version=1.0&t=1699376882000&download=true,petrobras-socioambiental,,2026-08-26T00:17:46Z,2026-08-26T00:16:25Z,2026-08-26T00:17:46Z,0.55
candidate-7a1cb075019fb3a2,Seleção Pública 2023.1 - Projetos Incentivados,Candidate observed on an official source page; detail verification pending.,Petrobras,opportunity_candidate,"[""sustainability"", ""communities"", ""conservation""]",[],[],{},,UNKNOWN,https://investidor.bussolasocial.com.br/petrobras/editais/incentivados2023,petrobras-socioambiental,,2026-08-26T00:17:46Z,2026-08-26T00:16:25Z,2026-08-26T00:17:46Z,0.55
candidate-2c60342bfcf5c033,Seleção Pública 2023.1 - Projetos Não Incentivados,Candidate observed on an official source page; detail verification pending.,Petrobras,opportunity_candidate,"[""sustainability"", ""communities"", ""conservation""]",[],[],{},,UNKNOWN,https://investidor.bussolasocial.com.br/petrobras/editais/naoincentivados2023,petrobras-socioambiental,,2026-08-26T00:17:46Z,2026-08-26T00:16:25Z,2026-08-26T00:17:46Z,0.55
candidate-010954c4e2d5040d,Edital Catadores OGR 2026,Candidate observed on an official source page; detail verification pending.,Petrobras,opportunity_candidate,"[""sustainability"", ""communities"", ""conservation""]",[],[],{},,UNKNOWN,https://petrobras.com.br/documents/2677942/2678303/Socioambiental+-+Edital+Destina%C3%A7%C3%A3o+de+Res%C3%ADduos+2026_OGR+Final+1.pdf/e3e7b384-9c8f-f30f-588f-ce661bf3469d?version=1.0&t=1778856363000&download=true,petrobras-socioambiental,,2026-08-26T00:17:46Z,2026-08-26T00:16:25Z,2026-08-26T00:17:46Z,0.55
candidate-542ee773f536a418,Inscrições Projetos Incentivados,Candidate observed on an official source page; detail verification pending.,Petrobras,opportunity_candidate,"[""sustainability"", ""communities"", ""conservation""]",[],[],{},,UNKNOWN,https://investidor.bussolasocial.com.br/petrobras/editais/incentivados2023.2,petrobras-socioambiental,,2026-08-26T00:17:46Z,2026-08-26T00:16:25Z,2026-08-26T00:17:46Z,0.55
candidate-d9da065c76fa3686,Inscrições Projetos Não Incentivados,Candidate observed on an official source page; detail verification pending.,Petrobras,opportunity_candidate,"[""sustainability"", ""communities"", ""conservation""]",[],[],{},,UNKNOWN,http://investidor.bussolasocial.com.br/petrobras/editais/naoincentivados2023.2,petrobras-socioambiental,,2026-08-26T00:17:46Z,2026-08-26T00:16:25Z,2026-08-26T00:17:46Z,0.55
candidate-8b0270f99474a78b,Inscrições Projetos incentivados,Candidate observed on an official source page; detail verification pending.,Petrobras,opportunity_candidate,"[""sustainability"", ""communities"", ""conservation""]",[],[],{},,UNKNOWN,http://investidor.bussolasocial.com.br/petrobras/editais/incentivados2023.2,petrobras-socioambiental,,2026-08-26T00:17:46Z,2026-08-26T00:16:25Z,2026-08-26T00:17:46Z,0.55
candidate-d4fed2d3d94a0a31,Perguntas frequentes_Edital Destinação de Resíduos 2026,Candidate observed on an official source page; detail verification pending.,Petrobras,opportunity_candidate,"[""sustainability"", ""communities"", ""conservation""]",[],[],{},,UNKNOWN,https://petrobras.com.br/documents/2677942/2678303/Socioambiental+-+Perguntas+Frequentes_Edital+ORG+2026.pdf/4a1c5db8-6d78-de97-b823-49cff27b77b0?version=1.0&t=1778856444000&download=true,petrobras-socioambiental,,2026-08-26T00:17:46Z,2026-08-26T00:16:25Z,2026-08-26T00:17:46Z,0.55
candidate-03644693f5bd7a7e,Playlist da Seleção Pública Socioambiental 2023,Candidate observed on an official source page; detail verification pending.,Petrobras,opportunity_candidate,"[""sustainability"", ""communities"", ""conservation""]",[],[],{},,UNKNOWN,https://www.youtube.com/playlist?list=PLJGZ8X1mZTR9AUvYvlsHWNGDfPUZNiFwU,petrobras-socioambiental,,2026-08-26T00:17:46Z,2026-08-26T00:16:25Z,2026-08-26T00:17:46Z,0.55
candidate-ac93c76fe1ea2e9b,Projetos Incentivados - retificação 2,Candidate observed on an official source page; detail verification pending.,Petrobras,opportunity_candidate,"[""sustainability"", ""communities"", ""conservation""]",[],[],{},,UNKNOWN,https://petrobras.com.br/documents/2677942/7444258/Projetos+Incentivados+-+retificacao+2.pdf/764eeea2-e1c5-194d-21f3-8551440331e0?version=1.0&t=1694536846000&download=true,petrobras-socioambiental,,2026-08-26T00:17:46Z,2026-08-26T00:16:25Z,2026-08-26T00:17:46Z,0.55
candidate-ad536dce0f4089a3,Projetos Incentivados - retificação 3​​,Candidate observed on an official source page; detail verification pending.,Petrobras,opportunity_candidate,"[""sustainability"", ""communities"", ""conservation""]",[],[],{},,UNKNOWN,https://petrobras.com.br/documents/2677942/7444258/SP+2023.1+-+Regulamento+Incentivados+-+Retificacao+3.pdf/bc14b850-002f-8726-70d2-4f4f796cb233?version=1.0&t=1694537047000&download=true,petrobras-socioambiental,,2026-08-26T00:17:46Z,2026-08-26T00:16:25Z,2026-08-26T00:17:46Z,0.55
candidate-841b010704b598a5,Projetos Incentivados – retificação 1,Candidate observed on an official source page; detail verification pending.,Petrobras,opportunity_candidate,"[""sustainability"", ""communities"", ""conservation""]",[],[],{},,UNKNOWN,https://petrobras.com.br/documents/2677942/7444258/SP+2023.1+-+Regulamento+Incentivados+-+Retificacao+1.pdf/3afc274f-c7af-59f9-02e0-da5266866316?version=1.0&t=1694195355000&download=true,petrobras-socioambiental,,2026-08-26T00:17:46Z,2026-08-26T00:16:25Z,2026-08-26T00:17:46Z,0.55
candidate-023c68a42bf6ab14,Projetos Não Incentivados - Retificação 01,Candidate observed on an official source page; detail verification pending.,Petrobras,opportunity_candidate,"[""sustainability"", ""communities"", ""conservation""]",[],[],{},,UNKNOWN,https://petrobras.com.br/documents/2677942/3356916/Retifica%C3%A7%C3%A3o+n+1+-+Regulamento_Sele%C3%A7%C3%A3o+P%C3%BAblica+N%C3%A3o+Incentivados+2023.2+%281%29.pdf/b125cfb4-2c1f-f8a5-d2f2-d36bc2d529a5?version=1.0&t=1703267114000&download=true,petrobras-socioambiental,,2026-08-26T00:17:46Z,2026-08-26T00:16:25Z,2026-08-26T00:17:46Z,0.55
candidate-6995a4de76882f45,Projetos Não Incentivados - Retificação 02,Candidate observed on an official source page; detail verification pending.,Petrobras,opportunity_candidate,"[""sustainability"", ""communities"", ""conservation""]",[],[],{},,UNKNOWN,https://petrobras.com.br/documents/2677942/7444258/Retifica%C3%A7%C3%A3o+n+2+-+Regulamento_Sele%C3%A7%C3%A3o+P%C3%BAblica+N%C3%A3o+Incentivados+2023.2+%281%29.pdf/90b6fb06-adb2-9f5b-d399-a16a0d395fe3?version=1.0&t=1705336078000&download=true,petrobras-socioambiental,,2026-08-26T00:17:46Z,2026-08-26T00:16:25Z,2026-08-26T00:17:46Z,0.55
candidate-5b0bd0dddb0d100d,Projetos Não Incentivados - Retificação 03,Candidate observed on an official source page; detail verification pending.,Petrobras,opportunity_candidate,"[""sustainability"", ""communities"", ""conservation""]",[],[],{},,UNKNOWN,https://petrobras.com.br/documents/2677942/7444258/Projetos+N%C3%A3o+Incentivados_Retifica%C3%A7%C3%A3o+3.pdf/73d759d9-7ad1-a062-a6ff-cfc8acd5e556?version=1.0&t=1717445336000&download=true,petrobras-socioambiental,,2026-08-26T00:17:46Z,2026-08-26T00:16:25Z,2026-08-26T00:17:46Z,0.55
candidate-c5e98ab6393ef10e,Projetos Socioambientais Incentivados,Candidate observed on an official source page; detail verification pending.,Petrobras,opportunity_candidate,"[""sustainability"", ""communities"", ""conservation""]",[],[],{},,UNKNOWN,https://petrobras.com.br/documents/2677942/7444258/Projetos+Incentivados_Retifica%C3%A7%C3%A3o+1.pdf/3ec0fc59-adae-f789-16b3-8ae377ee1aeb?version=1.0&t=1717445334000&download=true,petrobras-socioambiental,,2026-08-26T00:17:46Z,2026-08-26T00:16:25Z,2026-08-26T00:17:46Z,0.55
candidate-8696ad2ab0e16300,Projetos não Incentivados – retificação 1,Candidate observed on an official source page; detail verification pending.,Petrobras,opportunity_candidate,"[""sustainability"", ""communities"", ""conservation""]",[],[],{},,UNKNOWN,https://petrobras.com.br/documents/2677942/7444258/SP+2023.1+-+Regulamento+Nao+Incentivados+-+Prorrogacao+de+prazo-1.pdf/d7c76855-8b6f-ad31-b0bf-db45b239e265?version=1.0&t=1694537714000&download=true,petrobras-socioambiental,,2026-08-26T00:17:46Z,2026-08-26T00:16:25Z,2026-08-26T00:17:46Z,0.55
candidate-eb4bf879145681a8,Resultado da Seleção Pública 2023.2,Candidate observed on an official source page; detail verification pending.,Petrobras,opportunity_candidate,"[""sustainability"", ""communities"", ""conservation""]",[],[],{},,UNKNOWN,https://petrobras.com.br/documents/2677942/2707080/SP+2023.2+-+Resultados.pdf/d9a5891f-c898-c9d1-2a0f-01f6d317ed07?version=1.0&t=1719407696000&download=true,petrobras-socioambiental,,2026-08-26T00:17:46Z,2026-08-26T00:16:25Z,2026-08-26T00:17:46Z,0.55
candidate-3fd42f0126accbf0,Projects on Legislative and Policy Priorities in the fields of Nature & Biodiversity and Circular Economy & Quality of Life,Candidate observed on an official source page; detail verification pending.,European Commission / CINEA,opportunity_candidate,"[""climate"", ""nature"", ""biodiversity"", ""energy"", ""circular_economy""]",[],[],{},,UNKNOWN,https://can01.safelinks.protection.outlook.com/?url=https%3A%2F%2Fcinea.ec.europa.eu%2Ffunding-opportunities%2Fcalls-proposals%2Fprojects-legislative-and-policy-priorities-fields-nature-biodiversity-and-circular-economy-quality_en&data=05%7C02%7CMaria.Ramirez%40stantec.com%7C7937e05a74a54cf3d32a08de9fb26f1d%7C413c6f2c219a469297d3f2b4d80281e7%7C0%7C0%7C639123785905441088%7CUnknown%7CTWFpbGZsb3d8eyJFbXB0eU1hcGkiOnRydWUsIlYiOiIwLjAuMDAwMCIsIlAiOiJXaW4zMiIsIkFOIjoiTWFpbCIsIldUIjoyfQ%3D%3D%7C0%7C%7C%7C&sdata=X8Rphv69qovEEf1FO5wiMC4g7XfRHuPxxVZoT6yTiYc%3D&reserved=0,cinea-life,,2026-08-26T00:17:46Z,2026-08-26T00:12:06Z,2026-08-26T00:17:46Z,0.55
candidate-cf2a351f66988ff5,Multilevel climate and energy dialogue to deliver the Governance Regulation and the post–2030 energy and climate policy framework,Candidate observed on an official source page; detail verification pending.,European Commission / CINEA,opportunity_candidate,"[""climate"", ""nature"", ""biodiversity"", ""energy"", ""circular_economy""]",[],[],{},,UNKNOWN,https://can01.safelinks.protection.outlook.com/?url=https%3A%2F%2Fcinea.ec.europa.eu%2Ffunding-opportunities%2Fcalls-proposals%2Fmultilevel-climate-and-energy-dialogue-deliver-governance-regulation-and-post-2030-energy-and_en&data=05%7C02%7CMaria.Ramirez%40stantec.com%7C7937e05a74a54cf3d32a08de9fb26f1d%7C413c6f2c219a469297d3f2b4d80281e7%7C0%7C0%7C639123785905403076%7CUnknown%7CTWFpbGZsb3d8eyJFbXB0eU1hcGkiOnRydWUsIlYiOiIwLjAuMDAwMCIsIlAiOiJXaW4zMiIsIkFOIjoiTWFpbCIsIldUIjoyfQ%3D%3D%7C0%7C%7C%7C&sdata=EnlvRuWvqF8nAFyzskFlzqMezacvQH0YJmEbGY4VOyI%3D&reserved=0,cinea-life,,2026-08-26T00:17:46Z,2026-08-26T00:12:06Z,2026-08-26T00:17:46Z,0.55
candidate-0668d828bdb5463f,Standard Action Projects (SAPs) Climate Change Adaptation,Candidate observed on an official source page; detail verification pending.,European Commission / CINEA,opportunity_candidate,"[""climate"", ""nature"", ""biodiversity"", ""energy"", ""circular_economy""]",[],[],{},,UNKNOWN,https://can01.safelinks.protection.outlook.com/?url=https%3A%2F%2Fcinea.ec.europa.eu%2Ffunding-opportunities%2Fcalls-proposals%2Fclimate-change-adaptation-0_en&data=05%7C02%7CMaria.Ramirez%40stantec.com%7C7937e05a74a54cf3d32a08de9fb26f1d%7C413c6f2c219a469297d3f2b4d80281e7%7C0%7C0%7C639123785905524903%7CUnknown%7CTWFpbGZsb3d8eyJFbXB0eU1hcGkiOnRydWUsIlYiOiIwLjAuMDAwMCIsIlAiOiJXaW4zMiIsIkFOIjoiTWFpbCIsIldUIjoyfQ%3D%3D%7C0%7C%7C%7C&sdata=KoihkrpHvcRJ95d%2FVu%2BXHL4HHRDZkGtQu6X8C0iJ3rY%3D&reserved=0,cinea-life,,2026-08-26T00:17:46Z,2026-08-26T00:12:06Z,2026-08-26T00:17:46Z,0.55
candidate-6666d87f86d14645,Standard Action Projects (SAPs) Climate Change Mitigation,Candidate observed on an official source page; detail verification pending.,European Commission / CINEA,opportunity_candidate,"[""climate"", ""nature"", ""biodiversity"", ""energy"", ""circular_economy""]",[],[],{},,UNKNOWN,https://can01.safelinks.protection.outlook.com/?url=https%3A%2F%2Fcinea.ec.europa.eu%2Ffunding-opportunities%2Fcalls-proposals%2Fclimate-change-mitigation-0_en&data=05%7C02%7CMaria.Ramirez%40stantec.com%7C7937e05a74a54cf3d32a08de9fb26f1d%7C413c6f2c219a469297d3f2b4d80281e7%7C0%7C0%7C639123785905546067%7CUnknown%7CTWFpbGZsb3d8eyJFbXB0eU1hcGkiOnRydWUsIlYiOiIwLjAuMDAwMCIsIlAiOiJXaW4zMiIsIkFOIjoiTWFpbCIsIldUIjoyfQ%3D%3D%7C0%7C%7C%7C&sdata=cJHU2H2ZQB8%2BfvW1OThUtqlo15uTq0nLGzZv9Q658sc%3D&reserved=0,cinea-life,,2026-08-26T00:17:46Z,2026-08-26T00:12:06Z,2026-08-26T00:17:46Z,0.55
candidate-ed6b9443d6419b79,Standard Action Projects (SAPs) Climate Governance and Information,Candidate observed on an official source page; detail verification pending.,European Commission / CINEA,opportunity_candidate,"[""climate"", ""nature"", ""biodiversity"", ""energy"", ""circular_economy""]",[],[],{},,UNKNOWN,https://cinea.ec.europa.eu/funding-opportunities/calls-proposals/climate-governance-and-information-0_en,cinea-life,,2026-08-26T00:17:46Z,2026-08-26T00:12:06Z,2026-08-26T00:17:46Z,0.55
candidate-47d7f7804b1f1892,Standard Action Projects (SAPs) for nature and biodiversity - Nature,Candidate observed on an official source page; detail verification pending.,European Commission / CINEA,opportunity_candidate,"[""climate"", ""nature"", ""biodiversity"", ""energy"", ""circular_economy""]",[],[],{},,UNKNOWN,https://can01.safelinks.protection.outlook.com/?url=https%3A%2F%2Fcinea.ec.europa.eu%2Ffunding-opportunities%2Fcalls-proposals%2Fstandard-action-projects-saps-nature-and-biodiversity-nature-1_en&data=05%7C02%7CMaria.Ramirez%40stantec.com%7C7937e05a74a54cf3d32a08de9fb26f1d%7C413c6f2c219a469297d3f2b4d80281e7%7C0%7C0%7C639123785905297548%7CUnknown%7CTWFpbGZsb3d8eyJFbXB0eU1hcGkiOnRydWUsIlYiOiIwLjAuMDAwMCIsIlAiOiJXaW4zMiIsIkFOIjoiTWFpbCIsIldUIjoyfQ%3D%3D%7C0%7C%7C%7C&sdata=NfO19FRCnk3kR%2B%2BzOwWuwjIHbF8WWJpTOkjbd3RkoHY%3D&reserved=0,cinea-life,,2026-08-26T00:17:46Z,2026-08-26T00:12:06Z,2026-08-26T00:17:46Z,0.55
candidate-1e3d96cb8ac724bc,Standard Action Projects (SAPs) for nature and biodiversity – Governance and Information,Candidate observed on an official source page; detail verification pending.,European Commission / CINEA,opportunity_candidate,"[""climate"", ""nature"", ""biodiversity"", ""energy"", ""circular_economy""]",[],[],{},,UNKNOWN,https://can01.safelinks.protection.outlook.com/?url=https%3A%2F%2Fcinea.ec.europa.eu%2Ffunding-opportunities%2Fcalls-proposals%2Fstandard-action-projects-saps-nature-and-biodiversity-governance-and-information-0_en&data=05%7C02%7CMaria.Ramirez%40stantec.com%7C7937e05a74a54cf3d32a08de9fb26f1d%7C413c6f2c219a469297d3f2b4d80281e7%7C0%7C0%7C639123785905319666%7CUnknown%7CTWFpbGZsb3d8eyJFbXB0eU1hcGkiOnRydWUsIlYiOiIwLjAuMDAwMCIsIlAiOiJXaW4zMiIsIkFOIjoiTWFpbCIsIldUIjoyfQ%3D%3D%7C0%7C%7C%7C&sdata=7eKhFnGaIoNLZpXK%2BQot4PGzHsizsJXAsRzldH%2FqnEo%3D&reserved=0,cinea-life,,2026-08-26T00:17:46Z,2026-08-26T00:12:06Z,2026-08-26T00:17:46Z,0.55
candidate-6b2358cbc57aea0d,2019 calls for project proposals,Candidate observed on an official source page; detail verification pending.,European Commission / CINEA,opportunity_candidate,"[""climate"", ""nature"", ""biodiversity"", ""energy"", ""circular_economy""]",[],[],{},,UNKNOWN,https://cinea.ec.europa.eu/programmes/life/life-calls-proposals/2019-life-calls-proposals_en,cinea-life,,2026-08-26T00:17:46Z,2026-08-26T00:12:06Z,2026-08-26T00:17:46Z,0.55
candidate-2605bc6660723698,2020 calls for project proposals,Candidate observed on an official source page; detail verification pending.,European Commission / CINEA,opportunity_candidate,"[""climate"", ""nature"", ""biodiversity"", ""energy"", ""circular_economy""]",[],[],{},,UNKNOWN,https://cinea.ec.europa.eu/programmes/life/life-calls-proposals/2020-life-calls-proposals_en,cinea-life,,2026-08-26T00:17:46Z,2026-08-26T00:12:06Z,2026-08-26T00:17:46Z,0.55
candidate-78ee7d7acac53dde,PDA: Project Development Assistance for sustainable energy investments,Candidate observed on an official source page; detail verification pending.,European Commission / CINEA,opportunity_candidate,"[""climate"", ""nature"", ""biodiversity"", ""energy"", ""circular_economy""]",[],[],{},,UNKNOWN,https://can01.safelinks.protection.outlook.com/?url=https%3A%2F%2Fcinea.ec.europa.eu%2Ffunding-opportunities%2Fcalls-proposals%2Fproject-development-assistance-sustainable-energy-investments-1_en&data=05%7C02%7CMaria.Ramirez%40stantec.com%7C7937e05a74a54cf3d32a08de9fb26f1d%7C413c6f2c219a469297d3f2b4d80281e7%7C0%7C0%7C639123785905809470%7CUnknown%7CTWFpbGZsb3d8eyJFbXB0eU1hcGkiOnRydWUsIlYiOiIwLjAuMDAwMCIsIlAiOiJXaW4zMiIsIkFOIjoiTWFpbCIsIldUIjoyfQ%3D%3D%7C0%7C%7C%7C&sdata=Va7jsd0uXzTDS7%2B32MEtIsbuTBmRydqK7kUUzPVEOEM%3D&reserved=0,cinea-life,,2026-08-26T00:17:46Z,2026-08-26T00:12:06Z,2026-08-26T00:17:46Z,0.55
candidate-60952462588311ef,Strategic Integrated Projects – SIP CLIMA,Candidate observed on an official source page; detail verification pending.,European Commission / CINEA,opportunity_candidate,"[""climate"", ""nature"", ""biodiversity"", ""energy"", ""circular_economy""]",[],[],{},,UNKNOWN,https://can01.safelinks.protection.outlook.com/?url=https%3A%2F%2Fcinea.ec.europa.eu%2Ffunding-opportunities%2Fcalls-proposals%2Fstrategic-nature-and-integrated-projects-sip-clima-1_en&data=05%7C02%7CMaria.Ramirez%40stantec.com%7C7937e05a74a54cf3d32a08de9fb26f1d%7C413c6f2c219a469297d3f2b4d80281e7%7C0%7C0%7C639123785905505208%7CUnknown%7CTWFpbGZsb3d8eyJFbXB0eU1hcGkiOnRydWUsIlYiOiIwLjAuMDAwMCIsIlAiOiJXaW4zMiIsIkFOIjoiTWFpbCIsIldUIjoyfQ%3D%3D%7C0%7C%7C%7C&sdata=i1RS7FJ0lizDxfVjuZYfft%2FrfR7bDRnD8kNZDYj9fHw%3D&reserved=0,cinea-life,,2026-08-26T00:17:46Z,2026-08-26T00:12:06Z,2026-08-26T00:17:46Z,0.55
candidate-e9904ab29625fa3c,Strategic Integrated Projects – SIP Environment,Candidate observed on an official source page; detail verification pending.,European Commission / CINEA,opportunity_candidate,"[""climate"", ""nature"", ""biodiversity"", ""energy"", ""circular_economy""]",[],[],{},,UNKNOWN,https://can01.safelinks.protection.outlook.com/?url=https%3A%2F%2Fcinea.ec.europa.eu%2Ffunding-opportunities%2Fcalls-proposals%2Fstrategic-nature-and-integrated-projects-sip-environment-1_en&data=05%7C02%7CMaria.Ramirez%40stantec.com%7C7937e05a74a54cf3d32a08de9fb26f1d%7C413c6f2c219a469297d3f2b4d80281e7%7C0%7C0%7C639123785905482241%7CUnknown%7CTWFpbGZsb3d8eyJFbXB0eU1hcGkiOnRydWUsIlYiOiIwLjAuMDAwMCIsIlAiOiJXaW4zMiIsIkFOIjoiTWFpbCIsIldUIjoyfQ%3D%3D%7C0%7C%7C%7C&sdata=ZtV6RF9YLxA%2FwwAZMzJkur1AoVl8%2BeLExWrb2NgKftQ%3D&reserved=0,cinea-life,,2026-08-26T00:17:46Z,2026-08-26T00:12:06Z,2026-08-26T00:17:46Z,0.55
candidate-71b0fa4b9a97bdc9,Strategic Nature Projects (SNaP),Candidate observed on an official source page; detail verification pending.,European Commission / CINEA,opportunity_candidate,"[""climate"", ""nature"", ""biodiversity"", ""energy"", ""circular_economy""]",[],[],{},,UNKNOWN,https://can01.safelinks.protection.outlook.com/?url=https%3A%2F%2Fcinea.ec.europa.eu%2Ffunding-opportunities%2Fcalls-proposals%2Fstrategic-nature-projects-snap-1_en&data=05%7C02%7CMaria.Ramirez%40stantec.com%7C7937e05a74a54cf3d32a08de9fb26f1d%7C413c6f2c219a469297d3f2b4d80281e7%7C0%7C0%7C639123785905459907%7CUnknown%7CTWFpbGZsb3d8eyJFbXB0eU1hcGkiOnRydWUsIlYiOiIwLjAuMDAwMCIsIlAiOiJXaW4zMiIsIkFOIjoiTWFpbCIsIldUIjoyfQ%3D%3D%7C0%7C%7C%7C&sdata=%2Bw47BGSS09I4ewGiQ35OheGRn1l2rxUgSpl%2BG71%2FGOE%3D&reserved=0,cinea-life,,2026-08-26T00:17:46Z,2026-08-26T00:12:06Z,2026-08-26T00:17:46Z,0.55
candidate-92a99a9e67ae5f34,Technical Assistance for the preparation of SIPs - Climate,Candidate observed on an official source page; detail verification pending.,European Commission / CINEA,opportunity_candidate,"[""climate"", ""nature"", ""biodiversity"", ""energy"", ""circular_economy""]",[],[],{},,UNKNOWN,https://can01.safelinks.protection.outlook.com/?url=https%3A%2F%2Fcinea.ec.europa.eu%2Ffunding-opportunities%2Fcalls-proposals%2Ftechnical-assistance-preparation-sips-climate-0_en&data=05%7C02%7CMaria.Ramirez%40stantec.com%7C7937e05a74a54cf3d32a08de9fb26f1d%7C413c6f2c219a469297d3f2b4d80281e7%7C0%7C0%7C639123785905383714%7CUnknown%7CTWFpbGZsb3d8eyJFbXB0eU1hcGkiOnRydWUsIlYiOiIwLjAuMDAwMCIsIlAiOiJXaW4zMiIsIkFOIjoiTWFpbCIsIldUIjoyfQ%3D%3D%7C0%7C%7C%7C&sdata=XYXGz88I9J4H3P0UNpC89JKZ3JWnzF4FqjaNDrvtc7M%3D&reserved=0,cinea-life,,2026-08-26T00:17:46Z,2026-08-26T00:12:06Z,2026-08-26T00:17:46Z,0.55
candidate-a94a74a559d49878,2021 calls for proposals,Candidate observed on an official source page; detail verification pending.,European Commission / CINEA,opportunity_candidate,"[""climate"", ""nature"", ""biodiversity"", ""energy"", ""circular_economy""]",[],[],{},,UNKNOWN,https://cinea.ec.europa.eu/programmes/life/2021-calls-proposals_en,cinea-life,,2026-08-26T00:17:46Z,2026-08-26T00:12:06Z,2026-08-26T00:17:46Z,0.55
candidate-bcc8ad446c223790,2022 calls for proposals,Candidate observed on an official source page; detail verification pending.,European Commission / CINEA,opportunity_candidate,"[""climate"", ""nature"", ""biodiversity"", ""energy"", ""circular_economy""]",[],[],{},,UNKNOWN,https://cinea.ec.europa.eu/programmes/life/2022-calls-proposals_en,cinea-life,,2026-08-26T00:17:46Z,2026-08-26T00:12:06Z,2026-08-26T00:17:46Z,0.55
candidate-25c493c3cac7782d,2023 calls for proposals,Candidate observed on an official source page; detail verification pending.,European Commission / CINEA,opportunity_candidate,"[""climate"", ""nature"", ""biodiversity"", ""energy"", ""circular_economy""]",[],[],{},,UNKNOWN,https://cinea.ec.europa.eu/programmes/life/life-calls-proposals-2023_en,cinea-life,,2026-08-26T00:17:46Z,2026-08-26T00:12:06Z,2026-08-26T00:17:46Z,0.55
candidate-d788b0b970b26a04,BETTERRENO: Energy renovation solutions – Boosting building renovation through effective markets and instruments,Candidate observed on an official source page; detail verification pending.,European Commission / CINEA,opportunity_candidate,"[""climate"", ""nature"", ""biodiversity"", ""energy"", ""circular_economy""]",[],[],{},,UNKNOWN,https://can01.safelinks.protection.outlook.com/?url=https%3A%2F%2Fcinea.ec.europa.eu%2Ffunding-opportunities%2Fcalls-proposals%2Fenergy-renovation-solutions-boosting-building-renovation-through-effective-markets-and-instruments_en&data=05%7C02%7CMaria.Ramirez%40stantec.com%7C7937e05a74a54cf3d32a08de9fb26f1d%7C413c6f2c219a469297d3f2b4d80281e7%7C0%7C0%7C639123785905651007%7CUnknown%7CTWFpbGZsb3d8eyJFbXB0eU1hcGkiOnRydWUsIlYiOiIwLjAuMDAwMCIsIlAiOiJXaW4zMiIsIkFOIjoiTWFpbCIsIldUIjoyfQ%3D%3D%7C0%7C%7C%7C&sdata=dk6z2raS1IIpjk8wDT2TDbmUyrb48X66OD%2BL65u9I0s%3D&reserved=0,cinea-life,,2026-08-26T00:17:46Z,2026-08-26T00:12:06Z,2026-08-26T00:17:46Z,0.55
candidate-92c07a3b0d24bcc0,BUILD UP Skills: National Platforms on energy efficiency skills for the clean energy transition,Candidate observed on an official source page; detail verification pending.,European Commission / CINEA,opportunity_candidate,"[""climate"", ""nature"", ""biodiversity"", ""energy"", ""circular_economy""]",[],[],{},,UNKNOWN,https://can01.safelinks.protection.outlook.com/?url=https%3A%2F%2Fcinea.ec.europa.eu%2Ffunding-opportunities%2Fcalls-proposals%2Fbuild-skills-national-platforms-energy-efficiency-skills-clean-energy-transition_en&data=05%7C02%7CMaria.Ramirez%40stantec.com%7C7937e05a74a54cf3d32a08de9fb26f1d%7C413c6f2c219a469297d3f2b4d80281e7%7C0%7C0%7C639123785905709646%7CUnknown%7CTWFpbGZsb3d8eyJFbXB0eU1hcGkiOnRydWUsIlYiOiIwLjAuMDAwMCIsIlAiOiJXaW4zMiIsIkFOIjoiTWFpbCIsIldUIjoyfQ%3D%3D%7C0%7C%7C%7C&sdata=Hsp9FesXMmSRu8T%2FFJ%2FlsmXqKeZ4Nt8U1aoKfA4iwNY%3D&reserved=0,cinea-life,,2026-08-26T00:17:46Z,2026-08-26T00:12:06Z,2026-08-26T00:17:46Z,0.55
candidate-3afd9a2b34160b84,DIGITAL: Supporting digitalisation of Distribution System Operators for a smart energy transition,Candidate observed on an official source page; detail verification pending.,European Commission / CINEA,opportunity_candidate,"[""climate"", ""nature"", ""biodiversity"", ""energy"", ""circular_economy""]",[],[],{},,UNKNOWN,https://can01.safelinks.protection.outlook.com/?url=https%3A%2F%2Fcinea.ec.europa.eu%2Ffunding-opportunities%2Fcalls-proposals%2Fsupporting-digitalisation-distribution-system-operators-smart-energy-transition_en&data=05%7C02%7CMaria.Ramirez%40stantec.com%7C7937e05a74a54cf3d32a08de9fb26f1d%7C413c6f2c219a469297d3f2b4d80281e7%7C0%7C0%7C639123785905737418%7CUnknown%7CTWFpbGZsb3d8eyJFbXB0eU1hcGkiOnRydWUsIlYiOiIwLjAuMDAwMCIsIlAiOiJXaW4zMiIsIkFOIjoiTWFpbCIsIldUIjoyfQ%3D%3D%7C0%7C%7C%7C&sdata=OJh3yKbTVr2%2BR5aV%2FNmc9BqvtCgov1WjcYaMD6%2FEDk4%3D&reserved=0,cinea-life,,2026-08-26T00:17:46Z,2026-08-26T00:12:06Z,2026-08-26T00:17:46Z,0.55
candidate-b1137b7f9ff7d895,EMPOWER: Scaling up smart and clean energy solutions for affordability in EU cities,Candidate observed on an official source page; detail verification pending.,European Commission / CINEA,opportunity_candidate,"[""climate"", ""nature"", ""biodiversity"", ""energy"", ""circular_economy""]",[],[],{},,UNKNOWN,https://can01.safelinks.protection.outlook.com/?url=https%3A%2F%2Fcinea.ec.europa.eu%2Ffunding-opportunities%2Fcalls-proposals%2Fscaling-smart-and-clean-energy-solutions-affordability-eu-cities_en&data=05%7C02%7CMaria.Ramirez%40stantec.com%7C7937e05a74a54cf3d32a08de9fb26f1d%7C413c6f2c219a469297d3f2b4d80281e7%7C0%7C0%7C639123785905884457%7CUnknown%7CTWFpbGZsb3d8eyJFbXB0eU1hcGkiOnRydWUsIlYiOiIwLjAuMDAwMCIsIlAiOiJXaW4zMiIsIkFOIjoiTWFpbCIsIldUIjoyfQ%3D%3D%7C0%7C%7C%7C&sdata=fHIO7cujQLKLElFcTha4l9vw2QWoa6RaRoqEi5b8rs0%3D&reserved=0,cinea-life,,2026-08-26T00:17:46Z,2026-08-26T00:12:06Z,2026-08-26T00:17:46Z,0.55
candidate-433d218a4a252eb3,ENERCOM: Facilitating cooperation among energy communities,Candidate observed on an official source page; detail verification pending.,European Commission / CINEA,opportunity_candidate,"[""climate"", ""nature"", ""biodiversity"", ""energy"", ""circular_economy""]",[],[],{},,UNKNOWN,https://can01.safelinks.protection.outlook.com/?url=https%3A%2F%2Fcinea.ec.europa.eu%2Ffunding-opportunities%2Fcalls-proposals%2Ffacilitating-cooperation-among-energy-communities_en&data=05%7C02%7CMaria.Ramirez%40stantec.com%7C7937e05a74a54cf3d32a08de9fb26f1d%7C413c6f2c219a469297d3f2b4d80281e7%7C0%7C0%7C639123785905863751%7CUnknown%7CTWFpbGZsb3d8eyJFbXB0eU1hcGkiOnRydWUsIlYiOiIwLjAuMDAwMCIsIlAiOiJXaW4zMiIsIkFOIjoiTWFpbCIsIldUIjoyfQ%3D%3D%7C0%7C%7C%7C&sdata=SiZcPmNitizaeB2s%2BXWtpC3KTCdoNs2q1I%2Fu5BKhk3M%3D&reserved=0,cinea-life,,2026-08-26T00:17:46Z,2026-08-26T00:12:06Z,2026-08-26T00:17:46Z,0.55
candidate-33415a1fb6a559a6,ENERPOV: Alleviating household energy poverty in Europe,Candidate observed on an official source page; detail verification pending.,European Commission / CINEA,opportunity_candidate,"[""climate"", ""nature"", ""biodiversity"", ""energy"", ""circular_economy""]",[],[],{},,UNKNOWN,https://can01.safelinks.protection.outlook.com/?url=https%3A%2F%2Fcinea.ec.europa.eu%2Ffunding-opportunities%2Fcalls-proposals%2Falleviating-household-energy-poverty-europe-1_en&data=05%7C02%7CMaria.Ramirez%40stantec.com%7C7937e05a74a54cf3d32a08de9fb26f1d%7C413c6f2c219a469297d3f2b4d80281e7%7C0%7C0%7C639123785905836175%7CUnknown%7CTWFpbGZsb3d8eyJFbXB0eU1hcGkiOnRydWUsIlYiOiIwLjAuMDAwMCIsIlAiOiJXaW4zMiIsIkFOIjoiTWFpbCIsIldUIjoyfQ%3D%3D%7C0%7C%7C%7C&sdata=O%2FKMgwJn3%2FxRuk1nFQbG%2BlmHAjm7gYet7NIdXojqN38%3D&reserved=0,cinea-life,,2026-08-26T00:17:46Z,2026-08-26T00:12:06Z,2026-08-26T00:17:46Z,0.55
candidate-55d56d0ce120ba69,Ecodesign and energy labelling compliance support facility for suppliers and retailers,Candidate observed on an official source page; detail verification pending.,European Commission / CINEA,opportunity_candidate,"[""climate"", ""nature"", ""biodiversity"", ""energy"", ""circular_economy""]",[],[],{},,UNKNOWN,https://can01.safelinks.protection.outlook.com/?url=https%3A%2F%2Fcinea.ec.europa.eu%2Ffunding-opportunities%2Fcalls-proposals%2Fecodesign-and-energy-labelling-compliance-support-facility-suppliers-and-retailers_en&data=05%7C02%7CMaria.Ramirez%40stantec.com%7C7937e05a74a54cf3d32a08de9fb26f1d%7C413c6f2c219a469297d3f2b4d80281e7%7C0%7C0%7C639123785905421641%7CUnknown%7CTWFpbGZsb3d8eyJFbXB0eU1hcGkiOnRydWUsIlYiOiIwLjAuMDAwMCIsIlAiOiJXaW4zMiIsIkFOIjoiTWFpbCIsIldUIjoyfQ%3D%3D%7C0%7C%7C%7C&sdata=ldDXcMw3ZaDr0kdCecTY16tFXZ8b2GESH63aFSraJv8%3D&reserved=0,cinea-life,,2026-08-26T00:17:46Z,2026-08-26T00:12:06Z,2026-08-26T00:17:46Z,0.55
candidate-af21e9a81c5fdf61,Funding & Tenders Portal,Candidate observed on an official source page; detail verification pending.,European Commission / CINEA,opportunity_candidate,"[""climate"", ""nature"", ""biodiversity"", ""energy"", ""circular_economy""]",[],[],{},,UNKNOWN,https://can01.safelinks.protection.outlook.com/?url=https%3A%2F%2Fec.europa.eu%2Finfo%2Ffunding-tenders%2Fopportunities%2Fportal%2Fscreen%2Fopportunities%2Fcalls-for-proposals%3Fstatus%3D31094503%2C31094501%2C31094502%26frameworkProgramme%3D43252405%26order%3DDESC%26pageNumber%3D1%26pageSize%3D50%26sortBy%3DstartDate&data=05%7C02%7CMaria.Ramirez%40stantec.com%7C739f3bc8e90b4310891808deb00c4312%7C413c6f2c219a469297d3f2b4d80281e7%7C0%7C0%7C639141763902088964%7CUnknown%7CTWFpbGZsb3d8eyJFbXB0eU1hcGkiOnRydWUsIlYiOiIwLjAuMDAwMCIsIlAiOiJXaW4zMiIsIkFOIjoiTWFpbCIsIldUIjoyfQ%3D%3D%7C0%7C%7C%7C&sdata=IpRvc%2FTAF%2Fb05yVkj05u%2BgEg2L9eVM6Hggh46NWb3i8%3D&reserved=0,cinea-life,,2026-08-26T00:17:46Z,2026-08-26T00:12:06Z,2026-08-26T00:17:46Z,0.55
candidate-f02d625a6de51ca4,INDUSTRY: Supporting the clean energy transition of European industry and businesses,Candidate observed on an official source page; detail verification pending.,European Commission / CINEA,opportunity_candidate,"[""climate"", ""nature"", ""biodiversity"", ""energy"", ""circular_economy""]",[],[],{},,UNKNOWN,https://can01.safelinks.protection.outlook.com/?url=https%3A%2F%2Fcinea.ec.europa.eu%2Ffunding-opportunities%2Fcalls-proposals%2Fsupporting-clean-energy-transition-european-industry-and-businesses-0_en&data=05%7C02%7CMaria.Ramirez%40stantec.com%7C7937e05a74a54cf3d32a08de9fb26f1d%7C413c6f2c219a469297d3f2b4d80281e7%7C0%7C0%7C639123785905680820%7CUnknown%7CTWFpbGZsb3d8eyJFbXB0eU1hcGkiOnRydWUsIlYiOiIwLjAuMDAwMCIsIlAiOiJXaW4zMiIsIkFOIjoiTWFpbCIsIldUIjoyfQ%3D%3D%7C0%7C%7C%7C&sdata=w5JekUDl18guOL1PGRFLb9ckrEgTVDQp5yu71R7m0FQ%3D&reserved=0,cinea-life,,2026-08-26T00:17:46Z,2026-08-26T00:12:06Z,2026-08-26T00:17:46Z,0.55
candidate-5ce3b67f1f2791d4,LIFE Calls for proposals 2024,Candidate observed on an official source page; detail verification pending.,European Commission / CINEA,opportunity_candidate,"[""climate"", ""nature"", ""biodiversity"", ""energy"", ""circular_economy""]",[],[],{},,UNKNOWN,https://cinea.ec.europa.eu/programmes/life/life-calls-proposals-2024_en,cinea-life,,2026-08-26T00:17:46Z,2026-08-26T00:12:06Z,2026-08-26T00:17:46Z,0.55
candidate-846f953b8c4b4eab,NGO Call for proposals on European Green Deal,Candidate observed on an official source page; detail verification pending.,European Commission / CINEA,opportunity_candidate,"[""climate"", ""nature"", ""biodiversity"", ""energy"", ""circular_economy""]",[],[],{},,UNKNOWN,https://cinea.ec.europa.eu/programmes/life/life-calls-proposals/life-2020-call-proposals-ngos-european-green-deal-ngo4gd_en,cinea-life,,2026-08-26T00:17:46Z,2026-08-26T00:12:06Z,2026-08-26T00:17:46Z,0.55
candidate-058dd2878f6d3ba5,One-Stop-Shops: Integrated services for clean energy transition in private buildings,Candidate observed on an official source page; detail verification pending.,European Commission / CINEA,opportunity_candidate,"[""climate"", ""nature"", ""biodiversity"", ""energy"", ""circular_economy""]",[],[],{},,UNKNOWN,https://can01.safelinks.protection.outlook.com/?url=https%3A%2F%2Fcinea.ec.europa.eu%2Ffunding-opportunities%2Fcalls-proposals%2Fone-stop-shops-integrated-services-clean-energy-transition-private-buildings_en&data=05%7C02%7CMaria.Ramirez%40stantec.com%7C7937e05a74a54cf3d32a08de9fb26f1d%7C413c6f2c219a469297d3f2b4d80281e7%7C0%7C0%7C639123785905782036%7CUnknown%7CTWFpbGZsb3d8eyJFbXB0eU1hcGkiOnRydWUsIlYiOiIwLjAuMDAwMCIsIlAiOiJXaW4zMiIsIkFOIjoiTWFpbCIsIldUIjoyfQ%3D%3D%7C0%7C%7C%7C&sdata=OtZRHB2imDNuvv5j9FKmhj4q8wJxfBo%2BFmhkgaA51Gk%3D&reserved=0,cinea-life,,2026-08-26T00:17:46Z,2026-08-26T00:12:06Z,2026-08-26T00:17:46Z,0.55
candidate-693a719fec988ff1,POLICY: Towards an effective implementation of key legislation in the field of sustainable energy,Candidate observed on an official source page; detail verification pending.,European Commission / CINEA,opportunity_candidate,"[""climate"", ""nature"", ""biodiversity"", ""energy"", ""circular_economy""]",[],[],{},,UNKNOWN,https://can01.safelinks.protection.outlook.com/?url=https%3A%2F%2Fcinea.ec.europa.eu%2Ffunding-opportunities%2Fcalls-proposals%2Ftowards-effective-implementation-key-legislation-field-sustainable-energy-1_en&data=05%7C02%7CMaria.Ramirez%40stantec.com%7C7937e05a74a54cf3d32a08de9fb26f1d%7C413c6f2c219a469297d3f2b4d80281e7%7C0%7C0%7C639123785905603231%7CUnknown%7CTWFpbGZsb3d8eyJFbXB0eU1hcGkiOnRydWUsIlYiOiIwLjAuMDAwMCIsIlAiOiJXaW4zMiIsIkFOIjoiTWFpbCIsIldUIjoyfQ%3D%3D%7C0%7C%7C%7C&sdata=1ZrS0BdqT74QquQQ7DjsB28WSdfZKj5sbcfAYfsxgho%3D&reserved=0,cinea-life,,2026-08-26T00:17:46Z,2026-08-26T00:12:06Z,2026-08-26T00:17:46Z,0.55
candidate-2653791e052097c9,Specific Operating Grant Agreements (SGA OG) to Non-Governmental Organisations,Candidate observed on an official source page; detail verification pending.,European Commission / CINEA,opportunity_candidate,"[""climate"", ""nature"", ""biodiversity"", ""energy"", ""circular_economy""]",[],[],{},,UNKNOWN,https://cinea.ec.europa.eu/funding-opportunities/calls-proposals/specific-operating-grant-agreements-sga-og-non-governmental-organisations_en,cinea-life,,2026-08-26T00:17:46Z,2026-08-26T00:12:06Z,2026-08-26T00:17:46Z,0.55
candidate-dfae0b3ac4f090f9,Standard Action Projects (SAPs) for Circular Economy and Zero Pollution - Environment,Candidate observed on an official source page; detail verification pending.,European Commission / CINEA,opportunity_candidate,"[""climate"", ""nature"", ""biodiversity"", ""energy"", ""circular_economy""]",[],[],{},,UNKNOWN,https://cinea.ec.europa.eu/funding-opportunities/calls-proposals/standard-action-projects-saps-circular-economy-and-zero-pollution-environment-0_en,cinea-life,,2026-08-26T00:17:46Z,2026-08-26T00:12:06Z,2026-08-26T00:17:46Z,0.55
candidate-3f8fef7e69bf05b1,Standard Action Projects (SAPs) for Environmental Governance,Candidate observed on an official source page; detail verification pending.,European Commission / CINEA,opportunity_candidate,"[""climate"", ""nature"", ""biodiversity"", ""energy"", ""circular_economy""]",[],[],{},,UNKNOWN,https://can01.safelinks.protection.outlook.com/?url=https%3A%2F%2Fcinea.ec.europa.eu%2Ffunding-opportunities%2Fcalls-proposals%2Fstandard-action-projects-saps-environmental-governance-0_en&data=05%7C02%7CMaria.Ramirez%40stantec.com%7C7937e05a74a54cf3d32a08de9fb26f1d%7C413c6f2c219a469297d3f2b4d80281e7%7C0%7C0%7C639123785905276815%7CUnknown%7CTWFpbGZsb3d8eyJFbXB0eU1hcGkiOnRydWUsIlYiOiIwLjAuMDAwMCIsIlAiOiJXaW4zMiIsIkFOIjoiTWFpbCIsIldUIjoyfQ%3D%3D%7C0%7C%7C%7C&sdata=cUiEvpdqlG0sqamPZl0HsiTOLExX6ugOwg8gie0gDKQ%3D&reserved=0,cinea-life,,2026-08-26T00:17:46Z,2026-08-26T00:12:06Z,2026-08-26T00:17:46Z,0.55
candidate-912a5de23952ebf0,Calls for proposals,Candidate observed on an official source page; detail verification pending.,European Commission / CINEA,opportunity_candidate,"[""climate"", ""nature"", ""biodiversity"", ""energy"", ""circular_economy""]",[],[],{},,UNKNOWN,https://cinea.ec.europa.eu/funding-opportunities/calls-proposals_en,cinea-life,,2026-08-26T00:17:46Z,2026-08-26T00:12:06Z,2026-08-26T00:17:46Z,0.55
candidate-355f59266f505bd6,Framework Partnership Agreements (FPA OG),Candidate observed on an official source page; detail verification pending.,European Commission / CINEA,opportunity_candidate,"[""climate"", ""nature"", ""biodiversity"", ""energy"", ""circular_economy""]",[],[],{},,UNKNOWN,https://cinea.ec.europa.eu/funding-opportunities/calls-proposals/framework-partnership-agreements-fpa-og-0_en,cinea-life,,2026-08-26T00:17:46Z,2026-08-26T00:12:06Z,2026-08-26T00:17:46Z,0.55
candidate-1c82f889971239df,"HEATCOOLPLAN: Supporting the delivery of actionable, integrated, and comprehensive local heating and cooling plans",Candidate observed on an official source page; detail verification pending.,European Commission / CINEA,opportunity_candidate,"[""climate"", ""nature"", ""biodiversity"", ""energy"", ""circular_economy""]",[],[],{},,UNKNOWN,https://can01.safelinks.protection.outlook.com/?url=https%3A%2F%2Fcinea.ec.europa.eu%2Ffunding-opportunities%2Fcalls-proposals%2Fsupporting-delivery-actionable-integrated-and-comprehensive-local-heating-and-cooling-plans_en&data=05%7C02%7CMaria.Ramirez%40stantec.com%7C7937e05a74a54cf3d32a08de9fb26f1d%7C413c6f2c219a469297d3f2b4d80281e7%7C0%7C0%7C639123785905584363%7CUnknown%7CTWFpbGZsb3d8eyJFbXB0eU1hcGkiOnRydWUsIlYiOiIwLjAuMDAwMCIsIlAiOiJXaW4zMiIsIkFOIjoiTWFpbCIsIldUIjoyfQ%3D%3D%7C0%7C%7C%7C&sdata=4Aog88iekC21cIo5FwrryYt%2Fh5CrZZfZiOOTl%2B5xBlA%3D&reserved=0,cinea-life,,2026-08-26T00:17:46Z,2026-08-26T00:12:06Z,2026-08-26T00:17:46Z,0.55
candidate-1d84c42fb22f21a0,LIFE Calls for proposals 2025,Candidate observed on an official source page; detail verification pending.,European Commission / CINEA,opportunity_candidate,"[""climate"", ""nature"", ""biodiversity"", ""energy"", ""circular_economy""]",[],[],{},,UNKNOWN,https://cinea.ec.europa.eu/life-calls-proposals-2025_en,cinea-life,,2026-08-26T00:17:46Z,2026-08-26T00:12:06Z,2026-08-26T00:17:46Z,0.55
candidate-80750435b8b9649c,Older 2018 and 2017 calls are available on the archived LIFE website,Candidate observed on an official source page; detail verification pending.,European Commission / CINEA,opportunity_candidate,"[""climate"", ""nature"", ""biodiversity"", ""energy"", ""circular_economy""]",[],[],{},,UNKNOWN,http://ec.europa.eu/environment/archives/life/funding/life2018/index.htm,cinea-life,,2026-08-26T00:17:46Z,2026-08-26T00:12:06Z,2026-08-26T00:17:46Z,0.55
candidate-42688bfff41eeca4,PRIVAFIN: Crowding in private finance,Candidate observed on an official source page; detail verification pending.,European Commission / CINEA,opportunity_candidate,"[""climate"", ""nature"", ""biodiversity"", ""energy"", ""circular_economy""]",[],[],{},,UNKNOWN,https://can01.safelinks.protection.outlook.com/?url=https%3A%2F%2Fcinea.ec.europa.eu%2Ffunding-opportunities%2Fcalls-proposals%2Fcrowding-private-finance-1_en&data=05%7C02%7CMaria.Ramirez%40stantec.com%7C7937e05a74a54cf3d32a08de9fb26f1d%7C413c6f2c219a469297d3f2b4d80281e7%7C0%7C0%7C639123785905762180%7CUnknown%7CTWFpbGZsb3d8eyJFbXB0eU1hcGkiOnRydWUsIlYiOiIwLjAuMDAwMCIsIlAiOiJXaW4zMiIsIkFOIjoiTWFpbCIsIldUIjoyfQ%3D%3D%7C0%7C%7C%7C&sdata=OPL7Em7d8rsNIlrrnJNPUOqtuNqKDoZPnc79UrC4Pc8%3D&reserved=0,cinea-life,,2026-08-26T00:17:46Z,2026-08-26T00:12:06Z,2026-08-26T00:17:46Z,0.55
candidate-428ae89fc5ee62ef,RENEWHC: Strengthening national frameworks for renewable and efficient heating and cooling in existing buildings,Candidate observed on an official source page; detail verification pending.,European Commission / CINEA,opportunity_candidate,"[""climate"", ""nature"", ""biodiversity"", ""energy"", ""circular_economy""]",[],[],{},,UNKNOWN,https://can01.safelinks.protection.outlook.com/?url=https%3A%2F%2Fcinea.ec.europa.eu%2Ffunding-opportunities%2Fcalls-proposals%2Fstrengthening-national-frameworks-renewable-and-efficient-heating-and-cooling-existing-buildings_en&data=05%7C02%7CMaria.Ramirez%40stantec.com%7C7937e05a74a54cf3d32a08de9fb26f1d%7C413c6f2c219a469297d3f2b4d80281e7%7C0%7C0%7C639123785905622013%7CUnknown%7CTWFpbGZsb3d8eyJFbXB0eU1hcGkiOnRydWUsIlYiOiIwLjAuMDAwMCIsIlAiOiJXaW4zMiIsIkFOIjoiTWFpbCIsIldUIjoyfQ%3D%3D%7C0%7C%7C%7C&sdata=8pvZpv8tN5W3muwcZs8QvHXh2hV55UzwaHJgiv5l%2B84%3D&reserved=0,cinea-life,,2026-08-26T00:17:46Z,2026-08-26T00:12:06Z,2026-08-26T00:17:46Z,0.55
candidate-f3edc3c99686583d,Skip to main content,Candidate observed on an official source page; detail verification pending.,European Commission / CINEA,opportunity_candidate,"[""climate"", ""nature"", ""biodiversity"", ""energy"", ""circular_economy""]",[],[],{},,UNKNOWN,https://cinea.ec.europa.eu/life-calls-proposals-2026_en#main-content,cinea-life,,2026-08-26T00:17:46Z,2026-08-26T00:12:06Z,2026-08-26T00:17:46Z,0.55
candidate-4d401025d0acde26,Technical Assistance for the preparation of SIPs - Environment,Candidate observed on an official source page; detail verification pending.,European Commission / CINEA,opportunity_candidate,"[""climate"", ""nature"", ""biodiversity"", ""energy"", ""circular_economy""]",[],[],{},,UNKNOWN,https://can01.safelinks.protection.outlook.com/?url=https%3A%2F%2Fcinea.ec.europa.eu%2Ffunding-opportunities%2Fcalls-proposals%2Ftechnical-assistance-preparation-sips-environment-1_en&data=05%7C02%7CMaria.Ramirez%40stantec.com%7C7937e05a74a54cf3d32a08de9fb26f1d%7C413c6f2c219a469297d3f2b4d80281e7%7C0%7C0%7C639123785905362305%7CUnknown%7CTWFpbGZsb3d8eyJFbXB0eU1hcGkiOnRydWUsIlYiOiIwLjAuMDAwMCIsIlAiOiJXaW4zMiIsIkFOIjoiTWFpbCIsIldUIjoyfQ%3D%3D%7C0%7C%7C%7C&sdata=gh%2BEdFnD9tw2boVcAKYbnbL3Y29a0gHH3KVWm6r0yBU%3D&reserved=0,cinea-life,,2026-08-26T00:17:46Z,2026-08-26T00:12:06Z,2026-08-26T00:17:46Z,0.55
candidate-8210d8ab09abc0ff,Technical Assistance for the preparation of SNAPs,Candidate observed on an official source page; detail verification pending.,European Commission / CINEA,opportunity_candidate,"[""climate"", ""nature"", ""biodiversity"", ""energy"", ""circular_economy""]",[],[],{},,UNKNOWN,https://can01.safelinks.protection.outlook.com/?url=https%3A%2F%2Fcinea.ec.europa.eu%2Ffunding-opportunities%2Fcalls-proposals%2Ftechnical-assistance-preparation-snaps-1_en&data=05%7C02%7CMaria.Ramirez%40stantec.com%7C7937e05a74a54cf3d32a08de9fb26f1d%7C413c6f2c219a469297d3f2b4d80281e7%7C0%7C0%7C639123785905342217%7CUnknown%7CTWFpbGZsb3d8eyJFbXB0eU1hcGkiOnRydWUsIlYiOiIwLjAuMDAwMCIsIlAiOiJXaW4zMiIsIkFOIjoiTWFpbCIsIldUIjoyfQ%3D%3D%7C0%7C%7C%7C&sdata=jkkVSqUqPN7k5lFixfsDfmbI8L8Vy0r2yD7rJEdRyTU%3D&reserved=0,cinea-life,,2026-08-26T00:17:46Z,2026-08-26T00:12:06Z,2026-08-26T00:17:46Z,0.55
candidate-116d9175991835b6,bg български,Candidate observed on an official source page; detail verification pending.,European Commission / CINEA,opportunity_candidate,"[""climate"", ""nature"", ""biodiversity"", ""energy"", ""circular_economy""]",[],[],{},,UNKNOWN,https://cinea.ec.europa.eu/life-calls-proposals-2026_bg,cinea-life,,2026-08-26T00:17:46Z,2026-08-26T00:12:06Z,2026-08-26T00:17:46Z,0.55
candidate-10f5a9bec6f678d0,cs čeština,Candidate observed on an official source page; detail verification pending.,European Commission / CINEA,opportunity_candidate,"[""climate"", ""nature"", ""biodiversity"", ""energy"", ""circular_economy""]",[],[],{},,UNKNOWN,https://cinea.ec.europa.eu/life-calls-proposals-2026_cs,cinea-life,,2026-08-26T00:17:46Z,2026-08-26T00:12:06Z,2026-08-26T00:17:46Z,0.55
candidate-8f08bc4720479a96,da dansk,Candidate observed on an official source page; detail verification pending.,European Commission / CINEA,opportunity_candidate,"[""climate"", ""nature"", ""biodiversity"", ""energy"", ""circular_economy""]",[],[],{},,UNKNOWN,https://cinea.ec.europa.eu/life-calls-proposals-2026_da,cinea-life,,2026-08-26T00:17:46Z,2026-08-26T00:12:06Z,2026-08-26T00:17:46Z,0.55
candidate-b8688dc545a55297,de Deutsch,Candidate observed on an official source page; detail verification pending.,European Commission / CINEA,opportunity_candidate,"[""climate"", ""nature"", ""biodiversity"", ""energy"", ""circular_economy""]",[],[],{},,UNKNOWN,https://cinea.ec.europa.eu/life-calls-proposals-2026_de,cinea-life,,2026-08-26T00:17:46Z,2026-08-26T00:12:06Z,2026-08-26T00:17:46Z,0.55
candidate-a3a95d00acda9bc1,el ελληνικά,Candidate observed on an official source page; detail verification pending.,European Commission / CINEA,opportunity_candidate,"[""climate"", ""nature"", ""biodiversity"", ""energy"", ""circular_economy""]",[],[],{},,UNKNOWN,https://cinea.ec.europa.eu/life-calls-proposals-2026_el,cinea-life,,2026-08-26T00:17:46Z,2026-08-26T00:12:06Z,2026-08-26T00:17:46Z,0.55
candidate-730e63a6e025d759,es español,Candidate observed on an official source page; detail verification pending.,European Commission / CINEA,opportunity_candidate,"[""climate"", ""nature"", ""biodiversity"", ""energy"", ""circular_economy""]",[],[],{},,UNKNOWN,https://cinea.ec.europa.eu/life-calls-proposals-2026_es,cinea-life,,2026-08-26T00:17:46Z,2026-08-26T00:12:06Z,2026-08-26T00:17:46Z,0.55
